date,fighter_a,fighter_b,winner,method,promotion
1994-03-11,Scott Morris,Sean Daugherty,Scott Morris,SUB,
1994-03-11,Royce Gracie,Jason DeLucia,Royce Gracie,SUB,
1994-03-11,Remco Pardoel,Orlando Wiet,Remco Pardoel,KO/TKO,
1994-03-11,Johnny Rhodes,Fred Ettish,Johnny Rhodes,SUB,
1994-03-11,Patrick Smith,Ray Wizard,Patrick Smith,SUB,
1994-03-11,Royce Gracie,Patrick Smith,Royce Gracie,KO/TKO,
1994-03-11,Royce Gracie,Remco Pardoel,Royce Gracie,SUB,
1994-03-11,Patrick Smith,Johnny Rhodes,Patrick Smith,SUB,
1994-03-11,Jason DeLucia,Scott Baker,Jason DeLucia,SUB,
1994-03-11,Remco Pardoel,Alberta Cerra Leon,Remco Pardoel,SUB,
1994-03-11,Frank Hamaker,Thaddeus Luster,Frank Hamaker,SUB,
1994-03-11,Royce Gracie,Minoki Ichihara,Royce Gracie,SUB,
1994-03-11,Johnny Rhodes,David Levicki,Johnny Rhodes,KO/TKO,
1994-03-11,Patrick Smith,Scott Morris,Patrick Smith,KO/TKO,
1994-03-11,Orlando Wiet,Robert Lucarelli,Orlando Wiet,KO/TKO,
1994-09-09,Ken Shamrock,Felix Lee Mitchell,Ken Shamrock,SUB,
1994-09-09,Harold Howard,Roland Payne,Harold Howard,KO/TKO,
1994-09-09,Steve Jennum,Harold Howard,Steve Jennum,KO/TKO,
1994-09-09,Royce Gracie,Kimo Leopoldo,Royce Gracie,SUB,
1994-09-09,Ken Shamrock,Christophe Leninger,Ken Shamrock,KO/TKO,
1994-09-09,Keith Hackney,Emmanuel Yarborough,Keith Hackney,KO/TKO,
1994-12-16,Dan Severn,Anthony Macias,Dan Severn,SUB,
1994-12-16,Royce Gracie,Keith Hackney,Royce Gracie,SUB,
1994-12-16,Royce Gracie,Dan Severn,Royce Gracie,SUB,
1994-12-16,Dan Severn,Marcus Bossett,Dan Severn,SUB,
1994-12-16,Royce Gracie,Ron van Clief,Royce Gracie,SUB,
1994-12-16,Steve Jennum,Melton Bowen,Steve Jennum,SUB,
1994-12-16,Guy Mezger,Jason Fairn,Guy Mezger,KO/TKO,
1994-12-16,Keith Hackney,Joe Son,Keith Hackney,SUB,
1995-04-07,Jon Hess,Andy Anderson,Jon Hess,KO/TKO,
1995-04-07,Dave Beneteau,Todd Medina,Dave Beneteau,KO/TKO,
1995-04-07,Dave Beneteau,Asbel Cancio,Dave Beneteau,KO/TKO,
1995-04-07,Dan Severn,Oleg Taktarov,Dan Severn,KO/TKO,
1995-04-07,Dan Severn,Joe Charles,Dan Severn,SUB,
1995-04-07,Todd Medina,Larry Cureton,Todd Medina,SUB,
1995-04-07,Dan Severn,Dave Beneteau,Dan Severn,SUB,
1995-04-07,Guy Mezger,John Dowdy,Guy Mezger,KO/TKO,
1995-04-07,Oleg Taktarov,Ernie Verdicia,Oleg Taktarov,SUB,
1995-07-14,Paul Varelans,Cal Worsham,Paul Varelans,KO/TKO,
1995-07-14,Patrick Smith,Rudyard Moncayo,Patrick Smith,SUB,
1995-07-14,David Abbott,John Matua,David Abbott,KO/TKO,
1995-07-14,Oleg Taktarov,Dave Beneteau,Oleg Taktarov,SUB,
1995-07-14,Ken Shamrock,Dan Severn,Ken Shamrock,SUB,
1995-07-14,David Abbott,Paul Varelans,David Abbott,KO/TKO,
1995-07-14,Oleg Taktarov,David Abbott,Oleg Taktarov,SUB,
1995-07-14,Oleg Taktarov,Anthony Macias,Oleg Taktarov,SUB,
1995-09-08,Marco Ruas,Remco Pardoel,Marco Ruas,SUB,
1995-09-08,Marco Ruas,Paul Varelans,Marco Ruas,KO/TKO,
1995-09-08,Paul Varelans,Gerry Harris,Paul Varelans,KO/TKO,
1995-09-08,Paul Varelans,Mark Hall,Paul Varelans,SUB,
1995-09-08,Scott Bessac,David Hood,Scott Bessac,SUB,
1995-09-08,Mark Hall,Harold Howard,Mark Hall,KO/TKO,
1995-09-08,Remco Pardoel,Ryan Parker,Remco Pardoel,SUB,
1995-09-08,Marco Ruas,Larry Cureton,Marco Ruas,SUB,
1995-12-16,Dan Severn,Oleg Taktarov,Dan Severn,DEC,
1995-12-16,David Abbott,Steve Jennum,David Abbott,SUB,
1995-12-16,Dan Severn,David Abbott,Dan Severn,DEC,
1995-12-16,Dan Severn,Paul Varelans,Dan Severn,SUB,
1995-12-16,Oleg Taktarov,Dave Beneteau,Oleg Taktarov,SUB,
1995-12-16,Marco Ruas,Keith Hackney,Marco Ruas,SUB,
1995-12-16,Oleg Taktarov,Marco Ruas,Oleg Taktarov,DEC,
1996-02-16,Don Frye,Gary Goodridge,Don Frye,KO/TKO,
1996-02-16,Don Frye,Thomas Ramirez,Don Frye,KO/TKO,
1996-02-16,Gary Goodridge,Paul Herrera,Gary Goodridge,KO/TKO,
1996-02-16,Ken Shamrock,Kimo Leopoldo,Ken Shamrock,SUB,
1996-02-16,Jerry Bohlander,Scott Ferrozzo,Jerry Bohlander,SUB,
1996-02-16,Don Frye,Sam Adkins,Don Frye,KO/TKO,
1996-02-16,Paul Varelans,Joe Moreira,Paul Varelans,DEC,
1996-02-16,Gary Goodridge,Jerry Bohlander,Gary Goodridge,KO/TKO,
1996-05-17,Steve Nelmark,Tai Bowden,Steve Nelmark,KO/TKO,
1996-05-17,Rafael Carino,Matt Andersen,Rafael Carino,KO/TKO,
1996-05-17,Mark Hall,Koji Kitao,Mark Hall,KO/TKO,
1996-05-17,Cal Worsham,Zane Frazier,Cal Worsham,KO/TKO,
1996-05-17,Dan Severn,Ken Shamrock,Dan Severn,DEC,
1996-05-17,Don Frye,Amaury Bitetti,Don Frye,KO/TKO,
1996-05-17,Mark Schultz,Gary Goodridge,Mark Schultz,KO/TKO,
1996-07-12,Mark Coleman,Gary Goodridge,Mark Coleman,SUB,
1996-07-12,Don Frye,Brian Johnston,Don Frye,KO/TKO,
1996-07-12,Gary Goodridge,John Campetella,Gary Goodridge,KO/TKO,
1996-07-12,Brian Johnston,Scott Fiedler,Brian Johnston,KO/TKO,
1996-07-12,Mark Coleman,Moti Horenstein,Mark Coleman,KO/TKO,
1996-07-12,Geza Kalman,Dieusel Berto,Geza Kalman,KO/TKO,
1996-07-12,Don Frye,Mark Hall,Don Frye,KO/TKO,
1996-07-12,Mark Coleman,Don Frye,Mark Coleman,KO/TKO,
1996-09-20,Mark Coleman,Julian Sanchez,Mark Coleman,SUB,
1996-09-20,Brian Johnston,Reza Nasri,Brian Johnston,KO/TKO,
1996-09-20,David Abbott,Sam Adkins,David Abbott,SUB,
1996-09-20,Mark Coleman,Brian Johnston,Mark Coleman,KO/TKO,
1996-09-20,Scott Ferrozzo,David Abbott,Scott Ferrozzo,DEC,
1996-09-20,Jerry Bohlander,Fabio Gurgel,Jerry Bohlander,DEC,
1996-12-07,David Abbott,Steve Nelmark,David Abbott,KO/TKO,
1996-12-07,Don Frye,Gary Goodridge,Don Frye,SUB,
1996-12-07,Kimo Leopoldo,Paul Varelans,Kimo Leopoldo,KO/TKO,
1996-12-07,Don Frye,Mark Hall,Don Frye,SUB,
1996-12-07,David Abbott,Cal Worsham,David Abbott,KO/TKO,
1996-12-07,Don Frye,David Abbott,Don Frye,SUB,
1996-12-07,Ken Shamrock,Brian Johnston,Ken Shamrock,SUB,
1997-02-07,Mark Coleman,Dan Severn,Mark Coleman,SUB,
1997-02-07,Yoshiki Takahashi,Wallid Ismail,Yoshiki Takahashi,DEC,
1997-02-07,Vitor Belfort,Scott Ferrozzo,Vitor Belfort,KO/TKO,
1997-02-07,Jerry Bohlander,Rainy Martinez,Jerry Bohlander,SUB,
1997-02-07,Jerry Bohlander,Nick Sanzo,Jerry Bohlander,SUB,
1997-02-07,Scott Ferrozzo,Jim Mullen,Scott Ferrozzo,KO/TKO,
1997-02-07,Vitor Belfort,Tra Telligman,Vitor Belfort,KO/TKO,
1997-05-30,Enson Inoue,Royce Alger,Enson Inoue,SUB,
1997-05-30,Vitor Belfort,David Abbott,Vitor Belfort,KO/TKO,
1997-05-30,Randy Couture,Tony Halme,Randy Couture,SUB,
1997-05-30,Steven Graham,Dmitri Stepanov,Steven Graham,SUB,
1997-05-30,Guy Mezger,Tito Ortiz,Guy Mezger,SUB,
1997-05-30,Tito Ortiz,Wes Albritton,Tito Ortiz,KO/TKO,
1997-05-30,Randy Couture,Steven Graham,Randy Couture,KO/TKO,
1997-05-30,Guy Mezger,Christophe Leninger,Guy Mezger,DEC,
1997-05-30,Jack Nilson,Saeed Hosseini,Jack Nilson,KO/TKO,
1997-07-27,Tony Fryklund,Donnie Chappell,Tony Fryklund,SUB,
1997-07-27,Mark Kerr,Moti Horenstein,Mark Kerr,KO/TKO,
1997-07-27,Joe Moreira,Yuri Vaulin,Joe Moreira,DEC,
1997-07-27,Kevin Jackson,Todd Butler,Kevin Jackson,KO/TKO,
1997-07-27,Alex Hunter,Sam Fulton,Alex Hunter,SUB,
1997-07-27,Maurice Smith,Mark Coleman,Maurice Smith,DEC,
1997-07-27,Kevin Jackson,Tony Fryklund,Kevin Jackson,SUB,
1997-07-27,Mark Kerr,Dan Bobish,Mark Kerr,SUB,
1997-07-27,Dan Bobish,Brian Johnston,Dan Bobish,SUB,
1997-10-17,Randy Couture,Vitor Belfort,Randy Couture,KO/TKO,
1997-10-17,Mark Kerr,Greg Stott,Mark Kerr,KO/TKO,
1997-10-17,Alex Hunter,Harry Moskowitz,Alex Hunter,DEC,
1997-10-17,Maurice Smith,David Abbott,Maurice Smith,SUB,
1997-10-17,Dwayne Cason,Houston Dorr,Dwayne Cason,KO/TKO,
1997-10-17,Mark Kerr,Dwayne Cason,Mark Kerr,SUB,
1997-10-17,Dave Beneteau,Carlos Barreto,Dave Beneteau,DEC,
1997-12-21,Randy Couture,Maurice Smith,Randy Couture,DEC,
1997-12-21,Kazushi Sakuraba,Marcus Silveira,Kazushi Sakuraba,SUB,
1997-12-21,Vitor Belfort,Joe Charles,Vitor Belfort,SUB,
1997-12-21,Tra Telligman,Brad Kohler,Tra Telligman,SUB,
1997-12-21,Frank Shamrock,Kevin Jackson,Frank Shamrock,SUB,
1997-12-21,David Abbott,Yoji Anjo,David Abbott,DEC,
1998-03-13,Pat Miletich,Chris Brennan,Pat Miletich,SUB,
1998-03-13,Frank Shamrock,Igor Zinoviev,Frank Shamrock,KO/TKO,
1998-03-13,Tsuyoshi Kohsaka,Kimo Leopoldo,Tsuyoshi Kohsaka,DEC,
1998-03-13,Pat Miletich,Townsend Saunders,Pat Miletich,DEC,
1998-03-13,Mikey Burnett,Eugenio Tadeu,Mikey Burnett,KO/TKO,
1998-03-13,Jerry Bohlander,Kevin Jackson,Jerry Bohlander,SUB,
1998-05-15,Chuck Liddell,Noe Hernandez,Chuck Liddell,DEC,
1998-05-15,Dan Henderson,Carlos Newton,Dan Henderson,DEC,
1998-05-15,Carlos Newton,Bob Gilstrap,Carlos Newton,SUB,
1998-05-15,Frank Shamrock,Jeremy Horn,Frank Shamrock,SUB,
1998-05-15,Dan Henderson,Allan Goes,Dan Henderson,DEC,
1998-05-15,Mike van Arsdale,Joe Pardo,Mike van Arsdale,SUB,
1998-05-15,Pete Williams,Mark Coleman,Pete Williams,KO/TKO,
1998-05-15,David Abbott,Hugo Duarte,David Abbott,KO/TKO,
1998-10-16,Tsuyoshi Kohsaka,Pete Williams,Tsuyoshi Kohsaka,DEC,
1998-10-16,Vitor Belfort,Wanderlei Silva,Vitor Belfort,KO/TKO,
1998-10-16,Tulio Palhares,Adriano Santos,Tulio Palhares,KO/TKO,
1998-10-16,Frank Shamrock,John Lober,Frank Shamrock,SUB,
1998-10-16,Ebenezer Fontes Braga,Jeremy Horn,Ebenezer Fontes Braga,SUB,
1998-10-16,Pedro Rizzo,David Abbott,Pedro Rizzo,KO/TKO,
1998-10-16,Pat Miletich,Mikey Burnett,Pat Miletich,DEC,
1999-01-08,Pat Miletich,Jorge Patino,Pat Miletich,DEC,
1999-01-08,Evan Tanner,Darrel Gholar,Evan Tanner,SUB,
1999-01-08,Bas Rutten,Tsuyoshi Kohsaka,Bas Rutten,KO/TKO,
1999-01-08,Mikey Burnett,Townsend Saunders,Mikey Burnett,DEC,
1999-01-08,Laverne Clark,Frank Caracci,Laverne Clark,KO/TKO,
1999-01-08,Tito Ortiz,Jerry Bohlander,Tito Ortiz,KO/TKO,
1999-01-08,Pedro Rizzo,Mark Coleman,Pedro Rizzo,DEC,
1999-03-05,Gary Goodridge,Andre Roberts,Gary Goodridge,KO/TKO,
1999-03-05,Pete Williams,Jason Godsey,Pete Williams,SUB,
1999-03-05,Jeremy Horn,Chuck Liddell,Jeremy Horn,SUB,
1999-03-05,Tito Ortiz,Guy Mezger,Tito Ortiz,KO/TKO,
1999-03-05,Sione Latu,Joey Roberts,Sione Latu,KO/TKO,
1999-03-05,Evan Tanner,Valeri Ignatov,Evan Tanner,KO/TKO,
1999-03-05,Kevin Randleman,Maurice Smith,Kevin Randleman,DEC,
1999-05-07,Laverne Clark,Fabiano Iha,Laverne Clark,KO/TKO,
1999-05-07,Pete Williams,Travis Fulton,Pete Williams,SUB,
1999-05-07,Bas Rutten,Kevin Randleman,Bas Rutten,DEC,
1999-05-07,Wanderlei Silva,Tony Petarra,Wanderlei Silva,KO/TKO,
1999-05-07,Pedro Rizzo,Tra Telligman,Pedro Rizzo,KO/TKO,
1999-05-07,Ron Waterman,Chris Condo,Ron Waterman,KO/TKO,
1999-05-07,Marcelo Mello,David Roberts,Marcelo Mello,KO/TKO,
1999-07-16,Eugene Jackson,Royce Alger,Eugene Jackson,KO/TKO,
1999-07-16,Tsuyoshi Kohsaka,Tim Lajcik,Tsuyoshi Kohsaka,KO/TKO,
1999-07-16,Andre Roberts,Ron Waterman,Andre Roberts,KO/TKO,
1999-07-16,Travis Fulton,David Dodd,Travis Fulton,DEC,
1999-07-16,Paul Jones,Flavio Luiz Moura,Paul Jones,SUB,
1999-07-16,Maurice Smith,Marco Ruas,Maurice Smith,KO/TKO,
1999-07-16,Jeremy Horn,Daiju Takase,Jeremy Horn,KO/TKO,
1999-07-16,Pat Miletich,Andre Pederneiras,Pat Miletich,KO/TKO,
1999-09-24,John Lewis,Lowell Anderson,John Lewis,KO/TKO,
1999-09-24,Matt Hughes,Valeri Ignatov,Matt Hughes,DEC,
1999-09-24,Chuck Liddell,Paul Jones,Chuck Liddell,KO/TKO,
1999-09-24,Jeremy Horn,Jason Godsey,Jeremy Horn,SUB,
1999-09-24,Frank Shamrock,Tito Ortiz,Frank Shamrock,KO/TKO,
1999-09-24,Brad Kohler,Steve Judson,Brad Kohler,KO/TKO,
1999-11-19,Kenichi Yamamoto,Katsuhisa Fujii,Kenichi Yamamoto,SUB,
1999-11-19,Kenichi Yamamoto,Daiju Takase,Kenichi Yamamoto,DEC,
1999-11-19,Pedro Rizzo,Tsuyoshi Kohsaka,Pedro Rizzo,KO/TKO,
1999-11-19,Kevin Randleman,Pete Williams,Kevin Randleman,DEC,
1999-11-19,Eugene Jackson,Keiichiro Yamamiya,Eugene Jackson,KO/TKO,
1999-11-19,Katsuhisa Fujii,Masutatsu Yano,Katsuhisa Fujii,KO/TKO,
1999-11-19,Joe Slick,Jason DeLucia,Joe Slick,KO/TKO,
2000-03-10,Scott Adams,Ian Freeman,Scott Adams,SUB,
2000-03-10,Bob Cook,Tiki Ghosn,Bob Cook,SUB,
2000-03-10,Lance Gibson,Jermaine Andre,Lance Gibson,KO/TKO,
2000-03-10,Dave Menne,Fabiano Iha,Dave Menne,DEC,
2000-03-10,Shonie Carter,Brad Gumm,Shonie Carter,DEC,
2000-03-10,Jens Pulver,David Velasquez,Jens Pulver,KO/TKO,
2000-03-10,Tedd Williams,Steve Judson,Tedd Williams,KO/TKO,
2000-04-14,Tito Ortiz,Wanderlei Silva,Tito Ortiz,DEC,
2000-04-14,Sanae Kikuta,Eugene Jackson,Sanae Kikuta,SUB,
2000-04-14,Murilo Bustamante,Yoji Anjo,Murilo Bustamante,SUB,
2000-04-14,Ikuhisa Minowa,Joe Slick,Ikuhisa Minowa,KO/TKO,
2000-04-14,Laverne Clark,Koji Oishi,Laverne Clark,DEC,
2000-04-14,Ron Waterman,Satoshi Honma,Ron Waterman,DEC,
2000-06-09,Pat Miletich,John Alessio,Pat Miletich,SUB,
2000-06-09,Ian Freeman,Nate Schroeder,Ian Freeman,KO/TKO,
2000-06-09,Jens Pulver,Joao Roque,Jens Pulver,DEC,
2000-06-09,Matt Hughes,Marcelo Aguiar,Matt Hughes,KO/TKO,
2000-06-09,Amaury Bitetti,Alex Andrade,Amaury Bitetti,DQ,
2000-06-09,Kevin Randleman,Pedro Rizzo,Kevin Randleman,DEC,
2000-06-09,Shonie Carter,Adrian Serrano,Shonie Carter,DEC,
2000-06-09,Tyrone Roberts,David Dodd,Tyrone Roberts,DEC,
2000-09-22,Jeff Monson,Tim Lajcik,Jeff Monson,DEC,
2000-09-22,Pedro Rizzo,Dan Severn,Pedro Rizzo,KO/TKO,
2000-09-22,Ian Freeman,Tedd Williams,Ian Freeman,DEC,
2000-09-22,Maurice Smith,Bobby Hoffman,Maurice Smith,DEC,
2000-09-22,Yuki Kondo,Alexandre Dantas,Yuki Kondo,KO/TKO,
2000-09-22,Jeremy Horn,Eugene Jackson,Jeremy Horn,SUB,
2000-09-22,Fabiano Iha,Laverne Clark,Fabiano Iha,SUB,
2000-11-17,Josh Barnett,Gan McGee,Josh Barnett,KO/TKO,
2000-11-17,Andrei Arlovski,Aaron Brink,Andrei Arlovski,SUB,
2000-11-17,Renato Sobral,Maurice Smith,Renato Sobral,DEC,
2000-11-17,Jens Pulver,John Lewis,Jens Pulver,KO/TKO,
2000-11-17,Mark Hughes,Alex Stiebling,Mark Hughes,DEC,
2000-11-17,Randy Couture,Kevin Randleman,Randy Couture,KO/TKO,
2000-11-17,Ben Earwood,Chris Lytle,Ben Earwood,DEC,
2000-12-16,Pat Miletich,Kenichi Yamamoto,Pat Miletich,SUB,
2000-12-16,Matt Lindland,Yoji Anjo,Matt Lindland,KO/TKO,
2000-12-16,Chuck Liddell,Jeff Monson,Chuck Liddell,DEC,
2000-12-16,Dennis Hallman,Matt Hughes,Dennis Hallman,SUB,
2000-12-16,Evan Tanner,Lance Gibson,Evan Tanner,KO/TKO,
2000-12-16,Tito Ortiz,Yuki Kondo,Tito Ortiz,SUB,
2000-12-16,Fabiano Iha,Daiju Takase,Fabiano Iha,KO/TKO,
2001-02-23,Elvis Sinosic,Jeremy Horn,Elvis Sinosic,SUB,
2001-02-23,Phil Baroni,Curtis Stout,Phil Baroni,DEC,
2001-02-23,Pedro Rizzo,Josh Barnett,Pedro Rizzo,KO/TKO,
2001-02-23,Sean Sherk,Tiki Ghosn,Sean Sherk,SUB,
2001-02-23,Tito Ortiz,Evan Tanner,Tito Ortiz,KO/TKO,
2001-02-23,Jens Pulver,Caol Uno,Jens Pulver,DEC,
2001-02-23,Fabiano Iha,Phil Johns,Fabiano Iha,SUB,
2001-05-04,Randy Couture,Pedro Rizzo,Randy Couture,DEC,
2001-05-04,Tony DeSouza,Steve Berger,Tony DeSouza,DEC,
2001-05-04,BJ Penn,Joey Gilbert,BJ Penn,KO/TKO,
2001-05-04,Carlos Newton,Pat Miletich,Carlos Newton,SUB,
2001-05-04,Semmy Schilt,Pete Williams,Semmy Schilt,KO/TKO,
2001-05-04,Shonie Carter,Matt Serra,Shonie Carter,KO/TKO,
2001-05-04,Chuck Liddell,Kevin Randleman,Chuck Liddell,KO/TKO,
2001-05-04,Matt Lindland,Ricardo Almeida,Matt Lindland,DQ,
2001-06-29,Josh Barnett,Semmy Schilt,Josh Barnett,SUB,
2001-06-29,Pat Miletich,Shonie Carter,Pat Miletich,KO/TKO,
2001-06-29,BJ Penn,Din Thomas,BJ Penn,KO/TKO,
2001-06-29,Tony DeSouza,Paul Rodriguez,Tony DeSouza,SUB,
2001-06-29,Vladimir Matyushenko,Yuki Kondo,Vladimir Matyushenko,DEC,
2001-06-29,Caol Uno,Fabiano Iha,Caol Uno,KO/TKO,
2001-06-29,Ricco Rodriguez,Andrei Arlovski,Ricco Rodriguez,KO/TKO,
2001-06-29,Tito Ortiz,Elvis Sinosic,Tito Ortiz,KO/TKO,
2001-09-28,Jutaro Nakao,Tony DeSouza,Jutaro Nakao,KO/TKO,
2001-09-28,Dave Menne,Gil Castillo,Dave Menne,DEC,
2001-09-28,Matt Serra,Yves Edwards,Matt Serra,DEC,
2001-09-28,Ricardo Almeida,Eugene Jackson,Ricardo Almeida,SUB,
2001-09-28,Tito Ortiz,Vladimir Matyushenko,Tito Ortiz,DEC,
2001-09-28,Chuck Liddell,Murilo Bustamante,Chuck Liddell,DEC,
2001-09-28,Jens Pulver,Dennis Hallman,Jens Pulver,DEC,
2001-09-28,Din Thomas,Fabiano Iha,Din Thomas,DEC,
2001-11-02,Ricco Rodriguez,Pete Williams,Ricco Rodriguez,KO/TKO,
2001-11-02,Randy Couture,Pedro Rizzo,Randy Couture,KO/TKO,
2001-11-02,BJ Penn,Caol Uno,BJ Penn,KO/TKO,
2001-11-02,Evan Tanner,Homer Moore,Evan Tanner,SUB,
2001-11-02,Josh Barnett,Bobby Hoffman,Josh Barnett,KO/TKO,
2001-11-02,Matt Lindland,Phil Baroni,Matt Lindland,DEC,
2001-11-02,Matt Hughes,Carlos Newton,Matt Hughes,KO/TKO,
2001-11-02,Frank Mir,Roberto Traven,Frank Mir,SUB,
2002-01-11,Jens Pulver,BJ Penn,Jens Pulver,DEC,
2002-01-11,Eugene Jackson,Keith Rockel,Eugene Jackson,SUB,
2002-01-11,Kevin Randleman,Renato Sobral,Kevin Randleman,DEC,
2002-01-11,Andrei Semenov,Ricardo Almeida,Andrei Semenov,KO/TKO,
2002-01-11,Murilo Bustamante,Dave Menne,Murilo Bustamante,KO/TKO,
2002-01-11,Ricco Rodriguez,Jeff Monson,Ricco Rodriguez,KO/TKO,
2002-01-11,Chuck Liddell,Amar Suloev,Chuck Liddell,DEC,
2002-01-11,Gil Castillo,Chris Brennan,Gil Castillo,DEC,
2002-03-22,Sean Sherk,Jutaro Nakao,Sean Sherk,DEC,
2002-03-22,Evan Tanner,Elvis Sinosic,Evan Tanner,KO/TKO,
2002-03-22,Matt Hughes,Hayato Sakurai,Matt Hughes,KO/TKO,
2002-03-22,Josh Barnett,Randy Couture,Josh Barnett,KO/TKO,
2002-03-22,Frank Mir,Pete Williams,Frank Mir,SUB,
2002-03-22,Matt Serra,Kelly Dullanty,Matt Serra,SUB,
2002-03-22,Matt Lindland,Pat Miletich,Matt Lindland,KO/TKO,
2002-03-22,Pedro Rizzo,Andrei Arlovski,Pedro Rizzo,KO/TKO,
2002-05-10,Caol Uno,Yves Edwards,Caol Uno,DEC,
2002-05-10,Ivan Salaverry,Andrei Semenov,Ivan Salaverry,KO/TKO,
2002-05-10,Robbie Lawler,Aaron Riley,Robbie Lawler,DEC,
2002-05-10,BJ Penn,Paul Creighton,BJ Penn,KO/TKO,
2002-05-10,Phil Baroni,Amar Suloev,Phil Baroni,KO/TKO,
2002-05-10,Ricco Rodriguez,Tsuyoshi Kohsaka,Ricco Rodriguez,KO/TKO,
2002-05-10,Murilo Bustamante,Matt Lindland,Murilo Bustamante,SUB,
2002-06-22,Robbie Lawler,Steve Berger,Robbie Lawler,KO/TKO,
2002-06-22,Tony Fryklund,Rodrigo Ruas,Tony Fryklund,KO/TKO,
2002-06-22,Yves Edwards,Joao Pierini,Yves Edwards,KO/TKO,
2002-06-22,Pete Spratt,Zach Light,Pete Spratt,SUB,
2002-06-22,Chuck Liddell,Vitor Belfort,Chuck Liddell,DEC,
2002-06-22,Benji Radach,Nick Serra,Benji Radach,DEC,
2002-07-13,Evan Tanner,Chris Haseman,Evan Tanner,DEC,
2002-07-13,Matt Hughes,Carlos Newton,Matt Hughes,KO/TKO,
2002-07-13,Genki Sudo,Leigh Remedios,Genki Sudo,SUB,
2002-07-13,Phillip Miller,James Zikic,Phillip Miller,DEC,
2002-07-13,Renato Sobral,Elvis Sinosic,Renato Sobral,DEC,
2002-07-13,Mark Weir,Eugene Jackson,Mark Weir,KO/TKO,
2002-07-13,Ian Freeman,Frank Mir,Ian Freeman,KO/TKO,
2002-09-27,Phil Baroni,Dave Menne,Phil Baroni,KO/TKO,
2002-09-27,Ricco Rodriguez,Randy Couture,Ricco Rodriguez,KO/TKO,
2002-09-27,BJ Penn,Matt Serra,BJ Penn,DEC,
2002-09-27,Gan McGee,Pedro Rizzo,Gan McGee,KO/TKO,
2002-09-27,Tim Sylvia,Wesley Correira,Tim Sylvia,KO/TKO,
2002-09-27,Matt Lindland,Ivan Salaverry,Matt Lindland,DEC,
2002-09-27,Sean Sherk,Benji Radach,Sean Sherk,KO/TKO,
2002-09-27,Caol Uno,Din Thomas,Caol Uno,DEC,
2002-11-22,Chuck Liddell,Renato Sobral,Chuck Liddell,KO/TKO,
2002-11-22,Carlos Newton,Pete Spratt,Carlos Newton,SUB,
2002-11-22,Vladimir Matyushenko,Travis Wiuff,Vladimir Matyushenko,KO/TKO,
2002-11-22,Matt Hughes,Gil Castillo,Matt Hughes,KO/TKO,
2002-11-22,Robbie Lawler,Tiki Ghosn,Robbie Lawler,KO/TKO,
2002-11-22,Phillip Miller,Mark Weir,Phillip Miller,SUB,
2002-11-22,Andrei Arlovski,Ian Freeman,Andrei Arlovski,KO/TKO,
2002-11-22,Tito Ortiz,Ken Shamrock,Tito Ortiz,KO/TKO,
2003-02-28,Tim Sylvia,Ricco Rodriguez,Tim Sylvia,KO/TKO,
2003-02-28,Yves Edwards,Rich Clementi,Yves Edwards,SUB,
2003-02-28,Gan McGee,Alexandre Dantas,Gan McGee,KO/TKO,
2003-02-28,Matt Lindland,Phil Baroni,Matt Lindland,DEC,
2003-02-28,Vladimir Matyushenko,Pedro Rizzo,Vladimir Matyushenko,DEC,
2003-02-28,Din Thomas,Matt Serra,Din Thomas,DEC,
2003-02-28,Frank Mir,David Abbott,Frank Mir,SUB,
2003-04-25,Dave Strasser,Romie Aram,Dave Strasser,DEC,
2003-04-25,Duane Ludwig,Genki Sudo,Duane Ludwig,DEC,
2003-04-25,Hermes Franca,Richard Crunkilton,Hermes Franca,DEC,
2003-04-25,David Loiseau,Mark Weir,David Loiseau,KO/TKO,
2003-04-25,Rich Franklin,Evan Tanner,Rich Franklin,KO/TKO,
2003-04-25,Wesley Correira,Sean Alvarez,Wesley Correira,KO/TKO,
2003-04-25,Pete Spratt,Robbie Lawler,Pete Spratt,SUB,
2003-04-25,Matt Hughes,Sean Sherk,Matt Hughes,DEC,
2003-06-06,Randy Couture,Chuck Liddell,Randy Couture,KO/TKO,
2003-06-06,Frank Mir,Wes Sims,Frank Mir,DQ,
2003-06-06,Pedro Rizzo,Tra Telligman,Pedro Rizzo,KO/TKO,
2003-06-06,Yves Edwards,Eddie Ruiz,Yves Edwards,DEC,
2003-06-06,Falaniko Vitale,Matt Lindland,Falaniko Vitale,KO/TKO,
2003-06-06,Vitor Belfort,Marvin Eastman,Vitor Belfort,KO/TKO,
2003-06-06,Kimo Leopoldo,David Abbott,Kimo Leopoldo,SUB,
2003-09-26,Karo Parisyan,Dave Strasser,Karo Parisyan,SUB,
2003-09-26,Jorge Rivera,David Loiseau,Jorge Rivera,DEC,
2003-09-26,Rich Franklin,Edwin DeWees,Rich Franklin,KO/TKO,
2003-09-26,Tim Sylvia,Gan McGee,Tim Sylvia,KO/TKO,
2003-09-26,Randy Couture,Tito Ortiz,Randy Couture,DEC,
2003-09-26,Josh Thomson,Gerald Strebendt,Josh Thomson,KO/TKO,
2003-09-26,Hermes Franca,Caol Uno,Hermes Franca,KO/TKO,
2003-09-26,Andrei Arlovski,Vladimir Matyushenko,Andrei Arlovski,KO/TKO,
2003-09-26,Nick Diaz,Jeremy Jackson,Nick Diaz,SUB,
2003-11-21,Matt Hughes,Frank Trigg,Matt Hughes,SUB,
2003-11-21,Matt Lindland,Falaniko Vitale,Matt Lindland,KO/TKO,
2003-11-21,Evan Tanner,Phil Baroni,Evan Tanner,KO/TKO,
2003-11-21,Pedro Rizzo,Ricco Rodriguez,Pedro Rizzo,DEC,
2003-11-21,Robbie Lawler,Chris Lytle,Robbie Lawler,DEC,
2003-11-21,Yves Edwards,Nick Agallar,Yves Edwards,KO/TKO,
2003-11-21,Keith Rockel,Chris Liguori,Keith Rockel,SUB,
2003-11-21,Wesley Correira,David Abbott,Wesley Correira,KO/TKO,
2004-01-31,Lee Murray,Jorge Rivera,Lee Murray,SUB,
2004-01-31,Renato Verissimo,Carlos Newton,Renato Verissimo,DEC,
2004-01-31,BJ Penn,Matt Hughes,BJ Penn,SUB,
2004-01-31,Matt Serra,Jeff Curran,Matt Serra,DEC,
2004-01-31,Josh Thomson,Hermes Franca,Josh Thomson,DEC,
2004-01-31,Frank Mir,Wes Sims,Frank Mir,KO/TKO,
2004-01-31,Vitor Belfort,Randy Couture,Vitor Belfort,KO/TKO,
2004-01-31,Georges St-Pierre,Karo Parisyan,Georges St-Pierre,DEC,
2004-03-09,Patricio Pitbull,Dida Dida,Patricio Pitbull,,Desafio: Natal vs Nordeste
2004-04-02,Mike Kyle,Wes Sims,Mike Kyle,KO/TKO,
2004-04-02,Genki Sudo,Mike Brown,Genki Sudo,SUB,
2004-04-02,Nick Diaz,Robbie Lawler,Nick Diaz,KO/TKO,
2004-04-02,Yves Edwards,Hermes Franca,Yves Edwards,DEC,
2004-04-02,Chris Lytle,Tiki Ghosn,Chris Lytle,SUB,
2004-04-02,Jonathan Wiezorek,Wade Shipp,Jonathan Wiezorek,KO/TKO,
2004-04-02,Chuck Liddell,Tito Ortiz,Chuck Liddell,KO/TKO,
2004-04-02,Andrei Arlovski,Wesley Correira,Andrei Arlovski,KO/TKO,
2004-06-19,Matt Serra,Ivan Menjivar,Matt Serra,DEC,
2004-06-19,Georges St-Pierre,Jay Hieron,Georges St-Pierre,KO/TKO,
2004-06-19,Ken Shamrock,Kimo Leopoldo,Ken Shamrock,KO/TKO,
2004-06-19,Frank Trigg,Dennis Hallman,Frank Trigg,KO/TKO,
2004-06-19,Evan Tanner,Phil Baroni,Evan Tanner,DEC,
2004-06-19,Frank Mir,Tim Sylvia,Frank Mir,SUB,
2004-06-19,Trevor Prangley,Curtis Stout,Trevor Prangley,SUB,
2004-06-19,Matt Hughes,Renato Verissimo,Matt Hughes,DEC,
2004-08-21,Karo Parisyan,Nick Diaz,Karo Parisyan,DEC,
2004-08-21,David Terrell,Matt Lindland,David Terrell,KO/TKO,
2004-08-21,Joe Riggs,Joe Doerksen,Joe Riggs,KO/TKO,
2004-08-21,Randy Couture,Vitor Belfort,Randy Couture,KO/TKO,
2004-08-21,Chuck Liddell,Vernon White,Chuck Liddell,KO/TKO,
2004-08-21,Chris Lytle,Ronald Jhun,Chris Lytle,SUB,
2004-08-21,Yves Edwards,Josh Thomson,Yves Edwards,KO/TKO,
2004-08-21,Justin Eilers,Mike Kyle,Justin Eilers,KO/TKO,
2004-10-21,Patricio Pitbull,Marlon Silva,Patricio Pitbull,,BC 2: Brazilian Challenger 2
2004-10-22,Frank Trigg,Renato Verissimo,Frank Trigg,KO/TKO,
2004-10-22,Evan Tanner,Robbie Lawler,Evan Tanner,SUB,
2004-10-22,Matt Hughes,Georges St-Pierre,Matt Hughes,SUB,
2004-10-22,Ivan Salaverry,Tony Fryklund,Ivan Salaverry,SUB,
2004-10-22,Tito Ortiz,Patrick Cote,Tito Ortiz,DEC,
2004-10-22,Travis Lutter,Marvin Eastman,Travis Lutter,KO/TKO,
2004-10-22,Rich Franklin,Jorge Rivera,Rich Franklin,SUB,
2005-02-05,Paul Buentello,Justin Eilers,Paul Buentello,KO/TKO,
2005-02-05,Andrei Arlovski,Tim Sylvia,Andrei Arlovski,SUB,
2005-02-05,Evan Tanner,David Terrell,Evan Tanner,KO/TKO,
2005-02-05,Pete Sell,Phil Baroni,Pete Sell,SUB,
2005-02-05,Karo Parisyan,Chris Lytle,Karo Parisyan,DEC,
2005-02-05,David Loiseau,Gideon Ray,David Loiseau,KO/TKO,
2005-02-05,Mike Kyle,James Irvin,Mike Kyle,KO/TKO,
2005-02-05,Nick Diaz,Drew Fickett,Nick Diaz,KO/TKO,
2005-02-05,Tito Ortiz,Vitor Belfort,Tito Ortiz,DEC,
2005-02-24,Patricio Pitbull,Tarcisio Jardim,Patricio Pitbull,,OF: Octagon Fight
2005-04-09,Josh Koscheck,Chris Sanford,Josh Koscheck,KO/TKO,
2005-04-09,Chris Leben,Jason Thacker,Chris Leben,KO/TKO,
2005-04-09,Nate Quarry,Lodune Sincaid,Nate Quarry,KO/TKO,
2005-04-09,Mike Swick,Alex Schoenauer,Mike Swick,KO/TKO,
2005-04-09,Rich Franklin,Ken Shamrock,Rich Franklin,KO/TKO,
2005-04-09,Alex Karalexis,Josh Rafferty,Alex Karalexis,KO/TKO,
2005-04-09,Diego Sanchez,Kenny Florian,Diego Sanchez,KO/TKO,
2005-04-09,Forrest Griffin,Stephan Bonnar,Forrest Griffin,DEC,
2005-04-09,Sam Hoger,Bobby Southworth,Sam Hoger,DEC,
2005-04-16,Joe Doerksen,Patrick Cote,Joe Doerksen,SUB,
2005-04-16,Mike van Arsdale,John Marsh,Mike van Arsdale,DEC,
2005-04-16,Chuck Liddell,Randy Couture,Chuck Liddell,KO/TKO,
2005-04-16,Renato Sobral,Travis Wiuff,Renato Sobral,SUB,
2005-04-16,Ivan Salaverry,Joe Riggs,Ivan Salaverry,SUB,
2005-04-16,Matt Lindland,Travis Lutter,Matt Lindland,SUB,
2005-04-16,Georges St-Pierre,Jason Miller,Georges St-Pierre,DEC,
2005-04-16,Matt Hughes,Frank Trigg,Matt Hughes,SUB,
2005-06-04,Rich Franklin,Evan Tanner,Rich Franklin,KO/TKO,
2005-06-04,Karo Parisyan,Matt Serra,Karo Parisyan,DEC,
2005-06-04,Paul Buentello,Kevin Jordan,Paul Buentello,SUB,
2005-06-04,David Loiseau,Charles McCarthy,David Loiseau,KO/TKO,
2005-06-04,Forrest Griffin,Bill Mahood,Forrest Griffin,SUB,
2005-06-04,Nate Quarry,Shonie Carter,Nate Quarry,KO/TKO,
2005-06-04,Andrei Arlovski,Justin Eilers,Andrei Arlovski,KO/TKO,
2005-06-04,Nick Diaz,Koji Oishi,Nick Diaz,KO/TKO,
2005-08-06,Drew Fickett,Josh Neer,Drew Fickett,SUB,
2005-08-06,Kenny Florian,Alex Karalexis,Kenny Florian,KO/TKO,
2005-08-06,Nate Marquardt,Ivan Salaverry,Nate Marquardt,DEC,
2005-08-06,Mike Swick,Gideon Ray,Mike Swick,KO/TKO,
2005-08-06,Stephan Bonnar,Sam Hoger,Stephan Bonnar,DEC,
2005-08-06,Chris Leben,Patrick Cote,Chris Leben,DEC,
2005-08-06,Josh Koscheck,Pete Spratt,Josh Koscheck,SUB,
2005-08-06,Nate Quarry,Pete Sell,Nate Quarry,KO/TKO,
2005-08-20,James Irvin,Terry Martin,James Irvin,KO/TKO,
2005-08-20,Trevor Prangley,Travis Lutter,Trevor Prangley,DEC,
2005-08-20,Matt Lindland,Joe Doerksen,Matt Lindland,DEC,
2005-08-20,Chuck Liddell,Jeremy Horn,Chuck Liddell,KO/TKO,
2005-08-20,Georges St-Pierre,Frank Trigg,Georges St-Pierre,SUB,
2005-08-20,Diego Sanchez,Brian Gassaway,Diego Sanchez,KO/TKO,
2005-08-20,Tim Sylvia,Tra Telligman,Tim Sylvia,KO/TKO,
2005-08-20,Randy Couture,Mike van Arsdale,Randy Couture,SUB,
2005-09-08,Patricio Pitbull,Joao Paulo,Patricio Pitbull,,FSLB: Fight Ship Looking Boy 1
2005-10-03,Brandon Vera,Fabiano Scherner,Brandon Vera,KO/TKO,
2005-10-03,Chris Leben,Edwin DeWees,Chris Leben,SUB,
2005-10-03,Jon Fitch,Brock Larson,Jon Fitch,DEC,
2005-10-03,Drew Fickett,Josh Koscheck,Drew Fickett,SUB,
2005-10-03,Spencer Fisher,Thiago Alves,Spencer Fisher,SUB,
2005-10-03,Jonathan Goulet,Jay Hieron,Jonathan Goulet,KO/TKO,
2005-10-03,David Loiseau,Evan Tanner,David Loiseau,KO/TKO,
2005-10-07,Marcio Cruz,Keigo Kunihara,Marcio Cruz,SUB,
2005-10-07,Branden Lee Hinkle,Sean Gannon,Branden Lee Hinkle,KO/TKO,
2005-10-07,Joe Riggs,Chris Lytle,Joe Riggs,KO/TKO,
2005-10-07,Andrei Arlovski,Paul Buentello,Andrei Arlovski,KO/TKO,
2005-10-07,Renato Sobral,Chael Sonnen,Renato Sobral,SUB,
2005-10-07,Jorge Rivera,Dennis Hallman,Jorge Rivera,DEC,
2005-10-07,Forrest Griffin,Elvis Sinosic,Forrest Griffin,KO/TKO,
2005-11-05,Diego Sanchez,Nick Diaz,Diego Sanchez,DEC,
2005-11-05,Kenny Florian,Kit Cope,Kenny Florian,SUB,
2005-11-05,Rashad Evans,Brad Imes,Rashad Evans,DEC,
2005-11-05,Keith Jardine,Kerry Schall,Keith Jardine,KO/TKO,
2005-11-05,Joe Stevenson,Luke Cummo,Joe Stevenson,DEC,
2005-11-05,Joshua Burkman,Sammy Morgan,Joshua Burkman,KO/TKO,
2005-11-05,Melvin Guillard,Marcus Davis,Melvin Guillard,KO/TKO,
2005-11-19,Thiago Alves,Ansar Chalangov,Thiago Alves,KO/TKO,
2005-11-19,Matt Hughes,Joe Riggs,Matt Hughes,SUB,
2005-11-19,Gabriel Gonzaga,Kevin Jordan,Gabriel Gonzaga,KO/TKO,
2005-11-19,Rich Franklin,Nate Quarry,Rich Franklin,KO/TKO,
2005-11-19,Georges St-Pierre,Sean Sherk,Georges St-Pierre,KO/TKO,
2005-11-19,Sam Hoger,Jeff Newton,Sam Hoger,SUB,
2005-11-19,Jeremy Horn,Trevor Prangley,Jeremy Horn,DEC,
2005-11-19,Nick Thompson,Keith Wisniewski,Nick Thompson,DEC,
2006-01-16,Stephan Bonnar,James Irvin,Stephan Bonnar,SUB,
2006-01-16,Joshua Burkman,Drew Fickett,Joshua Burkman,SUB,
2006-01-16,Jason Von Flue,Alex Karalexis,Jason Von Flue,SUB,
2006-01-16,Tim Sylvia,Assuerio Silva,Tim Sylvia,DEC,
2006-01-16,Josh Neer,Melvin Guillard,Josh Neer,SUB,
2006-01-16,Spencer Fisher,Aaron Riley,Spencer Fisher,KO/TKO,
2006-01-16,Duane Ludwig,Jonathan Goulet,Duane Ludwig,KO/TKO,
2006-01-16,Chris Leben,Jorge Rivera,Chris Leben,KO/TKO,
2006-02-04,Paul Buentello,Gilbert Aldana,Paul Buentello,KO/TKO,
2006-02-04,Keith Jardine,Mike Whitehead,Keith Jardine,DEC,
2006-02-04,Jeff Monson,Branden Lee Hinkle,Jeff Monson,SUB,
2006-02-04,Renato Sobral,Mike van Arsdale,Renato Sobral,SUB,
2006-02-04,Alessio Sakara,Elvis Sinosic,Alessio Sakara,DEC,
2006-02-04,Chuck Liddell,Randy Couture,Chuck Liddell,KO/TKO,
2006-02-04,Joe Riggs,Nick Diaz,Joe Riggs,DEC,
2006-02-04,Marcio Cruz,Frank Mir,Marcio Cruz,KO/TKO,
2006-02-04,Brandon Vera,Justin Eilers,Brandon Vera,KO/TKO,
2006-03-04,Georges St-Pierre,BJ Penn,Georges St-Pierre,DEC,
2006-03-04,Tom Murphy,Icho Larenas,Tom Murphy,KO/TKO,
2006-03-04,Mike Swick,Steve Vigneault,Mike Swick,SUB,
2006-03-04,Nate Marquardt,Joe Doerksen,Nate Marquardt,DEC,
2006-03-04,Sam Stout,Spencer Fisher,Sam Stout,DEC,
2006-03-04,Jason Lambert,Rob MacDonald,Jason Lambert,SUB,
2006-03-04,Rich Franklin,David Loiseau,Rich Franklin,DEC,
2006-03-04,Mark Hominick,Yves Edwards,Mark Hominick,SUB,
2006-04-06,Dan Christison,Brad Imes,Dan Christison,SUB,
2006-04-06,Josh Koscheck,Ansar Chalangov,Josh Koscheck,SUB,
2006-04-06,Luke Cummo,Jason Von Flue,Luke Cummo,DEC,
2006-04-06,Chael Sonnen,Trevor Prangley,Chael Sonnen,DEC,
2006-04-06,Chris Leben,Luigi Fioravanti,Chris Leben,DEC,
2006-04-06,Stephan Bonnar,Keith Jardine,Stephan Bonnar,DEC,
2006-04-06,Patricio Pitbull,Rafael Gargula,Patricio Pitbull,,TC: Tridenium Combat
2006-04-06,Josh Neer,Joe Stevenson,Josh Neer,DEC,
2006-04-06,Rashad Evans,Sam Hoger,Rashad Evans,DEC,
2006-04-06,Jon Fitch,Joshua Burkman,Jon Fitch,SUB,
2006-04-15,Evan Tanner,Justin Levens,Evan Tanner,SUB,
2006-04-15,David Terrell,Scott Smith,David Terrell,SUB,
2006-04-15,Tito Ortiz,Forrest Griffin,Tito Ortiz,DEC,
2006-04-15,Karo Parisyan,Nick Thompson,Karo Parisyan,KO/TKO,
2006-04-15,Sean Sherk,Nick Diaz,Sean Sherk,DEC,
2006-04-15,Tim Sylvia,Andrei Arlovski,Tim Sylvia,KO/TKO,
2006-04-15,Jason Lambert,Terry Martin,Jason Lambert,KO/TKO,
2006-04-15,Jeff Monson,Marcio Cruz,Jeff Monson,DEC,
2006-04-15,Thiago Alves,Derrick Noble,Thiago Alves,KO/TKO,
2006-05-27,Gabriel Gonzaga,Fabiano Scherner,Gabriel Gonzaga,KO/TKO,
2006-05-27,Dean Lister,Alessio Sakara,Dean Lister,SUB,
2006-05-27,Spencer Fisher,Matt Wiman,Spencer Fisher,KO/TKO,
2006-05-27,Jeremy Horn,Chael Sonnen,Jeremy Horn,SUB,
2006-05-27,Mike Swick,Joe Riggs,Mike Swick,SUB,
2006-05-27,Matt Hughes,Royce Gracie,Matt Hughes,KO/TKO,
2006-05-27,Melvin Guillard,Rick Davis,Melvin Guillard,KO/TKO,
2006-05-27,Brandon Vera,Assuerio Silva,Brandon Vera,SUB,
2006-05-27,Diego Sanchez,John Alessio,Diego Sanchez,DEC,
2006-06-24,Kendall Grove,Ed Herman,Kendall Grove,DEC,
2006-06-24,Matt Hamill,Jesse Forbes,Matt Hamill,KO/TKO,
2006-06-24,Rory Singer,Ross Pointon,Rory Singer,SUB,
2006-06-24,Kenny Florian,Sam Stout,Kenny Florian,SUB,
2006-06-24,Michael Bisping,Josh Haynes,Michael Bisping,KO/TKO,
2006-06-24,Mike Nickels,Wes Combs,Mike Nickels,SUB,
2006-06-24,Keith Jardine,Wilson Gouveia,Keith Jardine,DEC,
2006-06-24,Kalib Starnes,Danny Abbadi,Kalib Starnes,SUB,
2006-06-24,Luigi Fioravanti,Solomon Hutcherson,Luigi Fioravanti,KO/TKO,
2006-06-28,Rob MacDonald,Kristian Rothaermel,Rob MacDonald,SUB,
2006-06-28,Anderson Silva,Chris Leben,Anderson Silva,KO/TKO,
2006-06-28,Rashad Evans,Stephan Bonnar,Rashad Evans,DEC,
2006-06-28,Jonathan Goulet,Luke Cummo,Jonathan Goulet,DEC,
2006-06-28,Jorge Santiago,Justin Levens,Jorge Santiago,KO/TKO,
2006-06-28,Mark Hominick,Jorge Gurgel,Mark Hominick,DEC,
2006-06-28,Jason Lambert,Branden Lee Hinkle,Jason Lambert,KO/TKO,
2006-06-28,Josh Koscheck,Dave Menne,Josh Koscheck,DEC,
2006-06-28,Jon Fitch,Thiago Alves,Jon Fitch,KO/TKO,
2006-07-08,Cheick Kongo,Gilbert Aldana,Cheick Kongo,KO/TKO,
2006-07-08,Joshua Burkman,Josh Neer,Joshua Burkman,DEC,
2006-07-08,Hermes Franca,Joe Jordan,Hermes Franca,SUB,
2006-07-08,Jeff Monson,Anthony Perosh,Jeff Monson,KO/TKO,
2006-07-08,Frank Mir,Dan Christison,Frank Mir,DEC,
2006-07-08,Tito Ortiz,Ken Shamrock,Tito Ortiz,KO/TKO,
2006-07-08,Drew Fickett,Kurt Pellegrino,Drew Fickett,SUB,
2006-07-08,Joe Stevenson,Yves Edwards,Joe Stevenson,KO/TKO,
2006-07-08,Tim Sylvia,Andrei Arlovski,Tim Sylvia,DEC,
2006-08-17,Jake O'Brien,Kristof Midoux,Jake O'Brien,KO/TKO,
2006-08-17,Diego Sanchez,Karo Parisyan,Diego Sanchez,DEC,
2006-08-17,Martin Kampmann,Crafton Wallace,Martin Kampmann,SUB,
2006-08-17,Anthony Torres,Pat Healy,Anthony Torres,SUB,
2006-08-17,Josh Koscheck,Jonathan Goulet,Josh Koscheck,KO/TKO,
2006-08-17,Forrest Petz,Sammy Morgan,Forrest Petz,DEC,
2006-08-17,Joe Riggs,Jason Von Flue,Joe Riggs,SUB,
2006-08-17,Chris Leben,Jorge Santiago,Chris Leben,KO/TKO,
2006-08-17,Dean Lister,Yuki Sasaki,Dean Lister,DEC,
2006-08-26,David Heath,Cory Walmsley,David Heath,SUB,
2006-08-26,Forrest Griffin,Stephan Bonnar,Forrest Griffin,DEC,
2006-08-26,Cheick Kongo,Christian Wellisch,Cheick Kongo,KO/TKO,
2006-08-26,Wilson Gouveia,Wes Combs,Wilson Gouveia,SUB,
2006-08-26,Nick Diaz,Josh Neer,Nick Diaz,SUB,
2006-08-26,Eric Schafer,Rob MacDonald,Eric Schafer,SUB,
2006-08-26,Hermes Franca,Jamie Varner,Hermes Franca,SUB,
2006-08-26,Yushin Okami,Alan Belcher,Yushin Okami,DEC,
2006-08-26,Chuck Liddell,Renato Sobral,Chuck Liddell,KO/TKO,
2006-09-23,Eddie Sanchez,Mario Neto,Eddie Sanchez,KO/TKO,
2006-09-23,Melvin Guillard,Gabe Ruediger,Melvin Guillard,KO/TKO,
2006-09-23,Matt Hughes,BJ Penn,Matt Hughes,KO/TKO,
2006-09-23,Rashad Evans,Jason Lambert,Rashad Evans,KO/TKO,
2006-09-23,Joe Lauzon,Jens Pulver,Joe Lauzon,KO/TKO,
2006-09-23,Roger Huerta,Jason Dent,Roger Huerta,DEC,
2006-09-23,Tyson Griffin,David Lee,Tyson Griffin,SUB,
2006-09-23,Jorge Gurgel,Danny Abbadi,Jorge Gurgel,DEC,
2006-09-23,Mike Swick,David Loiseau,Mike Swick,DEC,
2006-10-10,Kendall Grove,Chris Price,Kendall Grove,KO/TKO,
2006-10-10,Jason MacDonald,Ed Herman,Jason MacDonald,SUB,
2006-10-10,Rory Singer,Josh Haynes,Rory Singer,DEC,
2006-10-10,Nate Marquardt,Crafton Wallace,Nate Marquardt,SUB,
2006-10-10,Thiago Alves,John Alessio,Thiago Alves,DEC,
2006-10-10,Tony DeSouza,Dustin Hazelett,Tony DeSouza,SUB,
2006-10-10,Tito Ortiz,Ken Shamrock,Tito Ortiz,KO/TKO,
2006-10-10,Matt Hamill,Seth Petruzelli,Matt Hamill,DEC,
2006-10-10,Marcus Davis,Forrest Petz,Marcus Davis,SUB,
2006-10-14,Clay Guida,Justin James,Clay Guida,SUB,
2006-10-14,Jon Fitch,Kuniyoshi Hironaka,Jon Fitch,DEC,
2006-10-14,Yushin Okami,Kalib Starnes,Yushin Okami,KO/TKO,
2006-10-14,Anderson Silva,Rich Franklin,Anderson Silva,KO/TKO,
2006-10-14,Sean Sherk,Kenny Florian,Sean Sherk,DEC,
2006-10-14,Spencer Fisher,Dan Lauzon,Spencer Fisher,KO/TKO,
2006-10-14,Kurt Pellegrino,Junior Assuncao,Kurt Pellegrino,SUB,
2006-10-14,Carmelo Marrero,Cheick Kongo,Carmelo Marrero,DEC,
2006-11-11,Matt Serra,Chris Lytle,Matt Serra,DEC,
2006-11-11,Charles McCarthy,Gideon Ray,Charles McCarthy,SUB,
2006-11-11,Scott Smith,Pete Sell,Scott Smith,KO/TKO,
2006-11-11,Jorge Rivera,Edwin DeWees,Jorge Rivera,KO/TKO,
2006-11-11,Din Thomas,Rich Clementi,Din Thomas,SUB,
2006-11-11,Travis Lutter,Patrick Cote,Travis Lutter,SUB,
2006-11-11,Pete Spratt,Jeremy Jackson,Pete Spratt,SUB,
2006-11-11,Martin Kampmann,Thales Leites,Martin Kampmann,DEC,
2006-11-18,Jake O'Brien,Josh Shockman,Jake O'Brien,DEC,
2006-11-18,James Irvin,Hector Ramirez,James Irvin,KO/TKO,
2006-11-18,Brandon Vera,Frank Mir,Brandon Vera,KO/TKO,
2006-11-18,Joe Stevenson,Dokonjonosuke Mishima,Joe Stevenson,SUB,
2006-11-18,Georges St-Pierre,Matt Hughes,Georges St-Pierre,KO/TKO,
2006-11-18,Tim Sylvia,Jeff Monson,Tim Sylvia,DEC,
2006-11-18,Antoni Hardonk,Sherman Pendergarst,Antoni Hardonk,KO/TKO,
2006-11-18,Nick Diaz,Gleison Tibau,Nick Diaz,KO/TKO,
2006-11-18,Drew McFedries,Alessio Sakara,Drew McFedries,KO/TKO,
2006-12-13,Diego Sanchez,Joe Riggs,Diego Sanchez,KO/TKO,
2006-12-13,Karo Parisyan,Drew Fickett,Karo Parisyan,DEC,
2006-12-13,David Heath,Victor Valimaki,David Heath,DEC,
2006-12-13,Josh Koscheck,Jeff Joslin,Josh Koscheck,DEC,
2006-12-13,Marcus Davis,Shonie Carter,Marcus Davis,DEC,
2006-12-13,Alan Belcher,Jorge Santiago,Alan Belcher,KO/TKO,
2006-12-13,Luigi Fioravanti,Dave Menne,Luigi Fioravanti,KO/TKO,
2006-12-13,Brock Larson,Keita Nakamura,Brock Larson,DEC,
2006-12-13,Logan Clark,Steve Byrnes,Logan Clark,DEC,
2006-12-30,Yushin Okami,Rory Singer,Yushin Okami,KO/TKO,
2006-12-30,Gabriel Gonzaga,Carmelo Marrero,Gabriel Gonzaga,SUB,
2006-12-30,Andrei Arlovski,Marcio Cruz,Andrei Arlovski,KO/TKO,
2006-12-30,Jason MacDonald,Chris Leben,Jason MacDonald,SUB,
2006-12-30,Chuck Liddell,Tito Ortiz,Chuck Liddell,KO/TKO,
2006-12-30,Michael Bisping,Eric Schafer,Michael Bisping,KO/TKO,
2006-12-30,Thiago Alves,Tony DeSouza,Thiago Alves,KO/TKO,
2006-12-30,Keith Jardine,Forrest Griffin,Keith Jardine,KO/TKO,
2006-12-30,Christian Wellisch,Anthony Perosh,Christian Wellisch,DEC,
2007-01-24,Darren Elkins,Jeremy Markam,Darren Elkins,,BSB 2: Bourbon Street Brawl 2
2007-01-25,Joshua Burkman,Chad Reiner,Joshua Burkman,DEC,
2007-01-25,Nate Marquardt,Dean Lister,Nate Marquardt,DEC,
2007-01-25,Rich Clementi,Ross Pointon,Rich Clementi,SUB,
2007-01-25,Jake O'Brien,Heath Herring,Jake O'Brien,DEC,
2007-01-25,Din Thomas,Clay Guida,Din Thomas,DEC,
2007-01-25,Hermes Franca,Spencer Fisher,Hermes Franca,KO/TKO,
2007-01-25,Ed Herman,Chris Price,Ed Herman,SUB,
2007-01-25,Rashad Evans,Sean Salmon,Rashad Evans,KO/TKO,
2007-02-03,Patrick Cote,Scott Smith,Patrick Cote,DEC,
2007-02-03,Roger Huerta,John Halverson,Roger Huerta,KO/TKO,
2007-02-03,Mirko Filipovic,Eddie Sanchez,Mirko Filipovic,KO/TKO,
2007-02-03,Dustin Hazelett,Diego Saraiva,Dustin Hazelett,DEC,
2007-02-03,Anderson Silva,Travis Lutter,Anderson Silva,SUB,
2007-02-03,Terry Martin,Jorge Rivera,Terry Martin,KO/TKO,
2007-02-03,Quinton Jackson,Marvin Eastman,Quinton Jackson,KO/TKO,
2007-02-03,Frankie Edgar,Tyson Griffin,Frankie Edgar,DEC,
2007-02-03,Lyoto Machida,Sam Hoger,Lyoto Machida,DEC,
2007-03-03,Jamie Varner,Jason Gilliam,Jamie Varner,SUB,
2007-03-03,Matt Hamill,Rex Holman,Matt Hamill,KO/TKO,
2007-03-03,Matt Hughes,Chris Lytle,Matt Hughes,DEC,
2007-03-03,Randy Couture,Tim Sylvia,Randy Couture,DEC,
2007-03-03,Gleison Tibau,Jason Dent,Gleison Tibau,DEC,
2007-03-03,Jason Lambert,Renato Sobral,Jason Lambert,KO/TKO,
2007-03-03,Jon Fitch,Luigi Fioravanti,Jon Fitch,SUB,
2007-03-03,Martin Kampmann,Drew McFedries,Martin Kampmann,SUB,
2007-03-03,Rich Franklin,Jason MacDonald,Rich Franklin,KO/TKO,
2007-03-30,Court McGee,Ry Stone,Court McGee,,BCP: Bush Cree Promotions
2007-04-04,Darren Elkins,Matt Joseph,Darren Elkins,,BSB 3: Bourbon Street Brawl 3
2007-04-05,Roan Carneiro,Rich Clementi,Roan Carneiro,DEC,
2007-04-05,Drew Fickett,Keita Nakamura,Drew Fickett,DEC,
2007-04-05,Joe Stevenson,Melvin Guillard,Joe Stevenson,SUB,
2007-04-05,Wilson Gouveia,Seth Petruzelli,Wilson Gouveia,SUB,
2007-04-05,Kenny Florian,Dokonjonosuke Mishima,Kenny Florian,SUB,
2007-04-05,Justin McCully,Antoni Hardonk,Justin McCully,DEC,
2007-04-05,Kuniyoshi Hironaka,Forrest Petz,Kuniyoshi Hironaka,DEC,
2007-04-05,Kurt Pellegrino,Nate Mohr,Kurt Pellegrino,SUB,
2007-04-05,Thiago Tavares,Naoyuki Kotani,Thiago Tavares,DEC,
2007-04-07,Josh Koscheck,Diego Sanchez,Josh Koscheck,DEC,
2007-04-07,Roger Huerta,Leonard Garcia,Roger Huerta,DEC,
2007-04-07,Kendall Grove,Alan Belcher,Kendall Grove,SUB,
2007-04-07,Luke Cummo,Josh Haynes,Luke Cummo,KO/TKO,
2007-04-07,Marcus Davis,Pete Spratt,Marcus Davis,SUB,
2007-04-07,Matt Serra,Georges St-Pierre,Matt Serra,KO/TKO,
2007-04-07,Heath Herring,Brad Imes,Heath Herring,DEC,
2007-04-07,Yushin Okami,Mike Swick,Yushin Okami,DEC,
2007-04-07,Thales Leites,Pete Sell,Thales Leites,DEC,
2007-04-21,Alessio Sakara,Victor Valimaki,Alessio Sakara,KO/TKO,
2007-04-21,Court McGee,Nick Rossborough,Court McGee,,UCE: Round 26 - Episode 3
2007-04-21,Gabriel Gonzaga,Mirko Filipovic,Gabriel Gonzaga,KO/TKO,
2007-04-21,Junior Assuncao,David Lee,Junior Assuncao,SUB,
2007-04-21,Lyoto Machida,David Heath,Lyoto Machida,DEC,
2007-04-21,Michael Bisping,Elvis Sinosic,Michael Bisping,KO/TKO,
2007-04-21,Cheick Kongo,Assuerio Silva,Cheick Kongo,DEC,
2007-04-21,Terry Etim,Matt Grice,Terry Etim,SUB,
2007-04-21,Jess Liaudin,Dennis Siver,Jess Liaudin,SUB,
2007-04-21,Andrei Arlovski,Fabricio Werdum,Andrei Arlovski,DEC,
2007-04-21,Paul Taylor,Edilberto de Oliveira,Paul Taylor,KO/TKO,
2007-04-21,Darren Elkins,Daniel Wanderley,Darren Elkins,,IMMAC 2: Attack
2007-05-12,Court McGee,Jarrett Kelton,Court McGee,,UCE: Round 26 - Episode 6
2007-05-26,Thiago Silva,James Irvin,Thiago Silva,KO/TKO,
2007-05-26,Quinton Jackson,Chuck Liddell,Quinton Jackson,KO/TKO,
2007-05-26,Wilson Gouveia,Carmelo Marrero,Wilson Gouveia,SUB,
2007-05-26,Terry Martin,Ivan Salaverry,Terry Martin,KO/TKO,
2007-05-26,Houston Alexander,Keith Jardine,Houston Alexander,KO/TKO,
2007-05-26,Alan Belcher,Sean Salmon,Alan Belcher,SUB,
2007-05-26,Karo Parisyan,Joshua Burkman,Karo Parisyan,DEC,
2007-05-26,Din Thomas,Jeremy Stephens,Din Thomas,SUB,
2007-05-26,Kalib Starnes,Chris Leben,Kalib Starnes,DEC,
2007-06-02,Court McGee,Ben Fuimaono,Court McGee,,UCE: Round 26: Episode 9 Day 2
2007-06-12,Tamdan McCrory,Pete Spratt,Tamdan McCrory,SUB,
2007-06-12,Jon Fitch,Roan Carneiro,Jon Fitch,SUB,
2007-06-12,Anthony Johnson,Chad Reiner,Anthony Johnson,KO/TKO,
2007-06-12,Spencer Fisher,Sam Stout,Spencer Fisher,DEC,
2007-06-12,Nate Mohr,Luke Caudillo,Nate Mohr,DEC,
2007-06-12,Thiago Tavares,Jason Black,Thiago Tavares,SUB,
2007-06-12,Forrest Petz,Luigi Fioravanti,Forrest Petz,DEC,
2007-06-12,Drew McFedries,Jordan Radev,Drew McFedries,KO/TKO,
2007-06-12,Gleison Tibau,Jeff Cox,Gleison Tibau,SUB,
2007-06-16,Tyson Griffin,Clay Guida,Tyson Griffin,DEC,
2007-06-16,Ed Herman,Scott Smith,Ed Herman,SUB,
2007-06-16,Jason MacDonald,Rory Singer,Jason MacDonald,KO/TKO,
2007-06-16,Dustin Hazelett,Stevie Lynch,Dustin Hazelett,SUB,
2007-06-16,Court McGee,DaMarques Johnson,Court McGee,,UCE: Round 26: Finals
2007-06-16,Rich Franklin,Yushin Okami,Rich Franklin,DEC,
2007-06-16,Marcus Davis,Jason Tan,Marcus Davis,KO/TKO,
2007-06-16,Forrest Griffin,Hector Ramirez,Forrest Griffin,DEC,
2007-06-16,Eddie Sanchez,Colin Robinson,Eddie Sanchez,KO/TKO,
2007-06-23,Matt Wiman,Brian Geraghty,Matt Wiman,KO/TKO,
2007-06-23,Nate Diaz,Manvel Gamburyan,Nate Diaz,SUB,
2007-06-23,BJ Penn,Jens Pulver,BJ Penn,SUB,
2007-06-23,Thales Leites,Floyd Sword,Thales Leites,SUB,
2007-06-23,Cole Miller,Andy Wang,Cole Miller,KO/TKO,
2007-06-23,Leonard Garcia,Allen Berube,Leonard Garcia,SUB,
2007-06-23,Roger Huerta,Doug Evans,Roger Huerta,KO/TKO,
2007-06-23,Joe Lauzon,Brandon Melendez,Joe Lauzon,SUB,
2007-07-05,Patricio Pitbull,Jadyson Costa,Patricio Pitbull,,Leal Combat: Natal
2007-07-07,Kenny Florian,Alvin Robinson,Kenny Florian,KO/TKO,
2007-07-07,Jorge Gurgel,Diego Saraiva,Jorge Gurgel,DEC,
2007-07-07,Sean Sherk,Hermes Franca,Sean Sherk,DEC,
2007-07-07,Chris Lytle,Jason Gilliam,Chris Lytle,SUB,
2007-07-07,Anderson Silva,Nate Marquardt,Anderson Silva,KO/TKO,
2007-07-07,Stephan Bonnar,Mike Nickels,Stephan Bonnar,SUB,
2007-07-07,Frankie Edgar,Mark Bocek,Frankie Edgar,KO/TKO,
2007-07-07,Antonio Rodrigo Nogueira,Heath Herring,Antonio Rodrigo Nogueira,DEC,
2007-07-21,Alexandre Pantoja,Antonio Carlos,Alexandre Pantoja,,VF: Vila Fight
2007-08-10,Court McGee,Justin Ellison,Court McGee,,CFC 3: Cage Fighting Championship 3
2007-08-24,Darren Elkins,Atsuhiro Tsuboi,Darren Elkins,,Bodog Fight: Vancouver
2007-08-25,Renato Sobral,David Heath,Renato Sobral,SUB,
2007-08-25,Patrick Cote,Kendall Grove,Patrick Cote,KO/TKO,
2007-08-25,Frank Mir,Antoni Hardonk,Frank Mir,SUB,
2007-08-25,Clay Guida,Marcus Aurelio,Clay Guida,DEC,
2007-08-25,Roger Huerta,Alberto Crane,Roger Huerta,KO/TKO,
2007-08-25,Randy Couture,Gabriel Gonzaga,Randy Couture,KO/TKO,
2007-08-25,Georges St-Pierre,Josh Koscheck,Georges St-Pierre,DEC,
2007-08-25,Joe Stevenson,Kurt Pellegrino,Joe Stevenson,DEC,
2007-08-25,Thales Leites,Ryan Jensen,Thales Leites,SUB,
2007-09-08,Quinton Jackson,Dan Henderson,Quinton Jackson,DEC,
2007-09-08,Marcus Davis,Paul Taylor,Marcus Davis,SUB,
2007-09-08,Michael Bisping,Matt Hamill,Michael Bisping,DEC,
2007-09-08,Jess Liaudin,Anthony Torres,Jess Liaudin,KO/TKO,
2007-09-08,Dennis Siver,Naoyuki Kotani,Dennis Siver,KO/TKO,
2007-09-08,Gleison Tibau,Terry Etim,Gleison Tibau,DEC,
2007-09-08,Thiago Silva,Tomasz Drwal,Thiago Silva,KO/TKO,
2007-09-08,Houston Alexander,Alessio Sakara,Houston Alexander,KO/TKO,
2007-09-08,Cheick Kongo,Mirko Filipovic,Cheick Kongo,DEC,
2007-09-19,Thiago Alves,Kuniyoshi Hironaka,Thiago Alves,KO/TKO,
2007-09-19,Cole Miller,Leonard Garcia,Cole Miller,DEC,
2007-09-19,Kenny Florian,Din Thomas,Kenny Florian,SUB,
2007-09-19,Nate Quarry,Pete Sell,Nate Quarry,KO/TKO,
2007-09-19,Chris Leben,Terry Martin,Chris Leben,KO/TKO,
2007-09-19,Luke Cummo,Edilberto de Oliveira,Luke Cummo,KO/TKO,
2007-09-19,Dustin Hazelett,Jonathan Goulet,Dustin Hazelett,SUB,
2007-09-19,Gray Maynard,Joe Veres,Gray Maynard,KO/TKO,
2007-09-19,Nate Diaz,Junior Assuncao,Nate Diaz,SUB,
2007-09-22,Forrest Griffin,Mauricio Rua,Forrest Griffin,SUB,
2007-09-22,Tyson Griffin,Thiago Tavares,Tyson Griffin,DEC,
2007-09-22,Lyoto Machida,Kazuhiro Nakamura,Lyoto Machida,DEC,
2007-09-22,Jon Fitch,Diego Sanchez,Jon Fitch,DEC,
2007-09-22,Matt Wiman,Michihiro Omigawa,Matt Wiman,DEC,
2007-09-22,Jeremy Stephens,Diego Saraiva,Jeremy Stephens,DEC,
2007-09-22,Keith Jardine,Chuck Liddell,Keith Jardine,DEC,
2007-09-22,Christian Wellisch,Scott Junk,Christian Wellisch,SUB,
2007-09-22,Rich Clementi,Anthony Johnson,Rich Clementi,SUB,
2007-09-27,Patricio Pitbull,Paulo Dantas,Patricio Pitbull,,RFC: Rino's FC 4
2007-10-20,Anderson Silva,Rich Franklin,Anderson Silva,KO/TKO,
2007-10-20,Joshua Burkman,Forrest Petz,Joshua Burkman,DEC,
2007-10-20,Yushin Okami,Jason MacDonald,Yushin Okami,DEC,
2007-10-20,Matt Grice,Jason Black,Matt Grice,DEC,
2007-10-20,Tim Sylvia,Brandon Vera,Tim Sylvia,DEC,
2007-10-20,Alvin Robinson,Jorge Gurgel,Alvin Robinson,DEC,
2007-10-20,Alan Belcher,Kalib Starnes,Alan Belcher,KO/TKO,
2007-10-20,Demian Maia,Ryan Jensen,Demian Maia,SUB,
2007-10-20,Stephan Bonnar,Eric Schafer,Stephan Bonnar,KO/TKO,
2007-11-03,Chidi Njokuani,George Cortez,Chidi Njokuani,,FTP: Global Showdown
2007-11-17,Ed Herman,Joe Doerksen,Ed Herman,KO/TKO,
2007-11-17,Frankie Edgar,Spencer Fisher,Frankie Edgar,DEC,
2007-11-17,Thiago Silva,Houston Alexander,Thiago Silva,KO/TKO,
2007-11-17,Marcus Aurelio,Luke Caudillo,Marcus Aurelio,KO/TKO,
2007-11-17,Joe Lauzon,Jason Reinhardt,Joe Lauzon,SUB,
2007-11-17,Rashad Evans,Michael Bisping,Rashad Evans,DEC,
2007-11-17,Akihiro Gono,Tamdan McCrory,Akihiro Gono,SUB,
2007-11-17,Thiago Alves,Chris Lytle,Thiago Alves,KO/TKO,
2007-11-17,Karo Parisyan,Ryo Chonan,Karo Parisyan,DEC,
2007-12-01,Jeremy Horn,Court McGee,Jeremy Horn,,UCE: Round 28 - Worlds Collide
2007-12-08,Mac Danzig,Tommy Speer,Mac Danzig,SUB,
2007-12-08,Troy Mandaloniz,Richie Hightower,Troy Mandaloniz,KO/TKO,
2007-12-08,War Machine,Jared Rollins,War Machine,KO/TKO,
2007-12-08,Jonathan Goulet,Paul Georgieff,Jonathan Goulet,SUB,
2007-12-08,George Sotiropoulos,Billy Miles,George Sotiropoulos,SUB,
2007-12-08,Roger Huerta,Clay Guida,Roger Huerta,SUB,
2007-12-08,Roman Mitichyan,Dorian Price,Roman Mitichyan,SUB,
2007-12-08,Matt Arroyo,John Kolosci,Matt Arroyo,SUB,
2007-12-08,Ben Saunders,Dan Barrera,Ben Saunders,DEC,
2007-12-29,Roan Carneiro,Tony DeSouza,Roan Carneiro,KO/TKO,
2007-12-29,Lyoto Machida,Rameau Thierry Sokoudjou,Lyoto Machida,SUB,
2007-12-29,James Irvin,Luiz Cane,James Irvin,DQ,
2007-12-29,Rich Clementi,Melvin Guillard,Rich Clementi,SUB,
2007-12-29,Eddie Sanchez,Soa Palelei,Eddie Sanchez,KO/TKO,
2007-12-29,Dean Lister,Jordan Radev,Dean Lister,DEC,
2007-12-29,Manvel Gamburyan,Nate Mohr,Manvel Gamburyan,SUB,
2007-12-29,Georges St-Pierre,Matt Hughes,Georges St-Pierre,SUB,
2007-12-29,Chuck Liddell,Wanderlei Silva,Chuck Liddell,DEC,
2007-12-29,Mark Bocek,Doug Evans,Mark Bocek,DEC,
2008-01-19,Jorge Rivera,Kendall Grove,Jorge Rivera,KO/TKO,
2008-01-19,Antoni Hardonk,Colin Robinson,Antoni Hardonk,KO/TKO,
2008-01-19,BJ Penn,Joe Stevenson,BJ Penn,SUB,
2008-01-19,Marcus Davis,Jess Liaudin,Marcus Davis,KO/TKO,
2008-01-19,Alessio Sakara,James Lee,Alessio Sakara,KO/TKO,
2008-01-19,Paul Kelly,Paul Taylor,Paul Kelly,DEC,
2008-01-19,Sam Stout,Per Eklund,Sam Stout,DEC,
2008-01-19,Wilson Gouveia,Jason Lambert,Wilson Gouveia,KO/TKO,
2008-01-19,Fabricio Werdum,Gabriel Gonzaga,Fabricio Werdum,KO/TKO,
2008-01-23,Mike Swick,Joshua Burkman,Mike Swick,DEC,
2008-01-23,Matt Wiman,Justin Buchholz,Matt Wiman,SUB,
2008-01-23,Gray Maynard,Dennis Siver,Gray Maynard,DEC,
2008-01-23,Nate Diaz,Alvin Robinson,Nate Diaz,SUB,
2008-01-23,Thiago Tavares,Michihiro Omigawa,Thiago Tavares,DEC,
2008-01-23,Corey Hill,Joe Veres,Corey Hill,KO/TKO,
2008-01-23,Patrick Cote,Drew McFedries,Patrick Cote,KO/TKO,
2008-01-23,Jeremy Stephens,Cole Miller,Jeremy Stephens,KO/TKO,
2008-01-23,Kurt Pellegrino,Alberto Crane,Kurt Pellegrino,KO/TKO,
2008-01-26,Court McGee,Clint Riser,Court McGee,,"Kraze in the Cage: Chapter 7, Vol. 1"
2008-02-02,Tyson Griffin,Gleison Tibau,Tyson Griffin,DEC,
2008-02-02,Nate Marquardt,Jeremy Horn,Nate Marquardt,SUB,
2008-02-02,Ricardo Almeida,Rob Yundt,Ricardo Almeida,SUB,
2008-02-02,Marvin Eastman,Terry Martin,Marvin Eastman,DEC,
2008-02-02,Tim Boetsch,David Heath,Tim Boetsch,KO/TKO,
2008-02-02,Frank Mir,Brock Lesnar,Frank Mir,SUB,
2008-02-02,Antonio Rodrigo Nogueira,Tim Sylvia,Antonio Rodrigo Nogueira,SUB,
2008-02-02,Rob Emerson,Keita Nakamura,Rob Emerson,DEC,
2008-02-02,Chris Lytle,Kyle Bradley,Chris Lytle,KO/TKO,
2008-03-01,Yushin Okami,Evan Tanner,Yushin Okami,KO/TKO,
2008-03-01,Luigi Fioravanti,Luke Cummo,Luigi Fioravanti,DEC,
2008-03-01,Diego Sanchez,David Bielkheden,Diego Sanchez,KO/TKO,
2008-03-01,Chris Leben,Alessio Sakara,Chris Leben,KO/TKO,
2008-03-01,Josh Koscheck,Dustin Hazelett,Josh Koscheck,KO/TKO,
2008-03-01,Heath Herring,Cheick Kongo,Heath Herring,DEC,
2008-03-01,Andrei Arlovski,Jake O'Brien,Andrei Arlovski,KO/TKO,
2008-03-01,Jorge Gurgel,John Halverson,Jorge Gurgel,DEC,
2008-03-01,Anderson Silva,Dan Henderson,Anderson Silva,SUB,
2008-03-01,Jon Fitch,Chris Wilson,Jon Fitch,DEC,
2008-03-22,Court McGee,Chad Maheau,Court McGee,,"Kraze in the Cage: Chapter 7, Vol. 2"
2008-04-02,Thiago Alves,Karo Parisyan,Thiago Alves,KO/TKO,
2008-04-02,Clay Guida,Samy Schiavo,Clay Guida,KO/TKO,
2008-04-02,Josh Neer,Din Thomas,Josh Neer,DEC,
2008-04-02,Kenny Florian,Joe Lauzon,Kenny Florian,KO/TKO,
2008-04-02,Nate Diaz,Kurt Pellegrino,Nate Diaz,SUB,
2008-04-02,George Sotiropoulos,Roman Mitichyan,George Sotiropoulos,KO/TKO,
2008-04-02,Manvel Gamburyan,Jeff Cox,Manvel Gamburyan,SUB,
2008-04-02,Anthony Johnson,Tommy Speer,Anthony Johnson,KO/TKO,
2008-04-02,James Irvin,Houston Alexander,James Irvin,KO/TKO,
2008-04-02,Marcus Aurelio,Ryan Roberts,Marcus Aurelio,SUB,
2008-04-02,Matt Hamill,Tim Boetsch,Matt Hamill,KO/TKO,
2008-04-02,Gray Maynard,Frankie Edgar,Gray Maynard,DEC,
2008-04-19,Nate Quarry,Kalib Starnes,Nate Quarry,DEC,
2008-04-19,Mac Danzig,Mark Bocek,Mac Danzig,SUB,
2008-04-19,Jason MacDonald,Joe Doerksen,Jason MacDonald,KO/TKO,
2008-04-19,Cain Velasquez,Brad Morris,Cain Velasquez,KO/TKO,
2008-04-19,Rich Franklin,Travis Lutter,Rich Franklin,KO/TKO,
2008-04-19,Michael Bisping,Charles McCarthy,Michael Bisping,KO/TKO,
2008-04-19,Rich Clementi,Sam Stout,Rich Clementi,DEC,
2008-04-19,Georges St-Pierre,Matt Serra,Georges St-Pierre,KO/TKO,
2008-04-19,Demian Maia,Ed Herman,Demian Maia,SUB,
2008-04-19,Jonathan Goulet,Kuniyoshi Hironaka,Jonathan Goulet,KO/TKO,
2008-04-19,Jason Day,Alan Belcher,Jason Day,KO/TKO,
2008-04-26,Darren Elkins,Decarlo Johnson,Darren Elkins,,C3: Corral Combat Classic 2
2008-05-17,Court McGee,Hank Weiss,Court McGee,,JHEFN: Jeremy Horn's Elite Fight Night 2
2008-05-24,Thiago Silva,Antonio Mendes,Thiago Silva,KO/TKO,
2008-05-24,Wanderlei Silva,Keith Jardine,Wanderlei Silva,KO/TKO,
2008-05-24,Shane Carwin,Christian Wellisch,Shane Carwin,KO/TKO,
2008-05-24,Goran Reljic,Wilson Gouveia,Goran Reljic,KO/TKO,
2008-05-24,Rousimar Palhares,Ivan Salaverry,Rousimar Palhares,SUB,
2008-05-24,Rameau Thierry Sokoudjou,Kazuhiro Nakamura,Rameau Thierry Sokoudjou,KO/TKO,
2008-05-24,Yoshiyuki Yoshida,War Machine,Yoshiyuki Yoshida,SUB,
2008-05-24,BJ Penn,Sean Sherk,BJ Penn,KO/TKO,
2008-05-24,Lyoto Machida,Tito Ortiz,Lyoto Machida,DEC,
2008-05-24,Dong Hyun Kim,Jason Tan,Dong Hyun Kim,KO/TKO,
2008-05-24,Rich Clementi,Terry Etim,Rich Clementi,DEC,
2008-06-05,Patricio Pitbull,Fernando Vieira,Patricio Pitbull,,Leal Combat: Premium
2008-06-07,Paul Taylor,Jess Liaudin,Paul Taylor,DEC,
2008-06-07,Fabricio Werdum,Brandon Vera,Fabricio Werdum,KO/TKO,
2008-06-07,Thiago Alves,Matt Hughes,Thiago Alves,KO/TKO,
2008-06-07,Matt Wiman,Thiago Tavares,Matt Wiman,KO/TKO,
2008-06-07,Antoni Hardonk,Eddie Sanchez,Antoni Hardonk,KO/TKO,
2008-06-07,Kevin Burns,Roan Carneiro,Kevin Burns,SUB,
2008-06-07,Thales Leites,Nate Marquardt,Thales Leites,DEC,
2008-06-07,Michael Bisping,Jason Day,Michael Bisping,KO/TKO,
2008-06-07,Mike Swick,Marcus Davis,Mike Swick,DEC,
2008-06-07,Martin Kampmann,Jorge Rivera,Martin Kampmann,SUB,
2008-06-07,Luiz Cane,Jason Lambert,Luiz Cane,KO/TKO,
2008-06-21,Dean Lister,Jeremy Horn,Dean Lister,SUB,
2008-06-21,Rob Kimmons,Rob Yundt,Rob Kimmons,SUB,
2008-06-21,Dustin Hazelett,Joshua Burkman,Dustin Hazelett,SUB,
2008-06-21,Spencer Fisher,Jeremy Stephens,Spencer Fisher,DEC,
2008-06-21,Drew McFedries,Marvin Eastman,Drew McFedries,KO/TKO,
2008-06-21,Amir Sadollah,CB Dollaway,Amir Sadollah,SUB,
2008-06-21,Kendall Grove,Evan Tanner,Kendall Grove,DEC,
2008-06-21,Matt Brown,Matt Arroyo,Matt Brown,KO/TKO,
2008-06-21,Matthew Riddle,Dante Rivera,Matthew Riddle,DEC,
2008-06-21,Diego Sanchez,Luigi Fioravanti,Diego Sanchez,KO/TKO,
2008-07-05,Forrest Griffin,Quinton Jackson,Forrest Griffin,DEC,
2008-07-05,Josh Koscheck,Chris Lytle,Josh Koscheck,DEC,
2008-07-05,Melvin Guillard,Dennis Siver,Melvin Guillard,KO/TKO,
2008-07-05,Tyson Griffin,Marcus Aurelio,Tyson Griffin,DEC,
2008-07-05,Joe Stevenson,Gleison Tibau,Joe Stevenson,SUB,
2008-07-05,Cole Miller,Jorge Gurgel,Cole Miller,SUB,
2008-07-05,Gabriel Gonzaga,Justin McCully,Gabriel Gonzaga,SUB,
2008-07-05,Patrick Cote,Ricardo Almeida,Patrick Cote,DEC,
2008-07-05,Justin Buchholz,Corey Hill,Justin Buchholz,SUB,
2008-07-19,Kevin Burns,Anthony Johnson,Kevin Burns,KO/TKO,
2008-07-19,Shannon Gugerty,Dale Hartt,Shannon Gugerty,SUB,
2008-07-19,Brandon Vera,Reese Andy,Brandon Vera,DEC,
2008-07-19,CB Dollaway,Jesse Taylor,CB Dollaway,SUB,
2008-07-19,Tim Credeur,Cale Yarbrough,Tim Credeur,KO/TKO,
2008-07-19,Frankie Edgar,Hermes Franca,Frankie Edgar,DEC,
2008-07-19,Cain Velasquez,Jake O'Brien,Cain Velasquez,KO/TKO,
2008-07-19,Nate Loughran,Johnny Rees,Nate Loughran,SUB,
2008-07-19,Anderson Silva,James Irvin,Anderson Silva,KO/TKO,
2008-07-19,Brad Blackburn,James Giboo,Brad Blackburn,KO/TKO,
2008-07-19,Rory Markham,Brodie Farber,Rory Markham,KO/TKO,
2008-08-02,Alexandre Pantoja,Peterson Malfort,Alexandre Pantoja,,RF: Rocinha Fight
2008-08-09,Brock Lesnar,Heath Herring,Brock Lesnar,DEC,
2008-08-09,Rob Emerson,Manvel Gamburyan,Rob Emerson,KO/TKO,
2008-08-09,Demian Maia,Jason MacDonald,Demian Maia,SUB,
2008-08-09,Georges St-Pierre,Jon Fitch,Georges St-Pierre,DEC,
2008-08-09,Tamdan McCrory,Luke Cummo,Tamdan McCrory,DEC,
2008-08-09,Jon Jones,Andre Gusmao,Jon Jones,DEC,
2008-08-09,Kenny Florian,Roger Huerta,Kenny Florian,DEC,
2008-08-09,Ben Saunders,Ryan Thomas,Ben Saunders,SUB,
2008-08-09,Cheick Kongo,Dan Evensen,Cheick Kongo,KO/TKO,
2008-08-09,Chris Wilson,Steve Bruno,Chris Wilson,DEC,
2008-08-15,Darren Elkins,Kenny Klein,Darren Elkins,,C3: Summer Fight Fest 3
2008-09-06,Rashad Evans,Chuck Liddell,Rashad Evans,KO/TKO,
2008-09-06,Dan Henderson,Rousimar Palhares,Dan Henderson,DEC,
2008-09-06,Ryo Chonan,Roan Carneiro,Ryo Chonan,DEC,
2008-09-06,Dong Hyun Kim,Matt Brown,Dong Hyun Kim,DEC,
2008-09-06,Kurt Pellegrino,Thiago Tavares,Kurt Pellegrino,DEC,
2008-09-06,Rich Franklin,Matt Hamill,Rich Franklin,KO/TKO,
2008-09-06,Tim Boetsch,Michael Patt,Tim Boetsch,KO/TKO,
2008-09-06,Nate Marquardt,Martin Kampmann,Nate Marquardt,KO/TKO,
2008-09-06,Jason MacDonald,Jason Lambert,Jason MacDonald,SUB,
2008-09-17,Clay Guida,Mac Danzig,Clay Guida,DEC,
2008-09-17,Nate Diaz,Josh Neer,Nate Diaz,DEC,
2008-09-17,Alessio Sakara,Joe Vedepo,Alessio Sakara,KO/TKO,
2008-09-17,Wilson Gouveia,Ryan Jensen,Wilson Gouveia,SUB,
2008-09-17,Mike Massenzio,Drew McFedries,Mike Massenzio,SUB,
2008-09-17,Jason Brilz,Brad Morris,Jason Brilz,KO/TKO,
2008-09-17,Alan Belcher,Ed Herman,Alan Belcher,DEC,
2008-09-17,Dan Miller,Rob Kimmons,Dan Miller,SUB,
2008-09-17,Eric Schafer,Houston Alexander,Eric Schafer,SUB,
2008-09-17,Joe Lauzon,Kyle Bradley,Joe Lauzon,KO/TKO,
2008-09-19,Chidi Njokuani,Andrew Moncriefe,Chidi Njokuani,,SWC 1: Inception
2008-09-25,William Vianna,Alexandre Pantoja,William Vianna,,WOCS: Watch Out Combat Show 2
2008-09-26,Court McGee,Isidro Gonzalez,Court McGee,,Throwdown Showdown 2: The Return
2008-10-18,Luiz Cane,Rameau Thierry Sokoudjou,Luiz Cane,KO/TKO,
2008-10-18,David Bielkheden,Jess Liaudin,David Bielkheden,DEC,
2008-10-18,Dan Hardy,Akihiro Gono,Dan Hardy,DEC,
2008-10-18,Jim Miller,David Baron,Jim Miller,SUB,
2008-10-18,Shane Carwin,Neil Wain,Shane Carwin,KO/TKO,
2008-10-18,Marcus Davis,Paul Kelly,Marcus Davis,SUB,
2008-10-18,Keith Jardine,Brandon Vera,Keith Jardine,DEC,
2008-10-18,Per Eklund,Samy Schiavo,Per Eklund,SUB,
2008-10-18,Chris Lytle,Paul Taylor,Chris Lytle,DEC,
2008-10-18,Michael Bisping,Chris Leben,Michael Bisping,DEC,
2008-10-18,Terry Etim,Sam Stout,Terry Etim,DEC,
2008-10-25,Pete Sell,Joshua Burkman,Pete Sell,DEC,
2008-10-25,Thales Leites,Drew McFedries,Thales Leites,SUB,
2008-10-25,Anderson Silva,Patrick Cote,Anderson Silva,KO/TKO,
2008-10-25,Thiago Alves,Josh Koscheck,Thiago Alves,DEC,
2008-10-25,Junior Dos Santos,Fabricio Werdum,Junior Dos Santos,KO/TKO,
2008-10-25,Hermes Franca,Marcus Aurelio,Hermes Franca,DEC,
2008-10-25,Spencer Fisher,Shannon Gugerty,Spencer Fisher,SUB,
2008-10-25,Sean Sherk,Tyson Griffin,Sean Sherk,DEC,
2008-10-25,Dan Miller,Matt Horwich,Dan Miller,DEC,
2008-10-25,Gray Maynard,Rich Clementi,Gray Maynard,DEC,
2008-11-07,Neil Magny,Darion Terry,Neil Magny,,RTP: Rumble Time Promotions
2008-11-10,Yan Xiaonan,TBA,Yan Xiaonan,,Xian Sports University: Ultimate Wrestle
2008-11-15,Demian Maia,Nate Quarry,Demian Maia,SUB,
2008-11-15,Mark Bocek,Alvin Robinson,Mark Bocek,SUB,
2008-11-15,Jeremy Stephens,Rafael Dos Anjos,Jeremy Stephens,KO/TKO,
2008-11-15,Matt Brown,Ryan Thomas,Matt Brown,SUB,
2008-11-15,Kenny Florian,Joe Stevenson,Kenny Florian,SUB,
2008-11-15,Brock Lesnar,Randy Couture,Brock Lesnar,KO/TKO,
2008-11-15,Gabriel Gonzaga,Josh Hendricks,Gabriel Gonzaga,KO/TKO,
2008-11-15,Aaron Riley,Jorge Gurgel,Aaron Riley,DEC,
2008-11-15,Dustin Hazelett,Tamdan McCrory,Dustin Hazelett,SUB,
2008-11-22,Darren Elkins,Pat Curran,Darren Elkins,,C3: Domination
2008-12-10,Dale Hartt,Corey Hill,Dale Hartt,KO/TKO,
2008-12-10,Jim Miller,Matt Wiman,Jim Miller,DEC,
2008-12-10,Tim Credeur,Nate Loughran,Tim Credeur,KO/TKO,
2008-12-10,Steve Cantwell,Razak Al-Hassan,Steve Cantwell,SUB,
2008-12-10,Josh Koscheck,Yoshiyuki Yoshida,Josh Koscheck,KO/TKO,
2008-12-10,Mike Swick,Jonathan Goulet,Mike Swick,KO/TKO,
2008-12-10,Ben Saunders,Brandon Wolff,Ben Saunders,KO/TKO,
2008-12-10,Luigi Fioravanti,Brodie Farber,Luigi Fioravanti,DEC,
2008-12-10,Steve Bruno,Johnny Rees,Steve Bruno,SUB,
2008-12-10,Justin McCully,Eddie Sanchez,Justin McCully,DEC,
2008-12-13,Tom Lawlor,Kyle Kingsbury,Tom Lawlor,DEC,
2008-12-13,Shane Nelson,George Roop,Shane Nelson,DEC,
2008-12-13,Krzysztof Soszynski,Shane Primm,Krzysztof Soszynski,SUB,
2008-12-13,Eliot Marshall,Jules Bruchez,Eliot Marshall,SUB,
2008-12-13,Junie Browning,David Kaplan,Junie Browning,SUB,
2008-12-13,Wilson Gouveia,Jason MacDonald,Wilson Gouveia,KO/TKO,
2008-12-13,Anthony Johnson,Kevin Burns,Anthony Johnson,KO/TKO,
2008-12-13,Ryan Bader,Vinny Magalhaes,Ryan Bader,KO/TKO,
2008-12-13,Efrain Escudero,Phillipe Nover,Efrain Escudero,DEC,
2008-12-13,Rolando Delgado,John Polakowski,Rolando Delgado,SUB,
2008-12-27,Frank Mir,Antonio Rodrigo Nogueira,Frank Mir,KO/TKO,
2008-12-27,Pat Barry,Dan Evensen,Pat Barry,KO/TKO,
2008-12-27,Matt Hamill,Reese Andy,Matt Hamill,KO/TKO,
2008-12-27,Rashad Evans,Forrest Griffin,Rashad Evans,KO/TKO,
2008-12-27,Cheick Kongo,Mostapha Al-Turk,Cheick Kongo,KO/TKO,
2008-12-27,Quinton Jackson,Wanderlei Silva,Quinton Jackson,KO/TKO,
2008-12-27,Brad Blackburn,Ryo Chonan,Brad Blackburn,DEC,
2008-12-27,CB Dollaway,Mike Massenzio,CB Dollaway,KO/TKO,
2008-12-27,Yushin Okami,Dean Lister,Yushin Okami,DEC,
2008-12-27,Antoni Hardonk,Mike Wessel,Antoni Hardonk,KO/TKO,
2009-01-17,Tomasz Drwal,Ivan Serati,Tomasz Drwal,KO/TKO,
2009-01-17,Marcus Davis,Chris Lytle,Marcus Davis,DEC,
2009-01-17,Alan Belcher,Denis Kang,Alan Belcher,SUB,
2009-01-17,Eric Schafer,Antonio Mendes,Eric Schafer,KO/TKO,
2009-01-17,Dan Henderson,Rich Franklin,Dan Henderson,DEC,
2009-01-17,Martin Kampmann,Alexandre Barros,Martin Kampmann,KO/TKO,
2009-01-17,Mauricio Rua,Mark Coleman,Mauricio Rua,KO/TKO,
2009-01-17,Dennis Siver,Nate Mohr,Dennis Siver,KO/TKO,
2009-01-17,Rousimar Palhares,Jeremy Horn,Rousimar Palhares,DEC,
2009-01-17,John Hathaway,Tom Egan,John Hathaway,KO/TKO,
2009-01-31,Jon Fitch,Akihiro Gono,Jon Fitch,DEC,
2009-01-31,Lyoto Machida,Thiago Silva,Lyoto Machida,KO/TKO,
2009-01-31,Dan Cramer,Matt Arroyo,Dan Cramer,DEC,
2009-01-31,Thiago Tavares,Manvel Gamburyan,Thiago Tavares,DEC,
2009-01-31,John Howard,Chris Wilson,John Howard,DEC,
2009-01-31,Jon Jones,Stephan Bonnar,Jon Jones,DEC,
2009-01-31,Clay Guida,Nate Diaz,Clay Guida,DEC,
2009-01-31,Jake O'Brien,Christian Wellisch,Jake O'Brien,DEC,
2009-01-31,Georges St-Pierre,BJ Penn,Georges St-Pierre,KO/TKO,
2009-02-07,Cain Velasquez,Denis Stojnic,Cain Velasquez,KO/TKO,
2009-02-07,Josh Neer,Mac Danzig,Josh Neer,SUB,
2009-02-07,Nick Catone,Derek Downey,Nick Catone,SUB,
2009-02-07,Joe Lauzon,Jeremy Stephens,Joe Lauzon,SUB,
2009-02-07,Kurt Pellegrino,Rob Emerson,Kurt Pellegrino,SUB,
2009-02-07,Dan Miller,Jake Rosholt,Dan Miller,SUB,
2009-02-07,Matt Veach,Matt Grice,Matt Veach,KO/TKO,
2009-02-07,Anthony Johnson,Luigi Fioravanti,Anthony Johnson,KO/TKO,
2009-02-07,Matthew Riddle,Steve Bruno,Matthew Riddle,DEC,
2009-02-07,Gleison Tibau,Rich Clementi,Gleison Tibau,SUB,
2009-02-21,Evan Dunham,Per Eklund,Evan Dunham,KO/TKO,
2009-02-21,Junior Dos Santos,Stefan Struve,Junior Dos Santos,KO/TKO,
2009-02-21,Terry Etim,Brian Cobb,Terry Etim,KO/TKO,
2009-02-21,Paul Kelly,Troy Mandaloniz,Paul Kelly,DEC,
2009-02-21,Dan Hardy,Rory Markham,Dan Hardy,KO/TKO,
2009-02-21,Diego Sanchez,Joe Stevenson,Diego Sanchez,DEC,
2009-02-21,Mike Ciesnolevicz,Neil Grove,Mike Ciesnolevicz,SUB,
2009-02-21,Demian Maia,Chael Sonnen,Demian Maia,SUB,
2009-02-21,Paulo Thiago,Josh Koscheck,Paulo Thiago,KO/TKO,
2009-02-21,Nate Marquardt,Wilson Gouveia,Nate Marquardt,KO/TKO,
2009-03-07,Matt Hamill,Mark Munoz,Matt Hamill,KO/TKO,
2009-03-07,Jason Brilz,Tim Boetsch,Jason Brilz,DEC,
2009-03-07,Kendall Grove,Jason Day,Kendall Grove,KO/TKO,
2009-03-07,Brandon Vera,Michael Patt,Brandon Vera,KO/TKO,
2009-03-07,Quinton Jackson,Keith Jardine,Quinton Jackson,DEC,
2009-03-07,Shane Carwin,Gabriel Gonzaga,Shane Carwin,KO/TKO,
2009-03-07,Shane Nelson,Aaron Riley,Shane Nelson,KO/TKO,
2009-03-07,Gray Maynard,Jim Miller,Gray Maynard,DEC,
2009-03-07,Dan Hooker,Mike Taylor,Dan Hooker,,SCF 2: Supremacy Cage Fighting 2
2009-03-07,Tamdan McCrory,Ryan Madigan,Tamdan McCrory,KO/TKO,
2009-03-07,Matt Brown,Pete Sell,Matt Brown,KO/TKO,
2009-03-28,Alexandre Pantoja,Gabriel Wolff,Alexandre Pantoja,,Shooto: Brazil 11
2009-03-28,Kelvin Gastelum,Luis Magana,Kelvin Gastelum,,Warrior Championship Fighting 1
2009-04-01,Tim Credeur,Nick Catone,Tim Credeur,SUB,
2009-04-01,Brock Larson,Jesse Sanders,Brock Larson,SUB,
2009-04-01,Aaron Simpson,Tim McKenzie,Aaron Simpson,KO/TKO,
2009-04-01,Ricardo Almeida,Matt Horwich,Ricardo Almeida,DEC,
2009-04-01,Tyson Griffin,Rafael Dos Anjos,Tyson Griffin,DEC,
2009-04-01,Martin Kampmann,Carlos Condit,Martin Kampmann,DEC,
2009-04-01,Gleison Tibau,Jeremy Stephens,Gleison Tibau,DEC,
2009-04-01,Cole Miller,Junie Browning,Cole Miller,SUB,
2009-04-01,Jorge Rivera,Nissen Osterneck,Jorge Rivera,DEC,
2009-04-01,Rob Kimmons,Joe Vedepo,Rob Kimmons,SUB,
2009-04-01,Ryan Bader,Carmelo Marrero,Ryan Bader,DEC,
2009-04-02,Patricio Pitbull,Gleristone Santos,Patricio Pitbull,,BNC: Brazil Nordeste Combat
2009-04-17,Edson Barboza,Aaron Steadman,Edson Barboza,,RFC 17: Street Kings
2009-04-18,Nate Quarry,Jason MacDonald,Nate Quarry,KO/TKO,
2009-04-18,Mauricio Rua,Chuck Liddell,Mauricio Rua,KO/TKO,
2009-04-18,Anderson Silva,Thales Leites,Anderson Silva,DEC,
2009-04-18,Cheick Kongo,Antoni Hardonk,Cheick Kongo,KO/TKO,
2009-04-18,Mark Bocek,David Bielkheden,Mark Bocek,SUB,
2009-04-18,TJ Grant,Ryo Chonan,TJ Grant,DEC,
2009-04-18,Ed Herman,David Loiseau,Ed Herman,DEC,
2009-04-18,Luiz Cane,Steve Cantwell,Luiz Cane,DEC,
2009-04-18,Eliot Marshall,Vinny Magalhaes,Eliot Marshall,DEC,
2009-04-18,Denis Kang,Xavier Foupa-Pokam,Denis Kang,DEC,
2009-04-18,Sam Stout,Matt Wiman,Sam Stout,DEC,
2009-04-18,Krzysztof Soszynski,Brian Stann,Krzysztof Soszynski,SUB,
2009-04-19,Alexander Volkov,Nikolay Pleshakov,Alexander Volkov,,M-1 Challenge: 2009 Selections 2
2009-05-08,Tim Elliott,Jerod Spoon,,Draw,BB: Bricktown Brawl 1
2009-05-23,Matt Hughes,Matt Serra,Matt Hughes,DEC,
2009-05-23,Drew McFedries,Xavier Foupa-Pokam,Drew McFedries,KO/TKO,
2009-05-23,Krzysztof Soszynski,Andre Gusmao,Krzysztof Soszynski,KO/TKO,
2009-05-23,Frankie Edgar,Sean Sherk,Frankie Edgar,DEC,
2009-05-23,Chael Sonnen,Dan Miller,Chael Sonnen,DEC,
2009-05-23,Tim Hague,Pat Barry,Tim Hague,SUB,
2009-05-23,Lyoto Machida,Rashad Evans,Lyoto Machida,KO/TKO,
2009-05-23,George Roop,David Kaplan,George Roop,DEC,
2009-05-23,Yoshiyuki Yoshida,Brandon Wolff,Yoshiyuki Yoshida,SUB,
2009-05-23,Kyle Bradley,Phillipe Nover,Kyle Bradley,KO/TKO,
2009-05-23,Brock Larson,Mike Pyle,Brock Larson,SUB,
2009-05-28,Alexander Volkov,Adam Alikhanov,Alexander Volkov,,M-1 Challenge: 2009 Selections 3
2009-05-30,Alexandre Pantoja,Bruno Moreno,Alexandre Pantoja,,Shooto: Brazil 12
2009-05-30,Darren Elkins,Danny Rodriguez,Darren Elkins,,TFC 15: Total Fight Challenge 15
2009-06-13,Terry Etim,Justin Buchholz,Terry Etim,SUB,
2009-06-13,Spencer Fisher,Caol Uno,Spencer Fisher,DEC,
2009-06-13,Cain Velasquez,Cheick Kongo,Cain Velasquez,DEC,
2009-06-13,John Hathaway,Rick Story,John Hathaway,DEC,
2009-06-13,Dan Hardy,Marcus Davis,Dan Hardy,DEC,
2009-06-13,Paul Taylor,Peter Sobotta,Paul Taylor,DEC,
2009-06-13,Paul Kelly,Rolando Delgado,Paul Kelly,DEC,
2009-06-13,Rich Franklin,Wanderlei Silva,Rich Franklin,DEC,
2009-06-13,Dennis Siver,Dale Hartt,Dennis Siver,SUB,
2009-06-13,Edson Barboza,Lee King,Edson Barboza,,RMMA: Renaissance MMA 12
2009-06-13,Mike Swick,Ben Saunders,Mike Swick,KO/TKO,
2009-06-13,Mirko Filipovic,Mostapha Al-Turk,Mirko Filipovic,KO/TKO,
2009-06-13,Stefan Struve,Denis Stojnic,Stefan Struve,SUB,
2009-06-20,Nick Osipczak,Frank Lester,Nick Osipczak,SUB,
2009-06-20,Jason Dent,Cameron Dollar,Jason Dent,SUB,
2009-06-20,James Wilks,DaMarques Johnson,James Wilks,SUB,
2009-06-20,Joe Stevenson,Nate Diaz,Joe Stevenson,DEC,
2009-06-20,Ross Pearson,Andre Winner,Ross Pearson,DEC,
2009-06-20,Diego Sanchez,Clay Guida,Diego Sanchez,DEC,
2009-06-20,Tomasz Drwal,Mike Ciesnolevicz,Tomasz Drwal,KO/TKO,
2009-06-20,Melvin Guillard,Gleison Tibau,Melvin Guillard,DEC,
2009-06-20,Brad Blackburn,Edgar Garcia,Brad Blackburn,DEC,
2009-06-20,Chris Lytle,Kevin Burns,Chris Lytle,DEC,
2009-06-24,Akhmed Sultanov,Alexander Volkov,Akhmed Sultanov,,M-1 Challenge: 2009 Selections 4
2009-06-27,Shane Howell,Tim Elliott,Shane Howell,,HFN: Harrah Fight Night
2009-06-27,Vicente Luque,Andre Playboy,Vicente Luque,,FC300: Fight Club 300
2009-07-11,Mark Coleman,Stephan Bonnar,Mark Coleman,DEC,
2009-07-11,Dan Henderson,Michael Bisping,Dan Henderson,KO/TKO,
2009-07-11,Tom Lawlor,CB Dollaway,Tom Lawlor,SUB,
2009-07-11,Jon Fitch,Paulo Thiago,Jon Fitch,DEC,
2009-07-11,Jim Miller,Mac Danzig,Jim Miller,DEC,
2009-07-11,Jon Jones,Jake O'Brien,Jon Jones,SUB,
2009-07-11,Dong Hyun Kim,TJ Grant,Dong Hyun Kim,DEC,
2009-07-11,Shannon Gugerty,Matt Grice,Shannon Gugerty,SUB,
2009-07-11,Georges St-Pierre,Thiago Alves,Georges St-Pierre,DEC,
2009-07-11,Yoshihiro Akiyama,Alan Belcher,Yoshihiro Akiyama,DEC,
2009-07-11,Brock Lesnar,Frank Mir,Brock Lesnar,KO/TKO,
2009-07-18,Court McGee,Dayle Jarvis,Court McGee,,XC: Xtreme Combat
2009-07-25,Adam Calver,Dan Hooker,Adam Calver,,SCF 3: Supremacy Cage Fighting 3
2009-08-08,Jesse Lennox,Danillo Villefort,Jesse Lennox,KO/TKO,
2009-08-08,John Howard,Tamdan McCrory,John Howard,DEC,
2009-08-08,Kurt Pellegrino,Josh Neer,Kurt Pellegrino,DEC,
2009-08-08,Anderson Silva,Forrest Griffin,Anderson Silva,KO/TKO,
2009-08-08,Ricardo Almeida,Kendall Grove,Ricardo Almeida,DEC,
2009-08-08,Alessio Sakara,Thales Leites,Alessio Sakara,DEC,
2009-08-08,Aaron Riley,Shane Nelson,Aaron Riley,DEC,
2009-08-08,George Sotiropoulos,George Roop,George Sotiropoulos,SUB,
2009-08-08,Matthew Riddle,Dan Cramer,Matthew Riddle,DEC,
2009-08-08,Johny Hendricks,Amir Sadollah,Johny Hendricks,KO/TKO,
2009-08-08,BJ Penn,Kenny Florian,BJ Penn,SUB,
2009-08-13,Patricio Pitbull,Giovani Diniz,Patricio Pitbull,,PFB: Platinum Fight Brazil
2009-08-27,Alexandre Pantoja,Michael William Costa,Alexandre Pantoja,,Shooto: Brazil 13
2009-08-28,Jacky Bryant,Tim Elliott,Jacky Bryant,,BB: Bricktown Brawl 2
2009-08-29,Mark Munoz,Nick Catone,Mark Munoz,DEC,
2009-08-29,Antonio Rodrigo Nogueira,Randy Couture,Antonio Rodrigo Nogueira,DEC,
2009-08-29,Aaron Simpson,Ed Herman,Aaron Simpson,KO/TKO,
2009-08-29,Thiago Silva,Keith Jardine,Thiago Silva,KO/TKO,
2009-08-29,Gabriel Gonzaga,Chris Tuchscherer,Gabriel Gonzaga,KO/TKO,
2009-08-29,Nate Marquardt,Demian Maia,Nate Marquardt,KO/TKO,
2009-08-29,Jake Rosholt,Chris Leben,Jake Rosholt,SUB,
2009-08-29,Brandon Vera,Krzysztof Soszynski,Brandon Vera,DEC,
2009-08-29,Mike Russow,Justin McCully,Mike Russow,DEC,
2009-08-29,Evan Dunham,Marcus Aurelio,Evan Dunham,DEC,
2009-08-29,Todd Duffee,Tim Hague,Todd Duffee,KO/TKO,
2009-09-12,Ted Worthington,Darren Elkins,Ted Worthington,,DC 6: Duneland Classic 6
2009-09-16,Nate Diaz,Melvin Guillard,Nate Diaz,SUB,
2009-09-16,Ryan Jensen,Steve Steinbeiss,Ryan Jensen,SUB,
2009-09-16,CB Dollaway,Jay Silva,CB Dollaway,DEC,
2009-09-16,Brian Stann,Steve Cantwell,Brian Stann,DEC,
2009-09-16,Mike Pyle,Chris Wilson,Mike Pyle,SUB,
2009-09-16,Carlos Condit,Jake Ellenberger,Carlos Condit,DEC,
2009-09-16,Nate Quarry,Tim Credeur,Nate Quarry,DEC,
2009-09-16,Gray Maynard,Roger Huerta,Gray Maynard,DEC,
2009-09-16,Mike Pierce,Brock Larson,Mike Pierce,DEC,
2009-09-16,Jeremy Stephens,Justin Buchholz,Jeremy Stephens,KO/TKO,
2009-09-19,Jim Miller,Steve Lopez,Jim Miller,KO/TKO,
2009-09-19,Josh Koscheck,Frank Trigg,Josh Koscheck,KO/TKO,
2009-09-19,Eliot Marshall,Jason Brilz,Eliot Marshall,DEC,
2009-09-19,Tomasz Drwal,Drew McFedries,Tomasz Drwal,SUB,
2009-09-19,Efrain Escudero,Cole Miller,Efrain Escudero,KO/TKO,
2009-09-19,Nik Lentz,Rafaello Oliveira,Nik Lentz,DEC,
2009-09-19,Tyson Griffin,Hermes Franca,Tyson Griffin,KO/TKO,
2009-09-19,Paul Daley,Martin Kampmann,Paul Daley,KO/TKO,
2009-09-19,Rafael Dos Anjos,Rob Emerson,Rafael Dos Anjos,DEC,
2009-09-19,Vladimir Matyushenko,Igor Pokrajac,Vladimir Matyushenko,DEC,
2009-09-19,Junior Dos Santos,Mirko Filipovic,Junior Dos Santos,KO/TKO,
2009-09-19,Vitor Belfort,Rich Franklin,Vitor Belfort,KO/TKO,
2009-09-19,Rick Story,Brian Foster,Rick Story,SUB,
2009-09-25,Warren Thompson,Chidi Njokuani,Warren Thompson,,BFN 3: Bangkok Fight Night 3
2009-09-26,Patricio Pitbull,Vinicius Zani,Patricio Pitbull,,EFC: Eagle Fighting Championship
2009-09-27,Alexandre Pantoja,Magno Alves,Alexandre Pantoja,,WOCS: Watch Out Combat Show 5
2009-10-04,Alexander Volkov,Abdulhalik Magomedov,Alexander Volkov,,M-1 Challenge: 2009 Selections 8
2009-10-10,Darren Elkins,Bryan Neville,Darren Elkins,,TFC 17: Total Fight Challenge 17
2009-10-24,Cain Velasquez,Ben Rothwell,Cain Velasquez,KO/TKO,
2009-10-24,Ryan Bader,Eric Schafer,Ryan Bader,DEC,
2009-10-24,Kyle Kingsbury,Razak Al-Hassan,Kyle Kingsbury,DEC,
2009-10-24,Anthony Johnson,Yoshiyuki Yoshida,Anthony Johnson,KO/TKO,
2009-10-24,Chael Sonnen,Yushin Okami,Chael Sonnen,DEC,
2009-10-24,Stefan Struve,Chase Gormley,Stefan Struve,SUB,
2009-10-24,Vicente Luque,Pedro Borges dos Santos,Vicente Luque,,TG: The Gladiators 2
2009-10-24,Pat Barry,Antoni Hardonk,Pat Barry,KO/TKO,
2009-10-24,Joe Stevenson,Spencer Fisher,Joe Stevenson,KO/TKO,
2009-10-24,Lyoto Machida,Mauricio Rua,Lyoto Machida,DEC,
2009-10-24,Jorge Rivera,Rob Kimmons,Jorge Rivera,KO/TKO,
2009-10-24,Gleison Tibau,Josh Neer,Gleison Tibau,DEC,
2009-10-30,Alexander Volkov,Smbat Zakaryan,Alexander Volkov,,ProFC: Union Nation Cup 3
2009-11-14,Andre Winner,Rolando Delgado,Andre Winner,KO/TKO,
2009-11-14,Dan Hardy,Mike Swick,Dan Hardy,DEC,
2009-11-14,Michael Bisping,Denis Kang,Michael Bisping,KO/TKO,
2009-11-14,Randy Couture,Brandon Vera,Randy Couture,DEC,
2009-11-14,Terry Etim,Shannon Gugerty,Terry Etim,SUB,
2009-11-14,John Hathaway,Paul Taylor,John Hathaway,DEC,
2009-11-14,Ross Pearson,Aaron Riley,Ross Pearson,KO/TKO,
2009-11-14,Alexander Gustafsson,Jared Hamman,Alexander Gustafsson,KO/TKO,
2009-11-14,Dennis Siver,Paul Kelly,Dennis Siver,KO/TKO,
2009-11-14,Dan Hooker,Adam Calver,Dan Hooker,,SCF 4: Legends Rise
2009-11-14,Nick Osipczak,Matthew Riddle,Nick Osipczak,KO/TKO,
2009-11-14,Matt Brown,James Wilks,Matt Brown,KO/TKO,
2009-11-20,Edson Barboza,Lee King,Edson Barboza,,RMMA: Renaissance MMA 15
2009-11-20,Darren Elkins,Gideon Ray,Darren Elkins,,Hoosier FC 1: Raise Up
2009-11-21,Amir Sadollah,Phil Baroni,Amir Sadollah,DEC,
2009-11-21,Forrest Griffin,Tito Ortiz,Forrest Griffin,DEC,
2009-11-21,Josh Koscheck,Anthony Johnson,Josh Koscheck,SUB,
2009-11-21,Kendall Grove,Jake Rosholt,Kendall Grove,SUB,
2009-11-21,Yan Xiaonan,Jin Tang,Yan Xiaonan,,Xian Sports University: Ultimate Wrestle
2009-11-21,Paulo Thiago,Jacob Volkmann,Paulo Thiago,DEC,
2009-11-21,Ben Saunders,Marcus Davis,Ben Saunders,KO/TKO,
2009-11-21,Rogerio Nogueira,Luiz Cane,Rogerio Nogueira,KO/TKO,
2009-11-21,Brian Foster,Brock Larson,Brian Foster,KO/TKO,
2009-11-21,George Sotiropoulos,Jason Dent,George Sotiropoulos,SUB,
2009-11-29,Dooho Choi,Takashi Matsuoka,Dooho Choi,,Grachan: Grachan 3
2009-12-03,Alexander Volkov,Ibragim Magomedov,Alexander Volkov,,M-1 Challenge 20: 2009 Finals
2009-12-05,Matt Hamill,Jon Jones,Matt Hamill,DQ,
2009-12-05,Roy Nelson,Brendan Schaub,Roy Nelson,KO/TKO,
2009-12-05,Frankie Edgar,Matt Veach,Frankie Edgar,SUB,
2009-12-05,Patricio Pitbull,Johnny Iwasaki,Patricio Pitbull,,PFB: Platinum Fight Brazil 2
2009-12-05,Mark Bocek,Joe Brammer,Mark Bocek,SUB,
2009-12-05,John Howard,Dennis Hallman,John Howard,KO/TKO,
2009-12-05,Kevin Ferguson,Houston Alexander,Kevin Ferguson,DEC,
2009-12-05,Dan Hooker,Ken Yasuda,Dan Hooker,,Rize 3: Ascension
2009-12-05,James McSweeney,Darrill Schoonover,James McSweeney,KO/TKO,
2009-12-05,Jon Madsen,Justin Wren,Jon Madsen,DEC,
2009-12-05,Matt Mitrione,Marcus Jones,Matt Mitrione,KO/TKO,
2009-12-05,Brian Stann,Rodney Wallace,Brian Stann,DEC,
2009-12-11,Tim Elliott,Victor Veloquio,Tim Elliott,,BB 3: Holiday Havoc
2009-12-12,Kenny Florian,Clay Guida,Kenny Florian,SUB,
2009-12-12,Jon Fitch,Mike Pierce,Jon Fitch,DEC,
2009-12-12,BJ Penn,Diego Sanchez,BJ Penn,KO/TKO,
2009-12-12,DaMarques Johnson,Edgar Garcia,DaMarques Johnson,SUB,
2009-12-12,Johny Hendricks,Ricardo Funch,Johny Hendricks,DEC,
2009-12-12,Alan Belcher,Wilson Gouveia,Alan Belcher,KO/TKO,
2009-12-12,Alexandre Pantoja,Ralph Leandro Lopez,Alexandre Pantoja,,WOCS: Watch Out Combat Show 6
2009-12-12,Stefan Struve,Paul Buentello,Stefan Struve,DEC,
2009-12-12,Rousimar Palhares,Lucio Linhares,Rousimar Palhares,SUB,
2009-12-12,Frank Mir,Cheick Kongo,Frank Mir,SUB,
2009-12-12,Matt Wiman,Shane Nelson,Matt Wiman,DEC,
2009-12-12,TJ Grant,Kevin Burns,TJ Grant,KO/TKO,
2010-01-02,Rashad Evans,Thiago Silva,Rashad Evans,DEC,
2010-01-02,Jim Miller,Duane Ludwig,Jim Miller,SUB,
2010-01-02,Rafaello Oliveira,John Gunderson,Rafaello Oliveira,DEC,
2010-01-02,Mark Munoz,Ryan Jensen,Mark Munoz,KO/TKO,
2010-01-02,Paul Daley,Dustin Hazelett,Paul Daley,KO/TKO,
2010-01-02,Martin Kampmann,Jacob Volkmann,Martin Kampmann,SUB,
2010-01-02,Sam Stout,Joe Lauzon,Sam Stout,DEC,
2010-01-02,Junior Dos Santos,Gilbert Yvel,Junior Dos Santos,KO/TKO,
2010-01-02,Jake Ellenberger,Mike Pyle,Jake Ellenberger,KO/TKO,
2010-01-02,Cole Miller,Dan Lauzon,Cole Miller,SUB,
2010-01-11,Chris Leben,Jay Silva,Chris Leben,DEC,
2010-01-11,Evan Dunham,Efrain Escudero,Evan Dunham,SUB,
2010-01-11,Amir Sadollah,Brad Blackburn,Amir Sadollah,DEC,
2010-01-11,Gray Maynard,Nate Diaz,Gray Maynard,DEC,
2010-01-11,Aaron Simpson,Tom Lawlor,Aaron Simpson,DEC,
2010-01-11,Rory MacDonald,Mike Guymon,Rory MacDonald,SUB,
2010-01-11,Gerald Harris,John Salter,Gerald Harris,KO/TKO,
2010-01-11,Rafael Dos Anjos,Kyle Bradley,Rafael Dos Anjos,DEC,
2010-01-11,Nick Catone,Jesse Forbes,Nick Catone,DEC,
2010-01-11,Rick Story,Jesse Lennox,Rick Story,DEC,
2010-02-06,Melvin Guillard,Ronys Torres,Melvin Guillard,DEC,
2010-02-06,Joey Beltran,Rolles Gracie,Joey Beltran,KO/TKO,
2010-02-06,Demian Maia,Dan Miller,Demian Maia,DEC,
2010-02-06,Chris Tuchscherer,Tim Hague,Chris Tuchscherer,DEC,
2010-02-06,Randy Couture,Mark Coleman,Randy Couture,SUB,
2010-02-06,Phil Davis,Brian Stann,Phil Davis,DEC,
2010-02-06,Matt Serra,Frank Trigg,Matt Serra,KO/TKO,
2010-02-06,Chael Sonnen,Nate Marquardt,Chael Sonnen,DEC,
2010-02-06,Mac Danzig,Justin Buchholz,Mac Danzig,DEC,
2010-02-06,Paulo Thiago,Mike Swick,Paulo Thiago,SUB,
2010-02-06,Rob Emerson,Phillipe Nover,Rob Emerson,DEC,
2010-02-13,Azamat Murzakanov,Anzor Hakimov,Azamat Murzakanov,,ProFC: Union Nation Cup 5
2010-02-19,Edson Barboza,Nabih Barakat,Edson Barboza,,ROC 28: Ring of Combat 28
2010-02-20,George Sotiropoulos,Joe Stevenson,George Sotiropoulos,DEC,
2010-02-20,CB Dollaway,Goran Reljic,CB Dollaway,DEC,
2010-02-20,Mirko Filipovic,Anthony Perosh,Mirko Filipovic,KO/TKO,
2010-02-20,Wanderlei Silva,Michael Bisping,Wanderlei Silva,DEC,
2010-02-20,James Te Huna,Igor Pokrajac,James Te Huna,KO/TKO,
2010-02-20,Krzysztof Soszynski,Stephan Bonnar,Krzysztof Soszynski,KO/TKO,
2010-02-20,Ryan Bader,Keith Jardine,Ryan Bader,KO/TKO,
2010-02-20,Cain Velasquez,Antonio Rodrigo Nogueira,Cain Velasquez,KO/TKO,
2010-02-20,Chris Lytle,Brian Foster,Chris Lytle,SUB,
2010-02-26,Abus Magomedov,Nicola di Loreto,Abus Magomedov,,OC: Cage Fight Night 6
2010-03-05,Edson Barboza,Jose Figueroa,Edson Barboza,,RMMA: Renaissance MMA 16
2010-03-05,Dooho Choi,Jong Wha Lee,Dooho Choi,,M-1 Selection 2010: Asia Round 1
2010-03-20,Renato Moicano,Alexandre Almeida,Renato Moicano,,Jungle Fight 18: Sao Paulo
2010-03-21,Duane Ludwig,Darren Elkins,Darren Elkins,KO/TKO,
2010-03-21,Mike Pierce,Julio Paulino,Mike Pierce,DEC,
2010-03-21,Eric Schafer,Jason Brilz,Jason Brilz,DEC,
2010-03-21,Junior Dos Santos,Gabriel Gonzaga,Junior Dos Santos,KO/TKO,
2010-03-21,Clay Guida,Shannon Gugerty,Clay Guida,SUB,
2010-03-21,Brendan Schaub,Chase Gormley,Brendan Schaub,KO/TKO,
2010-03-21,Alessio Sakara,James Irvin,Alessio Sakara,KO/TKO,
2010-03-21,Brandon Vera,Jon Jones,Jon Jones,KO/TKO,
2010-03-21,Cheick Kongo,Paul Buentello,Cheick Kongo,KO/TKO,
2010-03-21,John Howard,Daniel Roberts,John Howard,KO/TKO,
2010-03-21,Eliot Marshall,Vladimir Matyushenko,Vladimir Matyushenko,DEC,
2010-03-27,Ben Saunders,Jon Fitch,Jon Fitch,DEC,
2010-03-27,Ricardo Almeida,Matt Brown,Ricardo Almeida,SUB,
2010-03-27,Nate Diaz,Rory Markham,Nate Diaz,KO/TKO,
2010-03-27,Rodney Wallace,Jared Hamman,Jared Hamman,DEC,
2010-03-27,Georges St-Pierre,Dan Hardy,Georges St-Pierre,DEC,
2010-03-27,Kurt Pellegrino,Fabricio Camoes,Kurt Pellegrino,SUB,
2010-03-27,Frank Mir,Shane Carwin,Shane Carwin,KO/TKO,
2010-03-27,Jim Miller,Mark Bocek,Jim Miller,DEC,
2010-03-27,Rousimar Palhares,Tomasz Drwal,Rousimar Palhares,SUB,
2010-03-27,Matthew Riddle,Greg Soto,Matthew Riddle,DQ,
2010-03-27,Sonny Brown,Dan Hooker,Sonny Brown,,Rize 4: Crowning Glory
2010-03-31,Caol Uno,Gleison Tibau,Gleison Tibau,KO/TKO,
2010-03-31,Kenny Florian,Takanori Gomi,Kenny Florian,SUB,
2010-03-31,Roy Nelson,Stefan Struve,Roy Nelson,KO/TKO,
2010-03-31,Charlie Brenneman,Jason High,Charlie Brenneman,DEC,
2010-03-31,Gerald Harris,Mario Miranda,Gerald Harris,KO/TKO,
2010-03-31,Nate Quarry,Jorge Rivera,Jorge Rivera,KO/TKO,
2010-03-31,Yushin Okami,Lucio Linhares,Yushin Okami,KO/TKO,
2010-03-31,Jacob Volkmann,Ronys Torres,Jacob Volkmann,DEC,
2010-03-31,Andre Winner,Rafaello Oliveira,Andre Winner,DEC,
2010-03-31,Ross Pearson,Dennis Siver,Ross Pearson,DEC,
2010-03-31,Rob Emerson,Nik Lentz,Nik Lentz,DEC,
2010-04-02,Tim Elliott,Michael Casteel,Tim Elliott,,BB: Bricktown Brawl 4
2010-04-10,Anderson Silva,Demian Maia,Anderson Silva,DEC,
2010-04-10,Kendall Grove,Mark Munoz,Mark Munoz,KO/TKO,
2010-04-10,Alexander Volkov,Vitalii Yalovenko,Alexander Volkov,,M-1 Selection 2010: Eastern Europe Round 2
2010-04-10,Nick Osipczak,Rick Story,Rick Story,DEC,
2010-04-10,Alexander Gustafsson,Phil Davis,Phil Davis,SUB,
2010-04-10,BJ Penn,Frankie Edgar,Frankie Edgar,DEC,
2010-04-10,Matt Hughes,Renzo Gracie,Matt Hughes,KO/TKO,
2010-04-10,DaMarques Johnson,Brad Blackburn,DaMarques Johnson,KO/TKO,
2010-04-10,Jon Madsen,Mostapha Al-Turk,Jon Madsen,DEC,
2010-04-10,Paul Kelly,Matt Veach,Paul Kelly,SUB,
2010-04-10,Terry Etim,Rafael Dos Anjos,Rafael Dos Anjos,SUB,
2010-04-17,Abus Magomedov,Sjobbe Clymans,Abus Magomedov,,OC: Cage Fight Night 7
2010-04-22,Patricio Pitbull,Will Romero,Patricio Pitbull,,BFC: Bellator Fighting Championships 15
2010-04-25,Brian Ortega,John Sassone,Brian Ortega,,Gladiator Challenge: Maximum Force
2010-05-08,TJ Grant,Johny Hendricks,Johny Hendricks,DEC,
2010-05-08,Joey Beltran,Tim Hague,Joey Beltran,DEC,
2010-05-08,Josh Koscheck,Paul Daley,Josh Koscheck,DEC,
2010-05-08,Marcus Davis,Jonathan Goulet,Marcus Davis,KO/TKO,
2010-05-08,Tom Lawlor,Joe Doerksen,Joe Doerksen,SUB,
2010-05-08,Yoshiyuki Yoshida,Mike Guymon,Mike Guymon,DEC,
2010-05-08,Sam Stout,Jeremy Stephens,Jeremy Stephens,DEC,
2010-05-08,Kevin Ferguson,Matt Mitrione,Matt Mitrione,KO/TKO,
2010-05-08,Lyoto Machida,Mauricio Rua,Mauricio Rua,KO/TKO,
2010-05-08,Patrick Cote,Alan Belcher,Alan Belcher,SUB,
2010-05-08,Jason MacDonald,John Salter,John Salter,KO/TKO,
2010-05-13,Patricio Pitbull,Wilson Reis,Patricio Pitbull,,BFC: Bellator Fighting Championships 18
2010-05-22,Jorge Lopez,Chidi Njokuani,Jorge Lopez,,MMA Xplosion: Next Generation Fighter
2010-05-28,Alexander Volkov,Alexander Romaschenko,Alexander Volkov,,M-1 Selection 2010: Eastern Europe Round 3
2010-05-29,Diego Sanchez,John Hathaway,John Hathaway,DEC,
2010-05-29,Aaron Riley,Joe Brammer,Aaron Riley,DEC,
2010-05-29,Michael Bisping,Dan Miller,Michael Bisping,DEC,
2010-05-29,Abus Magomedov,Fahd Jahri,Abus Magomedov,,Kiru: In The Spirit Of The Knights
2010-05-29,Quinton Jackson,Rashad Evans,Rashad Evans,DEC,
2010-05-29,Melvin Guillard,Waylon Lowe,Melvin Guillard,KO/TKO,
2010-05-29,Jesse Forbes,Ryan Jensen,Ryan Jensen,SUB,
2010-05-29,Efrain Escudero,Dan Lauzon,Efrain Escudero,DEC,
2010-05-29,Todd Duffee,Mike Russow,Mike Russow,KO/TKO,
2010-05-29,Amir Sadollah,Dong Hyun Kim,Dong Hyun Kim,DEC,
2010-05-29,Luiz Cane,Cyrille Diabate,Cyrille Diabate,KO/TKO,
2010-05-29,Jason Brilz,Rogerio Nogueira,Rogerio Nogueira,DEC,
2010-06-05,Felipe Portela,Vicente Luque,Felipe Portela,,CF: Capital Fight 2
2010-06-06,Yusuke Kagiyama,Dooho Choi,Yusuke Kagiyama,,Deep: Cage Impact 2010 in Osaka
2010-06-11,Edson Barboza,Marcelo Giudici,Edson Barboza,,ROC 30: Ring of Combat 30
2010-06-12,Tyson Griffin,Evan Dunham,Evan Dunham,DEC,
2010-06-12,Ricardo Funch,Claude Patrick,Claude Patrick,SUB,
2010-06-12,Paulo Thiago,Martin Kampmann,Martin Kampmann,DEC,
2010-06-12,Chuck Liddell,Rich Franklin,Rich Franklin,KO/TKO,
2010-06-12,Mac Danzig,Matt Wiman,Matt Wiman,SUB,
2010-06-12,Jussier Formiga,Alexandre Pantoja,Jussier Formiga,,Shooto: Brazil 16
2010-06-12,David Loiseau,Mario Miranda,Mario Miranda,KO/TKO,
2010-06-12,Carlos Condit,Rory MacDonald,Carlos Condit,KO/TKO,
2010-06-12,Mirko Filipovic,Pat Barry,Mirko Filipovic,SUB,
2010-06-12,Mike Pyle,Jesse Lennox,Mike Pyle,SUB,
2010-06-12,Ben Rothwell,Gilbert Yvel,Ben Rothwell,DEC,
2010-06-12,James Wilks,Peter Sobotta,James Wilks,DEC,
2010-06-17,Court McGee,Brad Tavares,Court McGee,,The Ultimate Fighter 11 Semifinal
2010-06-19,James McSweeney,Travis Browne,Travis Browne,KO/TKO,
2010-06-19,John Gunderson,Mark Holst,John Gunderson,DEC,
2010-06-19,Spencer Fisher,Dennis Siver,Dennis Siver,DEC,
2010-06-19,Chris Leben,Aaron Simpson,Chris Leben,KO/TKO,
2010-06-19,Keith Jardine,Matt Hamill,Matt Hamill,DEC,
2010-06-19,Chris Camozzi,James Hammortree,Chris Camozzi,DEC,
2010-06-19,Brad Tavares,Seth Baczynski,Brad Tavares,DEC,
2010-06-19,Josh Bryant,Kyle Noke,Kyle Noke,KO/TKO,
2010-06-19,Jamie Yager,Rich Attonito,Rich Attonito,KO/TKO,
2010-06-19,Court McGee,Kris McCray,Court McGee,SUB,
2010-06-20,Dooho Choi,Ikuo Usuda,Dooho Choi,,SRC: Sengoku Raiden Championships 13
2010-06-24,Joe Warren,Patricio Pitbull,Joe Warren,,BFC: Bellator Fighting Championships 23
2010-06-25,Tim Elliott,Cody Fuller,Tim Elliott,,BB: Bricktown Brawl 5
2010-06-27,Brian Ortega,Brady Harrison,Brian Ortega,,Gladiator Challenge: Bad Behavior
2010-06-27,Dooho Choi,Yuichiro Ono,Dooho Choi,,Gladiator: Gladiator 7
2010-07-03,George Sotiropoulos,Kurt Pellegrino,George Sotiropoulos,DEC,
2010-07-03,Chris Lytle,Matt Brown,Chris Lytle,SUB,
2010-07-03,Brendan Schaub,Chris Tuchscherer,Brendan Schaub,KO/TKO,
2010-07-03,Gerald Harris,David Branch,Gerald Harris,KO/TKO,
2010-07-03,Forrest Petz,Daniel Roberts,Daniel Roberts,DEC,
2010-07-03,Rob Lisita,Dan Hooker,Rob Lisita,,SCF 6: Southern Supremacy
2010-07-03,Kendall Grove,Goran Reljic,Kendall Grove,DEC,
2010-07-03,Chris Leben,Yoshihiro Akiyama,Chris Leben,SUB,
2010-07-03,Seth Petruzelli,Ricardo Romero,Ricardo Romero,SUB,
2010-07-03,Jon Madsen,Karlos Vemola,Jon Madsen,DEC,
2010-07-03,Brock Lesnar,Shane Carwin,Brock Lesnar,SUB,
2010-07-03,Krzysztof Soszynski,Stephan Bonnar,Stephan Bonnar,KO/TKO,
2010-07-15,Yan Xiaonan,Gina Iniong,Yan Xiaonan,,MC: Martial Combat 6
2010-07-22,Maxim Grishin,Alexander Volkov,Maxim Grishin,,M-1 Selection 2010: Eastern European Finals
2010-07-24,Marlon Vera,Romel Orosco,Marlon Vera,,QFC 3: Quito Fight Club 3
2010-07-24,Brian Ortega,Vincent Martinez,Brian Ortega,,RITC: Respect in the Cage July 2010
2010-07-31,Renato Moicano,Joao Paulo Rodrigues de Souza,Renato Moicano,,Jungle Fight 21
2010-07-31,Chidi Njokuani,Chris Kennedy,Chidi Njokuani,,MMA Xplosion: Vianna vs. Lacy
2010-08-01,DaMarques Johnson,Matthew Riddle,Matthew Riddle,KO/TKO,
2010-08-01,Tyson Griffin,Takanori Gomi,Takanori Gomi,KO/TKO,
2010-08-01,Darren Elkins,Charles Oliveira,Charles Oliveira,SUB,
2010-08-01,James Irvin,Igor Pokrajac,Igor Pokrajac,SUB,
2010-08-01,Brian Stann,Mike Massenzio,Brian Stann,SUB,
2010-08-01,Islam Makhachev,Magomed Bekbolatov,Islam Makhachev,,TFC 4: Tsumada Fighting Championship
2010-08-01,Rob Kimmons,Steve Steinbeiss,Rob Kimmons,DEC,
2010-08-01,John Howard,Jake Ellenberger,Jake Ellenberger,KO/TKO,
2010-08-01,Mark Munoz,Yushin Okami,Yushin Okami,DEC,
2010-08-01,Jon Jones,Vladimir Matyushenko,Jon Jones,KO/TKO,
2010-08-01,Paul Kelly,Jacob Volkmann,Jacob Volkmann,DEC,
2010-08-07,Roy Nelson,Junior Dos Santos,Junior Dos Santos,DEC,
2010-08-07,Matt Hughes,Ricardo Almeida,Matt Hughes,SUB,
2010-08-07,Ben Saunders,Dennis Hallman,Dennis Hallman,DEC,
2010-08-07,Dustin Hazelett,Rick Story,Rick Story,KO/TKO,
2010-08-07,Rodney Wallace,Phil Davis,Phil Davis,DEC,
2010-08-07,Todd Brown,Tim Boetsch,Tim Boetsch,DEC,
2010-08-07,Anderson Silva,Chael Sonnen,Anderson Silva,SUB,
2010-08-07,Jon Fitch,Thiago Alves,Jon Fitch,DEC,
2010-08-07,Neil Magny,Nolan Norwood,Neil Magny,,C3 Fights: Slammin Jammin Weekend 5
2010-08-07,Stefan Struve,Christian Morecraft,Stefan Struve,KO/TKO,
2010-08-07,Clay Guida,Rafael Dos Anjos,Clay Guida,SUB,
2010-08-07,Johny Hendricks,Charlie Brenneman,Johny Hendricks,KO/TKO,
2010-08-07,Alexander Volkov,Eldar Yagudin,Alexander Volkov,,RP: Ratnoe Pole
2010-08-28,Andre Winner,Nik Lentz,Nik Lentz,DEC,
2010-08-28,Nick Osipczak,Greg Soto,Greg Soto,DEC,
2010-08-28,Randy Couture,James Toney,Randy Couture,SUB,
2010-08-28,Mike Pierce,Amilcar Alves,Mike Pierce,SUB,
2010-08-28,Joe Lauzon,Gabe Ruediger,Joe Lauzon,SUB,
2010-08-28,Demian Maia,Mario Miranda,Demian Maia,DEC,
2010-08-28,Frankie Edgar,BJ Penn,Frankie Edgar,DEC,
2010-08-28,Nate Diaz,Marcus Davis,Nate Diaz,SUB,
2010-08-28,Dan Miller,John Salter,Dan Miller,SUB,
2010-08-28,Kenny Florian,Gray Maynard,Gray Maynard,DEC,
2010-09-05,Dooho Choi,Atsuhiro Tsuboi,Dooho Choi,,Deep: clubDeep Nagoya: Kobudo Fight
2010-09-15,TJ Waldburger,David Mitchell,TJ Waldburger,DEC,
2010-09-15,Jim Miller,Gleison Tibau,Jim Miller,DEC,
2010-09-15,Brian Foster,Forrest Petz,Brian Foster,KO/TKO,
2010-09-15,Cole Miller,Ross Pearson,Cole Miller,SUB,
2010-09-15,Nate Marquardt,Rousimar Palhares,Nate Marquardt,KO/TKO,
2010-09-15,Efrain Escudero,Charles Oliveira,Charles Oliveira,SUB,
2010-09-15,Yves Edwards,John Gunderson,Yves Edwards,DEC,
2010-09-15,Jared Hamman,Kyle Kingsbury,Kyle Kingsbury,DEC,
2010-09-15,Tomasz Drwal,David Branch,David Branch,DEC,
2010-09-15,Rich Attonito,Rafael Natal,Rich Attonito,DEC,
2010-09-16,Karina Hallinan,Yan Xiaonan,Karina Hallinan,,MC: Martial Combat 10
2010-09-17,Alexandre Pantoja,Bruno Azevedo,Alexandre Pantoja,,Shooto: Brazil 18
2010-09-18,Alexander Volkov,Evgeni Babich,Alexander Volkov,,LM: Tournament 3
2010-09-25,Matt Serra,Chris Lytle,Chris Lytle,DEC,
2010-09-25,TJ Grant,Julio Paulino,TJ Grant,DEC,
2010-09-25,CB Dollaway,Joe Doerksen,CB Dollaway,SUB,
2010-09-25,Steve Lopez,Waylon Lowe,Waylon Lowe,DEC,
2010-09-25,Frank Mir,Mirko Filipovic,Frank Mir,KO/TKO,
2010-09-25,Thiago Tavares,Pat Audinwood,Thiago Tavares,SUB,
2010-09-25,Melvin Guillard,Jeremy Stephens,Melvin Guillard,DEC,
2010-09-25,Rogerio Nogueira,Ryan Bader,Ryan Bader,DEC,
2010-09-25,Matt Mitrione,Joey Beltran,Matt Mitrione,DEC,
2010-09-25,Sean Sherk,Evan Dunham,Sean Sherk,DEC,
2010-09-25,Mark Hunt,Sean McCorkle,Sean McCorkle,SUB,
2010-10-16,Cyrille Diabate,Alexander Gustafsson,Alexander Gustafsson,SUB,
2010-10-16,James Wilks,Claude Patrick,Claude Patrick,DEC,
2010-10-16,Dan Hardy,Carlos Condit,Carlos Condit,KO/TKO,
2010-10-16,Michael Bisping,Yoshihiro Akiyama,Michael Bisping,DEC,
2010-10-16,John Hathaway,Mike Pyle,Mike Pyle,DEC,
2010-10-16,Rob Broughton,Vinicius Queiroz,Rob Broughton,SUB,
2010-10-16,Spencer Fisher,Curt Warburton,Spencer Fisher,DEC,
2010-10-16,Paul Sass,Mark Holst,Paul Sass,SUB,
2010-10-16,James McSweeney,Fabio Maldonado,Fabio Maldonado,KO/TKO,
2010-10-22,Tim Elliott,Victor Dominguez,Tim Elliott,,C3 Fights: Slammin Jammin Weekend 6
2010-10-22,Neil Magny,Nate Pratt,Neil Magny,,C3 Fights: Slammin Jammin Weekend 6
2010-10-23,Diego Sanchez,Paulo Thiago,Diego Sanchez,DEC,
2010-10-23,Jon Madsen,Gilbert Yvel,Jon Madsen,KO/TKO,
2010-10-23,Chris Camozzi,Dongi Yang,Chris Camozzi,DEC,
2010-10-23,Jake Shields,Martin Kampmann,Jake Shields,DEC,
2010-10-23,Mike Guymon,Daniel Roberts,Daniel Roberts,SUB,
2010-10-23,Court McGee,Ryan Jensen,Court McGee,SUB,
2010-10-23,Tito Ortiz,Matt Hamill,Matt Hamill,DEC,
2010-10-23,Patrick Cote,Tom Lawlor,Tom Lawlor,DEC,
2010-10-23,Sam Stout,Paul Taylor,Sam Stout,DEC,
2010-10-23,Brock Lesnar,Cain Velasquez,Cain Velasquez,KO/TKO,
2010-10-23,Brendan Schaub,Gabriel Gonzaga,Brendan Schaub,DEC,
2010-10-30,Yan Xiaonan,Xiaoying Wang,Yan Xiaonan,,Xian Sports University Ultimate Wrestle: Chengjie
2010-11-06,Neil Magny,Lawrence Dunning,Neil Magny,,Cut Throat MMA: Supremacy
2010-11-13,Vladimir Matyushenko,Alexandre Ferreira,Vladimir Matyushenko,KO/TKO,
2010-11-13,Kris McCray,Carlos Eduardo Rocha,Carlos Eduardo Rocha,SUB,
2010-11-13,Dennis Siver,Andre Winner,Dennis Siver,SUB,
2010-11-13,Nate Marquardt,Yushin Okami,Yushin Okami,DEC,
2010-11-13,Krzysztof Soszynski,Goran Reljic,Krzysztof Soszynski,DEC,
2010-11-13,Kyle Noke,Rob Kimmons,Kyle Noke,SUB,
2010-11-13,Duane Ludwig,Nick Osipczak,Duane Ludwig,DEC,
2010-11-13,Seth Petruzelli,Karlos Vemola,Karlos Vemola,KO/TKO,
2010-11-13,Chidi Njokuani,Jack Montgomery,Chidi Njokuani,,KOTC: Infusion
2010-11-13,Amir Sadollah,Peter Sobotta,Amir Sadollah,DEC,
2010-11-13,Pascal Krauss,Mark Scanlon,Pascal Krauss,DEC,
2010-11-20,George Sotiropoulos,Joe Lauzon,George Sotiropoulos,SUB,
2010-11-20,Mike Lullo,Edson Barboza,Edson Barboza,KO/TKO,
2010-11-20,Tyson Griffin,Nik Lentz,Nik Lentz,DEC,
2010-11-20,Matt Brown,Brian Foster,Brian Foster,SUB,
2010-11-20,Quinton Jackson,Lyoto Machida,Quinton Jackson,DEC,
2010-11-20,Paul Kelly,TJ O'Brien,Paul Kelly,KO/TKO,
2010-11-20,Karo Parisyan,Dennis Hallman,Dennis Hallman,KO/TKO,
2010-11-20,Aaron Simpson,Mark Munoz,Mark Munoz,DEC,
2010-11-20,Gerald Harris,Maiquel Falcao,Maiquel Falcao,DEC,
2010-11-20,Phil Davis,Tim Boetsch,Phil Davis,SUB,
2010-11-20,Matt Hughes,BJ Penn,BJ Penn,KO/TKO,
2010-11-27,Abus Magomedov,Igor Montes,Abus Magomedov,,TFS: Mix Fight Gala XI
2010-12-04,Stephan Bonnar,Igor Pokrajac,Stephan Bonnar,DEC,
2010-12-04,Fredson Paixao,Pablo Garza,Pablo Garza,KO/TKO,
2010-12-04,Ian Loveland,Tyler Toner,Ian Loveland,DEC,
2010-12-04,Nam Phan,Leonard Garcia,Leonard Garcia,DEC,
2010-12-04,Rich Attonito,David Branch,David Branch,DEC,
2010-12-04,Cody McKenzie,Aaron Wilkinson,Cody McKenzie,SUB,
2010-12-04,Jonathan Brookins,Michael Johnson,Jonathan Brookins,DEC,
2010-12-04,Will Campuzano,Nick Pace,Nick Pace,SUB,
2010-12-04,Kendall Grove,Demian Maia,Demian Maia,DEC,
2010-12-04,Johny Hendricks,Rick Story,Rick Story,DEC,
2010-12-04,Sako Chivitchian,Kyle Watson,Kyle Watson,DEC,
2010-12-10,Pat Bennett,Alexander Volkov,Pat Bennett,,M-1 Challenge 22: Narkun vs. Vasilevsky
2010-12-10,Mitchell MacPhee,Chad Anheliger,Mitchell MacPhee,,PFC: Pure Fighting Championships 6
2010-12-11,Mark Bocek,Dustin Hazelett,Mark Bocek,SUB,
2010-12-11,Stefan Struve,Sean McCorkle,Stefan Struve,KO/TKO,
2010-12-11,TJ Grant,Ricardo Almeida,Ricardo Almeida,DEC,
2010-12-11,Georges St-Pierre,Josh Koscheck,Georges St-Pierre,DEC,
2010-12-11,Joe Stevenson,Mac Danzig,Mac Danzig,KO/TKO,
2010-12-11,Kelvin Gastelum,Jose Sanchez,Kelvin Gastelum,,LAF 1: Border Wars
2010-12-11,Jim Miller,Charles Oliveira,Jim Miller,SUB,
2010-12-11,Pat Audinwood,John Makdessi,John Makdessi,DEC,
2010-12-11,Thiago Alves,John Howard,Thiago Alves,DEC,
2010-12-11,Matthew Riddle,Sean Pierson,Sean Pierson,DEC,
2010-12-11,Joe Doerksen,Dan Miller,Dan Miller,DEC,
2010-12-18,Renato Moicano,Eduardo Felipe,Renato Moicano,,Jungle Fight 24
2010-12-22,Alexandre Pantoja,Samuel de Souza,Alexandre Pantoja,,WFC: Pretorian Trials
2011-01-01,Jeremy Stephens,Marcus Davis,Jeremy Stephens,KO/TKO,
2011-01-01,Clay Guida,Takanori Gomi,Clay Guida,SUB,
2011-01-01,Phil Baroni,Brad Tavares,Brad Tavares,KO/TKO,
2011-01-01,Dustin Poirier,Josh Grispi,Dustin Poirier,DEC,
2011-01-01,Mike Brown,Diego Nunes,Diego Nunes,DEC,
2011-01-01,Nate Diaz,Dong Hyun Kim,Dong Hyun Kim,DEC,
2011-01-01,Jacob Volkmann,Antonio McKee,Jacob Volkmann,DEC,
2011-01-01,Daniel Roberts,Greg Soto,Daniel Roberts,SUB,
2011-01-01,Chris Leben,Brian Stann,Brian Stann,KO/TKO,
2011-01-14,Alexander Volkov,Ruslan Chapko,Alexander Volkov,,MFT: Mix Fight Tournament
2011-01-15,Brian Ortega,Chris Mercado,Brian Ortega,,RITC: Respect in the Cage January 2011
2011-01-22,Mark Hominick,George Roop,Mark Hominick,KO/TKO,
2011-01-22,Pat Barry,Joey Beltran,Pat Barry,DEC,
2011-01-22,Matt Mitrione,Tim Hague,Matt Mitrione,KO/TKO,
2011-01-22,Waylon Lowe,Willamy Freire,Waylon Lowe,DEC,
2011-01-22,Rani Yahya,Mike Brown,Rani Yahya,DEC,
2011-01-22,Cody McKenzie,Yves Edwards,Yves Edwards,SUB,
2011-01-22,Charlie Brenneman,Amilcar Alves,Charlie Brenneman,DEC,
2011-01-22,Melvin Guillard,Evan Dunham,Melvin Guillard,KO/TKO,
2011-01-22,Cole Miller,Matt Wiman,Matt Wiman,DEC,
2011-01-22,Will Campuzano,Chris Cariaso,Chris Cariaso,DEC,
2011-01-22,DaMarques Johnson,Mike Guymon,DaMarques Johnson,SUB,
2011-01-29,Yair Rodriguez,Luis Daniel Gonzalez,Yair Rodriguez,,FMP 5: Vale Todo
2011-02-05,Kyle Kingsbury,Ricardo Romero,Kyle Kingsbury,KO/TKO,
2011-02-05,Norifumi Yamamoto,Demetrious Johnson,Demetrious Johnson,DEC,
2011-02-05,Donald Cerrone,Paul Kelly,Donald Cerrone,SUB,
2011-02-05,Forrest Griffin,Rich Franklin,Forrest Griffin,DEC,
2011-02-05,Chad Mendes,Michihiro Omigawa,Chad Mendes,DEC,
2011-02-05,Jake Ellenberger,Carlos Eduardo Rocha,Jake Ellenberger,DEC,
2011-02-05,Anderson Silva,Vitor Belfort,Anderson Silva,KO/TKO,
2011-02-05,Jon Jones,Ryan Bader,Jon Jones,SUB,
2011-02-05,Paul Taylor,Gabe Ruediger,Paul Taylor,KO/TKO,
2011-02-05,Miguel Torres,Antonio Banuelos,Miguel Torres,DEC,
2011-02-05,Mike Pierce,Kenny Robertson,Mike Pierce,KO/TKO,
2011-02-12,Islam Makhachev,Tengiz Khuchua,Islam Makhachev,,M-1 Selection Ukraine 2010: The Finals
2011-02-19,Renato Moicano,Joao Luiz Nogueira,Renato Moicano,,Jungle Fight 25
2011-02-24,Chris Padilla,Quinton McCottrell,Chris Padilla,,FCOC: Fight Club OC
2011-02-26,Brian Ebersole,Chris Lytle,Brian Ebersole,DEC,
2011-02-26,Mark Hunt,Chris Tuchscherer,Mark Hunt,KO/TKO,
2011-02-26,Michael Bisping,Jorge Rivera,Michael Bisping,KO/TKO,
2011-02-26,Nick Ring,Riki Fukuda,Nick Ring,DEC,
2011-02-26,Tim Elliott,John McDowell,Tim Elliott,,AOWCF: Art of War Cage Fights
2011-02-26,Ross Pearson,Spencer Fisher,Ross Pearson,DEC,
2011-02-26,Alexander Gustafsson,James Te Huna,Alexander Gustafsson,SUB,
2011-02-26,Zhang Tiequan,Jason Reinhardt,Zhang Tiequan,SUB,
2011-02-26,Tom Blackledge,Anthony Perosh,Anthony Perosh,SUB,
2011-02-26,Chris Camozzi,Kyle Noke,Kyle Noke,SUB,
2011-02-26,George Sotiropoulos,Dennis Siver,Dennis Siver,DEC,
2011-02-26,Maciej Jewtuszko,Curt Warburton,Curt Warburton,DEC,
2011-03-03,Brian Bowles,Damacio Page,Brian Bowles,SUB,
2011-03-03,Joe Stevenson,Danny Castillo,Danny Castillo,DEC,
2011-03-03,Rob Kimmons,Dongi Yang,Dongi Yang,KO/TKO,
2011-03-03,Diego Sanchez,Martin Kampmann,Diego Sanchez,DEC,
2011-03-03,CB Dollaway,Mark Munoz,Mark Munoz,KO/TKO,
2011-03-03,Takeya Mizugaki,Reuben Duran,Takeya Mizugaki,DEC,
2011-03-03,Thiago Tavares,Shane Roller,Shane Roller,KO/TKO,
2011-03-03,Alessio Sakara,Chris Weidman,Chris Weidman,DEC,
2011-03-03,Steve Cantwell,Cyrille Diabate,Cyrille Diabate,DEC,
2011-03-03,David Branch,Rousimar Palhares,Rousimar Palhares,SUB,
2011-03-03,Igor Pokrajac,Todd Brown,Igor Pokrajac,KO/TKO,
2011-03-12,Brian Ortega,Carlos Garces,Brian Ortega,,RITC: Respect in the Cage March 2011
2011-03-19,Mirko Filipovic,Brendan Schaub,Brendan Schaub,KO/TKO,
2011-03-19,Luiz Cane,Eliot Marshall,Luiz Cane,KO/TKO,
2011-03-19,Dan Miller,Nate Marquardt,Nate Marquardt,DEC,
2011-03-19,Kurt Pellegrino,Gleison Tibau,Gleison Tibau,DEC,
2011-03-19,Constantinos Philippou,Nick Catone,Nick Catone,DEC,
2011-03-19,Joseph Benavidez,Ian Loveland,Joseph Benavidez,DEC,
2011-03-19,Jim Miller,Kamal Shalorus,Jim Miller,KO/TKO,
2011-03-19,Urijah Faber,Eddie Wineland,Urijah Faber,DEC,
2011-03-19,Patricio Pitbull,Georgi Karakhanyan,Patricio Pitbull,,BFC: Bellator Fighting Championships 37
2011-03-19,Edson Barboza,Anthony Njokuani,Edson Barboza,DEC,
2011-03-19,Mauricio Rua,Jon Jones,Jon Jones,KO/TKO,
2011-03-19,Erik Koch,Raphael Assuncao,Erik Koch,KO/TKO,
2011-03-19,Ricardo Almeida,Mike Pyle,Mike Pyle,DEC,
2011-03-26,Chan Sung Jung,Leonard Garcia,Chan Sung Jung,SUB,
2011-03-26,Sean McCorkle,Christian Morecraft,Christian Morecraft,SUB,
2011-03-26,Johny Hendricks,TJ Waldburger,Johny Hendricks,KO/TKO,
2011-03-26,Waylon Lowe,Nik Lentz,Nik Lentz,SUB,
2011-03-26,Alex Caceres,Mackens Semerzier,Mackens Semerzier,SUB,
2011-03-26,Anthony Johnson,Dan Hardy,Anthony Johnson,DEC,
2011-03-26,Michael McDonald,Edwin Figueroa,Michael McDonald,DEC,
2011-03-26,Mario Miranda,Aaron Simpson,Aaron Simpson,DEC,
2011-03-26,Jon Madsen,Mike Russow,Mike Russow,KO/TKO,
2011-03-26,DaMarques Johnson,Amir Sadollah,Amir Sadollah,KO/TKO,
2011-03-26,Phil Davis,Rogerio Nogueira,Phil Davis,DEC,
2011-03-26,John Hathaway,Kris McCray,John Hathaway,DEC,
2011-04-09,Neil Magny,Kevin Nowaczyk,Neil Magny,,Hoosier FC 7: Validation
2011-04-15,Diego Ferreira,Joseph Daily,Diego Ferreira,,STFC 15: Nature of the Beast
2011-04-16,Mike Malott,James Saunders,Mike Malott,,ECC: Extreme Cage Combat 12
2011-04-16,Patricio Pitbull,Wilson Reis,Patricio Pitbull,,BFC: Bellator Fighting Championships 41
2011-04-21,Marcos Antonio Santana,Vicente Luque,Marcos Antonio Santana,,Jungle Fight 27
2011-04-28,Alexander Volkov,Denis Goltsov,Alexander Volkov,,M-1 Challenge 25: Zavurov vs. Enomoto
2011-04-30,Yves Jabouin,Pablo Garza,Pablo Garza,SUB,
2011-04-30,Ivan Menjivar,Charlie Valencia,Ivan Menjivar,KO/TKO,
2011-04-30,Mark Bocek,Benson Henderson,Benson Henderson,DEC,
2011-04-30,Brandon Moreno,Atiq Jihad,Brandon Moreno,,UWC Mexico 9.5: Iguana
2011-04-30,Vladimir Matyushenko,Jason Brilz,Vladimir Matyushenko,KO/TKO,
2011-04-30,Daniel Roberts,Claude Patrick,Claude Patrick,DEC,
2011-04-30,Nate Diaz,Rory MacDonald,Rory MacDonald,DEC,
2011-04-30,Georges St-Pierre,Jake Shields,Georges St-Pierre,DEC,
2011-04-30,Jake Ellenberger,Sean Pierson,Jake Ellenberger,KO/TKO,
2011-04-30,Jason MacDonald,Ryan Jensen,Jason MacDonald,SUB,
2011-04-30,Jose Aldo,Mark Hominick,Jose Aldo,DEC,
2011-04-30,John Makdessi,Kyle Watson,John Makdessi,KO/TKO,
2011-04-30,Lyoto Machida,Randy Couture,Lyoto Machida,KO/TKO,
2011-05-06,Alex Perez,Jesus Castro,Alex Perez,,TPF 9: The Contenders
2011-05-06,Islam Makhachev,Martiros Grigoryan,Islam Makhachev,,ProFC: Union Nation Cup 15
2011-05-06,Chidi Njokuani,Alan Jouban,Chidi Njokuani,,TPF 9: The Contenders
2011-05-14,Neil Magny,Quartus Stitt,Neil Magny,,Combat USA: Illinois State Finals
2011-05-21,Tim Elliott,Kashiff Solarin,Tim Elliott,,Cowboy MMA: Caged Cowboys
2011-05-21,Patricio Pitbull,Daniel Straus,Patricio Pitbull,,BFC: Bellator Fighting Championships 45
2011-05-27,Marc Savoie,Chad Anheliger,Marc Savoie,,HKFC: School of Hard Knocks 13
2011-05-27,Mike Malott,Michael Imperato,Mike Malott,,ECFP: Resurgence
2011-05-28,Miguel Torres,Demetrious Johnson,Demetrious Johnson,DEC,
2011-05-28,Michael McDonald,Chris Cariaso,Michael McDonald,DEC,
2011-05-28,Brian Stann,Jorge Santiago,Brian Stann,KO/TKO,
2011-05-28,Frank Mir,Roy Nelson,Frank Mir,DEC,
2011-05-28,Gleison Tibau,Rafaello Oliveira,Gleison Tibau,SUB,
2011-05-28,Thiago Alves,Rick Story,Rick Story,DEC,
2011-05-28,Cole Escovedo,Renan Barao,Renan Barao,DEC,
2011-05-28,Kendall Grove,Tim Boetsch,Tim Boetsch,DEC,
2011-05-28,Quinton Jackson,Matt Hamill,Quinton Jackson,DEC,
2011-05-28,Stefan Struve,Travis Browne,Travis Browne,KO/TKO,
2011-06-04,Fabio Maldonado,Kyle Kingsbury,Kyle Kingsbury,DEC,
2011-06-04,Scott Jorgensen,Ken Stone,Scott Jorgensen,KO/TKO,
2011-06-04,Reuben Duran,Francisco Rivera,Reuben Duran,SUB,
2011-06-04,Clay Guida,Anthony Pettis,Clay Guida,DEC,
2011-06-04,Josh Grispi,George Roop,George Roop,KO/TKO,
2011-06-04,Clay Harvison,Justin Edwards,Clay Harvison,DEC,
2011-06-04,Ramsey Nijem,Tony Ferguson,Tony Ferguson,KO/TKO,
2011-06-04,Chuck O'Neil,Chris Cope,Chris Cope,DEC,
2011-06-04,Danny Downes,Jeremy Stephens,Jeremy Stephens,DEC,
2011-06-04,Ryan McGillivray,Shamar Bailey,Shamar Bailey,DEC,
2011-06-04,Ed Herman,Tim Credeur,Ed Herman,KO/TKO,
2011-06-11,Jesse Bongfeldt,Chris Weidman,Chris Weidman,SUB,
2011-06-11,Nick Ring,James Head,Nick Ring,SUB,
2011-06-11,Mark Munoz,Demian Maia,Mark Munoz,DEC,
2011-06-11,Mike Massenzio,Krzysztof Soszynski,Krzysztof Soszynski,DEC,
2011-06-11,Dustin Poirier,Jason Young,Dustin Poirier,DEC,
2011-06-11,Joey Beltran,Aaron Rosa,Joey Beltran,KO/TKO,
2011-06-11,Yves Edwards,Sam Stout,Sam Stout,KO/TKO,
2011-06-11,Kenny Florian,Diego Nunes,Kenny Florian,DEC,
2011-06-11,Shane Carwin,Junior Dos Santos,Junior Dos Santos,DEC,
2011-06-11,Dave Herman,Jon Olav Einemo,Dave Herman,KO/TKO,
2011-06-11,Darren Elkins,Michihiro Omigawa,Darren Elkins,DEC,
2011-06-11,Vagner Rocha,Donald Cerrone,Donald Cerrone,DEC,
2011-06-18,Marlon Vera,Cesar Moreno,Marlon Vera,,EMMA 2: Extreme FC Conflicto
2011-06-24,Alex Perez,Ruben Trujillo,Alex Perez,,UPC Unlimited: Up & Comers 4
2011-06-25,Marcos Beristain,Brandon Moreno,Marcos Beristain,,UWCM 10: To the Edge
2011-06-25,Renato Moicano,Iliarde Santos,Renato Moicano,,Jungle Fight 29
2011-06-26,Charlie Brenneman,Rick Story,Charlie Brenneman,DEC,
2011-06-26,Joe Stevenson,Javier Vazquez,Javier Vazquez,DEC,
2011-06-26,Cheick Kongo,Pat Barry,Cheick Kongo,KO/TKO,
2011-06-26,Tyson Griffin,Manvel Gamburyan,Tyson Griffin,DEC,
2011-06-26,Ricardo Lamas,Matt Grice,Ricardo Lamas,KO/TKO,
2011-06-26,Joe Lauzon,Curt Warburton,Joe Lauzon,SUB,
2011-06-26,Daniel Roberts,Rich Attonito,Rich Attonito,DEC,
2011-06-26,Christian Morecraft,Matt Mitrione,Matt Mitrione,KO/TKO,
2011-06-26,Michael Johnson,Edward Faaloloto,Michael Johnson,KO/TKO,
2011-06-26,Matt Brown,John Howard,Matt Brown,DEC,
2011-07-01,Islam Makhachev,Magomed Ibragimov,Islam Makhachev,,TFC 5: Tsumada Fighting Championship
2011-07-02,Melvin Guillard,Shane Roller,Melvin Guillard,KO/TKO,
2011-07-02,Tito Ortiz,Ryan Bader,Tito Ortiz,SUB,
2011-07-02,Jeff Hougland,Donny Walker,Jeff Hougland,DEC,
2011-07-02,Brian Bowles,Takeya Mizugaki,Brian Bowles,DEC,
2011-07-02,Wanderlei Silva,Chris Leben,Chris Leben,KO/TKO,
2011-07-02,Carlos Condit,Dong Hyun Kim,Carlos Condit,KO/TKO,
2011-07-02,Dominick Cruz,Urijah Faber,Dominick Cruz,DEC,
2011-07-02,Brad Tavares,Aaron Simpson,Aaron Simpson,DEC,
2011-07-02,George Sotiropoulos,Rafael Dos Anjos,Rafael Dos Anjos,KO/TKO,
2011-07-02,Dennis Siver,Matt Wiman,Dennis Siver,DEC,
2011-07-02,Islam Makhachev,Vladimir Egoyan,Islam Makhachev,,ProFC: Union Nation Cup Final
2011-07-02,Anthony Njokuani,Andre Winner,Anthony Njokuani,DEC,
2011-07-16,Kelvin Gastelum,Yair Moguel,Kelvin Gastelum,,LAW 1: Heatwave
2011-07-21,Andrew Trace,Neil Magny,Andrew Trace,,Combat USA: Wisconsin vs. Illinois Championship
2011-07-22,Muslim Salikhov,Wang Hong Tao,Muslim Salikhov,,TFC 2: Top of the Forbidden City 2
2011-07-30,Dan Hooker,Scott MacGregor,Dan Hooker,,SFC 8: Triple Threat
2011-07-30,Yair Rodriguez,Willy Martinez,Yair Rodriguez,,FMP 7: Grand Prix 2011
2011-08-05,Alexander Volkov,Nedyalko Karadjov,Alexander Volkov,,League S-70 : Russia vs. Brazil
2011-08-06,Rafael Natal,Paul Bradley,Rafael Natal,DEC,
2011-08-06,Mike Brown,Nam Phan,Mike Brown,DEC,
2011-08-06,Vitor Belfort,Yoshihiro Akiyama,Vitor Belfort,KO/TKO,
2011-08-06,Dennis Hallman,Brian Ebersole,Brian Ebersole,KO/TKO,
2011-08-06,Rashad Evans,Tito Ortiz,Rashad Evans,KO/TKO,
2011-08-06,Ivan Menjivar,Nick Pace,Ivan Menjivar,DEC,
2011-08-06,Rory MacDonald,Mike Pyle,Rory MacDonald,KO/TKO,
2011-08-06,Chad Mendes,Rani Yahya,Chad Mendes,DEC,
2011-08-06,Johny Hendricks,Mike Pierce,Johny Hendricks,DEC,
2011-08-06,Matt Hamill,Alexander Gustafsson,Alexander Gustafsson,KO/TKO,
2011-08-06,Jorge Rivera,Constantinos Philippou,Constantinos Philippou,DEC,
2011-08-14,CB Dollaway,Jared Hamman,Jared Hamman,KO/TKO,
2011-08-14,Dan Hardy,Chris Lytle,Chris Lytle,SUB,
2011-08-14,Jim Miller,Benson Henderson,Benson Henderson,DEC,
2011-08-14,Donald Cerrone,Charles Oliveira,Donald Cerrone,KO/TKO,
2011-08-14,Jimy Hettes,Alex Caceres,Jimy Hettes,SUB,
2011-08-14,Cole Miller,TJ O'Brien,Cole Miller,SUB,
2011-08-14,Jacob Volkmann,Danny Castillo,Jacob Volkmann,DEC,
2011-08-14,Ed Herman,Kyle Noke,Ed Herman,SUB,
2011-08-14,Joseph Benavidez,Eddie Wineland,Joseph Benavidez,DEC,
2011-08-14,Amir Sadollah,Duane Ludwig,Duane Ludwig,DEC,
2011-08-14,Ronny Markes,Karlos Vemola,Ronny Markes,DEC,
2011-08-14,Edwin Figueroa,Jason Reinhardt,Edwin Figueroa,KO/TKO,
2011-08-19,Muslim Salikhov,Dankao Sakda,Muslim Salikhov,,TFC 4: Top of the Forbidden City 4
2011-08-20,Brandon Thatch,Chidi Njokuani,Brandon Thatch,,ROF 41: Bragging Rights
2011-08-27,Paulo Thiago,David Mitchell,Paulo Thiago,DEC,
2011-08-27,Yves Jabouin,Ian Loveland,Yves Jabouin,DEC,
2011-08-27,Rousimar Palhares,Dan Miller,Rousimar Palhares,DEC,
2011-08-27,Luiz Cane,Stanislav Nedkov,Stanislav Nedkov,KO/TKO,
2011-08-27,Thiago Tavares,Spencer Fisher,Thiago Tavares,KO/TKO,
2011-08-27,Antonio Rodrigo Nogueira,Brendan Schaub,Antonio Rodrigo Nogueira,KO/TKO,
2011-08-27,Iuri Alcantara,Felipe Arantes,Iuri Alcantara,DEC,
2011-08-27,Mauricio Rua,Forrest Griffin,Mauricio Rua,KO/TKO,
2011-08-27,Raphael Assuncao,Johnny Eduardo,Raphael Assuncao,DEC,
2011-08-27,Ross Pearson,Edson Barboza,Edson Barboza,DEC,
2011-08-27,Anderson Silva,Yushin Okami,Anderson Silva,KO/TKO,
2011-08-27,Erick Silva,Luis Ramos,Erick Silva,KO/TKO,
2011-09-03,Dan Hooker,Yuma Ishizuka,Dan Hooker,,AFC 2: Lombard vs. Taylor
2011-09-03,Dooho Choi,Hisaki Hiraishi,Dooho Choi,,Gladiator: Gladiator 23
2011-09-10,Alex Perez,Sam Stevens-Milo,Alex Perez,,UPC Unlimited: Up & Comers 6
2011-09-17,Jonathan Brookins,Erik Koch,Erik Koch,DEC,
2011-09-17,Matthew Riddle,Lance Benoist,Lance Benoist,DEC,
2011-09-17,Abus Magomedov,Bjorn Corsis,Abus Magomedov,,SFC 6: Germany vs. Georgia
2011-09-17,Cody McKenzie,Vagner Rocha,Vagner Rocha,SUB,
2011-09-17,Justin Edwards,Jorge Lopez,Justin Edwards,DEC,
2011-09-17,Jake Shields,Jake Ellenberger,Jake Ellenberger,KO/TKO,
2011-09-17,Evan Dunham,Shamar Bailey,Evan Dunham,DEC,
2011-09-17,Robert Peralta,Mike Lullo,Robert Peralta,DEC,
2011-09-17,Clay Harvison,Seth Baczynski,Seth Baczynski,SUB,
2011-09-17,Court McGee,Dongi Yang,Court McGee,DEC,
2011-09-17,Ken Stone,Donny Walker,Ken Stone,SUB,
2011-09-17,TJ Waldburger,Mike Stumpf,TJ Waldburger,SUB,
2011-09-17,Alan Belcher,Jason MacDonald,Alan Belcher,KO/TKO,
2011-09-18,Robert Bryczek,Lukasz Christ,Robert Bryczek,,KWFN: Kazimierza Wielka Fight Night
2011-09-24,Nick Ring,Tim Boetsch,Tim Boetsch,DEC,
2011-09-24,Matt Hughes,Josh Koscheck,Josh Koscheck,KO/TKO,
2011-09-24,Junior Assuncao,Eddie Yagin,Junior Assuncao,DEC,
2011-09-24,Ben Rothwell,Mark Hunt,Mark Hunt,DEC,
2011-09-24,James Te Huna,Ricardo Romero,James Te Huna,KO/TKO,
2011-09-24,Travis Browne,Rob Broughton,Travis Browne,DEC,
2011-09-24,Tony Ferguson,Aaron Riley,Tony Ferguson,KO/TKO,
2011-09-24,Nate Diaz,Takanori Gomi,Nate Diaz,SUB,
2011-09-24,Takeya Mizugaki,Cole Escovedo,Takeya Mizugaki,KO/TKO,
2011-09-24,Jon Jones,Quinton Jackson,Jon Jones,SUB,
2011-10-01,Dominick Cruz,Demetrious Johnson,Dominick Cruz,DEC,
2011-10-01,Anthony Johnson,Charlie Brenneman,Anthony Johnson,KO/TKO,
2011-10-01,Walel Watson,Joseph Sandoval,Walel Watson,KO/TKO,
2011-10-01,Josh Neer,Keith Wisniewski,Josh Neer,KO/TKO,
2011-10-01,Michael Johnson,Paul Sass,Paul Sass,SUB,
2011-10-01,Yves Edwards,Rafaello Oliveira,Yves Edwards,KO/TKO,
2011-10-01,Pat Barry,Stefan Struve,Stefan Struve,SUB,
2011-10-01,Mike Easton,Byron Bloodworth,Mike Easton,KO/TKO,
2011-10-01,Matt Wiman,Mac Danzig,Matt Wiman,DEC,
2011-10-01,Shane Roller,TJ Grant,TJ Grant,SUB,
2011-10-07,Alexander Volkov,Bakhodir Ibragimov,Alexander Volkov,,MMACC: MMA Corona Cup 1
2011-10-08,Melvin Guillard,Joe Lauzon,Joe Lauzon,SUB,
2011-10-08,Joey Beltran,Stipe Miocic,Stipe Miocic,DEC,
2011-10-08,Steve Cantwell,Mike Massenzio,Mike Massenzio,DEC,
2011-10-08,Aaron Simpson,Eric Schafer,Aaron Simpson,DEC,
2011-10-08,Demian Maia,Jorge Santiago,Demian Maia,DEC,
2011-10-08,Frankie Edgar,Gray Maynard,Frankie Edgar,KO/TKO,
2011-10-08,Rizvan Kuniev,Anatoli Ciumac,Rizvan Kuniev,,WMAC: Semifinals
2011-10-08,Anthony Pettis,Jeremy Stephens,Anthony Pettis,DEC,
2011-10-08,Zhang Tiequan,Darren Elkins,Darren Elkins,DEC,
2011-10-08,Leonard Garcia,Nam Phan,Nam Phan,DEC,
2011-10-08,Chael Sonnen,Brian Stann,Chael Sonnen,SUB,
2011-10-08,Jose Aldo,Kenny Florian,Jose Aldo,DEC,
2011-10-09,Rizvan Kuniev,Ivan Gayvanovich,,Draw,WMAC: Finals
2011-10-10,Yair Rodriguez,Jonatan Guzman,Yair Rodriguez,,FMP 8: Mexican Fighters Promotion 8
2011-10-22,Kelvin Gastelum,Mike Gentile,Kelvin Gastelum,,DRFCF: Desert Rage Full Contact Fighting 10
2011-10-29,Tyson Griffin,Bart Palaszewski,Bart Palaszewski,KO/TKO,
2011-10-29,Cheick Kongo,Matt Mitrione,Cheick Kongo,DEC,
2011-10-29,Chris Camozzi,Francis Carmont,Francis Carmont,DEC,
2011-10-29,Dustin Jacoby,Clifford Starks,Clifford Starks,DEC,
2011-10-29,Hatsu Hioki,George Roop,Hatsu Hioki,DEC,
2011-10-29,Dennis Siver,Donald Cerrone,Donald Cerrone,SUB,
2011-10-29,Brandon Vera,Eliot Marshall,Brandon Vera,DEC,
2011-10-29,Dooho Choi,Nobuhiro Obiya,Dooho Choi,,"Deep: Cage Impact 2011 in Tokyo, 2nd Round"
2011-10-29,Scott Jorgensen,Jeff Curran,Scott Jorgensen,DEC,
2011-10-29,Mirko Filipovic,Roy Nelson,Roy Nelson,KO/TKO,
2011-10-29,Ramsey Nijem,Danny Downes,Ramsey Nijem,DEC,
2011-10-29,BJ Penn,Nick Diaz,Nick Diaz,DEC,
2011-11-05,Rob Broughton,Philip De Fries,Philip De Fries,DEC,
2011-11-05,Thiago Alves,Papy Abedi,Thiago Alves,SUB,
2011-11-05,Chris Leben,Mark Munoz,Mark Munoz,KO/TKO,
2011-11-05,Michihiro Omigawa,Jason Young,Michihiro Omigawa,DEC,
2011-11-05,Cyrille Diabate,Anthony Perosh,Anthony Perosh,SUB,
2011-11-05,Chris Cariaso,Vaughan Lee,Chris Cariaso,DEC,
2011-11-05,Chris Cope,Che Mills,Che Mills,KO/TKO,
2011-11-05,Terry Etim,Edward Faaloloto,Terry Etim,SUB,
2011-11-05,Brad Pickett,Renan Barao,Renan Barao,SUB,
2011-11-05,John Maguire,Justin Edwards,John Maguire,DEC,
2011-11-12,Cub Swanson,Ricardo Lamas,Ricardo Lamas,SUB,
2011-11-12,Alex Caceres,Cole Escovedo,Alex Caceres,DEC,
2011-11-12,DaMarques Johnson,Clay Harvison,DaMarques Johnson,KO/TKO,
2011-11-12,Aaron Rosa,Matt Lucas,Aaron Rosa,DEC,
2011-11-12,Mike Pierce,Paul Bradley,Mike Pierce,DEC,
2011-11-12,Dustin Poirier,Pablo Garza,Dustin Poirier,SUB,
2011-11-12,Norifumi Yamamoto,Darren Uyenoyama,Darren Uyenoyama,DEC,
2011-11-12,Clay Guida,Benson Henderson,Benson Henderson,DEC,
2011-11-12,Cain Velasquez,Junior Dos Santos,Junior Dos Santos,KO/TKO,
2011-11-19,Michael McDonald,Alex Soto,Michael McDonald,KO/TKO,
2011-11-19,Tom Lawlor,Chris Weidman,Chris Weidman,SUB,
2011-11-19,Vicente Luque,Darlan Almeida,Vicente Luque,,DF: Demo Fight 6
2011-11-19,Matt Brown,Seth Baczynski,Seth Baczynski,SUB,
2011-11-19,Stephan Bonnar,Kyle Kingsbury,Stephan Bonnar,DEC,
2011-11-19,Danny Castillo,Shamar Bailey,Danny Castillo,KO/TKO,
2011-11-19,Ryan Bader,Jason Brilz,Ryan Bader,KO/TKO,
2011-11-19,Mauricio Rua,Dan Henderson,Dan Henderson,DEC,
2011-11-19,Gleison Tibau,Rafael Dos Anjos,Gleison Tibau,DEC,
2011-11-19,Urijah Faber,Brian Bowles,Urijah Faber,SUB,
2011-11-19,Miguel Torres,Nick Pace,Miguel Torres,DEC,
2011-11-19,Rick Story,Martin Kampmann,Martin Kampmann,DEC,
2011-11-19,Wanderlei Silva,Cung Le,Wanderlei Silva,KO/TKO,
2011-11-20,Alexander Volkov,Arsen Abdulkerimov,Alexander Volkov,,M-1 Global: Fedor vs. Monson
2011-11-26,Abus Magomedov,Gocha Smoyan,Abus Magomedov,,SFC 7: M-1 Fighter Europe
2011-11-26,Diego Ferreira,Clinton Roberts,Diego Ferreira,,UWF 1: Huerta vs. War Machine
2011-12-02,Edgar Diaz,Alex Perez,Edgar Diaz,,TPF 11: Redemption
2011-12-03,Bryan Caraway,Dustin Neace,Bryan Caraway,SUB,
2011-12-03,Tony Ferguson,Yves Edwards,Tony Ferguson,DEC,
2011-12-03,TJ Dillashaw,John Dodson,John Dodson,KO/TKO,
2011-12-03,Louis Gaudinot,Johnny Bedford,Johnny Bedford,KO/TKO,
2011-12-03,Diego Brandao,Dennis Bermudez,Diego Brandao,SUB,
2011-12-03,Roland Delorme,Josh Ferguson,Roland Delorme,SUB,
2011-12-03,Dustin Pague,John Albert,John Albert,KO/TKO,
2011-12-03,Steven Siler,Josh Clopton,Steven Siler,DEC,
2011-12-03,Michael Bisping,Jason Miller,Michael Bisping,KO/TKO,
2011-12-03,Marcus Brimage,Stephen Bass,Marcus Brimage,DEC,
2011-12-09,Alexandre Pantoja,Sandro China,Alexandre Pantoja,,FA: Fatality Arena Fight Night 1
2011-12-10,Frank Mir,Antonio Rodrigo Nogueira,Frank Mir,SUB,
2011-12-10,Jon Jones,Lyoto Machida,Jon Jones,SUB,
2011-12-10,Krzysztof Soszynski,Igor Pokrajac,Igor Pokrajac,KO/TKO,
2011-12-10,Mark Hominick,Chan Sung Jung,Chan Sung Jung,KO/TKO,
2011-12-10,Mitch Clarke,John Cholish,John Cholish,KO/TKO,
2011-12-10,Mark Bocek,Nik Lentz,Mark Bocek,DEC,
2011-12-10,Tito Ortiz,Rogerio Nogueira,Rogerio Nogueira,KO/TKO,
2011-12-10,Claude Patrick,Brian Ebersole,Brian Ebersole,DEC,
2011-12-10,Jared Hamman,Constantinos Philippou,Constantinos Philippou,KO/TKO,
2011-12-10,John Makdessi,Dennis Hallman,Dennis Hallman,SUB,
2011-12-10,Walel Watson,Yves Jabouin,Yves Jabouin,DEC,
2011-12-10,Rich Attonito,Jake Hecht,Jake Hecht,KO/TKO,
2011-12-15,Islam Makhachev,Migel Grigoryan,Islam Makhachev,,SFC: Siberian Fighting Championship 1
2011-12-16,Dooho Choi,Mitsuhiro Ishida,Dooho Choi,,Deep: 56 Impact
2011-12-16,Tim Elliott,Jens Pulver,Tim Elliott,,RFA 1: Elliott vs. Pulver
2011-12-22,Yair Rodriguez,Edgar Balderrama,Yair Rodriguez,,FMP 9: Mexican Fighters Promotions 9
2011-12-30,Manvel Gamburyan,Diego Nunes,Diego Nunes,DEC,
2011-12-30,Nate Diaz,Donald Cerrone,Nate Diaz,DEC,
2011-12-30,Nam Phan,Jimy Hettes,Jimy Hettes,DEC,
2011-12-30,Vladimir Matyushenko,Alexander Gustafsson,Alexander Gustafsson,KO/TKO,
2011-12-30,Jon Fitch,Johny Hendricks,Johny Hendricks,KO/TKO,
2011-12-30,Ross Pearson,Junior Assuncao,Ross Pearson,DEC,
2011-12-30,Dong Hyun Kim,Sean Pierson,Dong Hyun Kim,DEC,
2011-12-30,Jacob Volkmann,Efrain Escudero,Jacob Volkmann,DEC,
2011-12-30,Anthony Njokuani,Danny Castillo,Danny Castillo,DEC,
2011-12-30,Brock Lesnar,Alistair Overeem,Alistair Overeem,KO/TKO,
2012-01-07,Jon MaCalolooy,Alex Perez,Jon MaCalolooy,,WFC: Bruvado Bash
2012-01-14,Edson Barboza,Terry Etim,Edson Barboza,KO/TKO,
2012-01-14,Gabriel Gonzaga,Ednaldo Oliveira,Gabriel Gonzaga,SUB,
2012-01-14,Felipe Arantes,Antonio Carvalho,Felipe Arantes,DEC,
2012-01-14,Ricardo Funch,Mike Pyle,Mike Pyle,KO/TKO,
2012-01-14,Iuri Alcantara,Michihiro Omigawa,Iuri Alcantara,DEC,
2012-01-14,Erick Silva,Carlo Prater,Carlo Prater,DQ,
2012-01-14,Rousimar Palhares,Mike Massenzio,Rousimar Palhares,SUB,
2012-01-14,Vitor Belfort,Anthony Johnson,Vitor Belfort,SUB,
2012-01-14,Thiago Tavares,Sam Stout,Thiago Tavares,DEC,
2012-01-14,Jose Aldo,Chad Mendes,Jose Aldo,KO/TKO,
2012-01-20,Kamal Shalorus,Khabib Nurmagomedov,Khabib Nurmagomedov,SUB,
2012-01-20,Chad Anheliger,Chantha Bun,Chad Anheliger,,HKFC: School of Hard Knocks 19
2012-01-20,Pat Barry,Christian Morecraft,Pat Barry,KO/TKO,
2012-01-20,Joseph Sandoval,Nick Denis,Nick Denis,KO/TKO,
2012-01-20,Rizvan Kuniev,Mikhail Istomin,Rizvan Kuniev,,VMC: Voronezh Mixfight Cup
2012-01-20,Melvin Guillard,Jim Miller,Jim Miller,SUB,
2012-01-20,Daniel Pineda,Pat Schilling,Daniel Pineda,SUB,
2012-01-20,Duane Ludwig,Josh Neer,Josh Neer,SUB,
2012-01-20,Charlie Brenneman,Daniel Roberts,Charlie Brenneman,DEC,
2012-01-20,Fabricio Camoes,Tommy Hayden,Fabricio Camoes,SUB,
2012-01-20,Mike Easton,Jared Papazian,Mike Easton,DEC,
2012-01-20,Jorge Rivera,Eric Schafer,Jorge Rivera,KO/TKO,
2012-01-28,Chael Sonnen,Michael Bisping,Chael Sonnen,DEC,
2012-01-28,Joey Beltran,Lavar Johnson,Lavar Johnson,KO/TKO,
2012-01-28,Michael Johnson,Shane Roller,Michael Johnson,DEC,
2012-01-28,Charles Oliveira,Eric Wisely,Charles Oliveira,SUB,
2012-01-28,Rashad Evans,Phil Davis,Rashad Evans,DEC,
2012-01-28,Demian Maia,Chris Weidman,Chris Weidman,DEC,
2012-01-28,Alex Perez,Kevin Michel,Alex Perez,,CA Fight Syndicate: Rivalry
2012-01-28,Chris Camozzi,Dustin Jacoby,Chris Camozzi,SUB,
2012-01-28,Cub Swanson,George Roop,Cub Swanson,KO/TKO,
2012-01-28,Mike Russow,Jon Olav Einemo,Mike Russow,DEC,
2012-01-28,Evan Dunham,Nik Lentz,Evan Dunham,KO/TKO,
2012-01-29,Brandon Moreno,Luis Garcia,Brandon Moreno,,UWC Mexico: New Blood 1
2012-02-04,Rafael Natal,Michael Kuiper,Rafael Natal,DEC,
2012-02-04,Alex Caceres,Edwin Figueroa,Edwin Figueroa,DEC,
2012-02-04,Dustin Poirier,Max Holloway,Dustin Poirier,SUB,
2012-02-04,Nick Diaz,Carlos Condit,Carlos Condit,DEC,
2012-02-04,Ed Herman,Clifford Starks,Ed Herman,SUB,
2012-02-04,Michael Page,Ben Dishman,Michael Page,,UCMMA 26: The Real Deal
2012-02-04,Dan Stittgen,Stephen Thompson,Stephen Thompson,KO/TKO,
2012-02-04,Roy Nelson,Fabricio Werdum,Fabricio Werdum,DEC,
2012-02-04,Matt Brown,Chris Cope,Matt Brown,KO/TKO,
2012-02-04,Mateusz Gamrot,Arbi Shamaev,Mateusz Gamrot,,XFS: Night of Champions 3
2012-02-04,Renan Barao,Scott Jorgensen,Renan Barao,DEC,
2012-02-04,Matthew Riddle,Henry Martinez,Matthew Riddle,DEC,
2012-02-04,Josh Koscheck,Mike Pierce,Josh Koscheck,DEC,
2012-02-11,Neil Magny,Daniel Sandmann,Neil Magny,,HFC 10: Hoosier Fight Club 10
2012-02-15,Tim Means,Bernardo Magalhaes,Tim Means,DEC,
2012-02-15,Anton Kuivanen,Justin Salas,Justin Salas,DEC,
2012-02-15,Diego Sanchez,Jake Ellenberger,Jake Ellenberger,DEC,
2012-02-15,Stefan Struve,Dave Herman,Stefan Struve,KO/TKO,
2012-02-15,Jonathan Brookins,Vagner Rocha,Jonathan Brookins,KO/TKO,
2012-02-15,Stipe Miocic,Philip De Fries,Stipe Miocic,KO/TKO,
2012-02-15,TJ Dillashaw,Walel Watson,TJ Dillashaw,DEC,
2012-02-15,Aaron Simpson,Ronny Markes,Ronny Markes,DEC,
2012-02-15,Ivan Menjivar,John Albert,Ivan Menjivar,SUB,
2012-02-17,Deiveson Figueiredo,Aluisio Ferreira,Deiveson Figueiredo,,KOCI 3: Knock Out Combat Icoaraci 3
2012-02-20,Marlon Vera,Jack Guzman,Marlon Vera,,Samurai FC 7: Peace and War
2012-02-23,Alexander Volkov,Ricco Rodriguez,Alexander Volkov,,BF: Baltic Challenge 3
2012-02-24,Chidi Njokuani,Jonathan Harris,Chidi Njokuani,,LFC 10: Legacy Fighting Championship 10
2012-02-25,Yushin Okami,Tim Boetsch,Tim Boetsch,KO/TKO,
2012-02-25,Riki Fukuda,Steve Cantwell,Riki Fukuda,DEC,
2012-02-25,Mark Hunt,Cheick Kongo,Mark Hunt,KO/TKO,
2012-02-25,Takanori Gomi,Eiji Mitsuoka,Takanori Gomi,KO/TKO,
2012-02-25,Anthony Pettis,Joe Lauzon,Anthony Pettis,KO/TKO,
2012-02-25,Norifumi Yamamoto,Vaughan Lee,Vaughan Lee,SUB,
2012-02-25,Quinton Jackson,Ryan Bader,Ryan Bader,DEC,
2012-02-25,Zhang Tiequan,Issei Tamura,Issei Tamura,KO/TKO,
2012-02-25,Takeya Mizugaki,Chris Cariaso,Chris Cariaso,DEC,
2012-02-25,Yoshihiro Akiyama,Jake Shields,Jake Shields,DEC,
2012-02-25,Hatsu Hioki,Bart Palaszewski,Hatsu Hioki,DEC,
2012-02-25,Frankie Edgar,Benson Henderson,Benson Henderson,DEC,
2012-03-02,James Te Huna,Aaron Rosa,James Te Huna,KO/TKO,
2012-03-02,TJ Waldburger,Jake Hecht,TJ Waldburger,SUB,
2012-03-02,Oli Thompson,Shawn Jordan,Shawn Jordan,KO/TKO,
2012-03-02,Kyle Noke,Andrew Craig,Andrew Craig,DEC,
2012-03-02,Anthony Perosh,Nick Penner,Anthony Perosh,KO/TKO,
2012-03-02,Court McGee,Constantinos Philippou,Constantinos Philippou,DEC,
2012-03-02,Joseph Benavidez,Yasuhiro Urushitani,Joseph Benavidez,KO/TKO,
2012-03-02,Thiago Alves,Martin Kampmann,Martin Kampmann,SUB,
2012-03-02,Mackens Semerzier,Daniel Pineda,Daniel Pineda,SUB,
2012-03-02,Cole Miller,Steven Siler,Steven Siler,DEC,
2012-03-03,Yair Rodriguez,Luis Roberto Herrera,Yair Rodriguez,,FMP 10: Parral vs. El Resto del Mundo
2012-03-03,Ron Scolesdang,Brandon Moreno,Ron Scolesdang,,MEZ Sports: Pandemonium 6
2012-03-09,Alex Perez,Edgar Diaz,Alex Perez,,TPF 12: Second Coming
2012-03-10,Yair Rodriguez,Carlos Ricardo,Yair Rodriguez,,TSC 1: The Supreme Cage 1
2012-03-10,Raoni Barcelos,Vitor Riso,Raoni Barcelos,,Shooto: Brazil 28
2012-03-30,Tim Elliott,Josh Rave,Tim Elliott,,RFA 2: Yvel vs. Alexander
2012-03-30,Haotian Wu,Dan Hooker,Haotian Wu,,Legend FC: Legend Fighting Championship 8
2012-04-07,Arnold Allen,Nathan Greyson,Arnold Allen,,UCMMA 27: Ultimate Challenge MMA 27
2012-04-07,Michael Page,Miguel Bernard,Michael Page,,UCMMA 27: Ultimate Challenge MMA 27
2012-04-14,Cyrille Diabate,Tom DeBlass,Cyrille Diabate,DEC,
2012-04-14,Alexander Gustafsson,Thiago Silva,Alexander Gustafsson,DEC,
2012-04-14,Brad Pickett,Damacio Page,Brad Pickett,SUB,
2012-04-14,Dan Hooker,Rusty McBride,Dan Hooker,,AFC 3: Australian Fighting Championship 3
2012-04-14,Dennis Siver,Diego Nunes,Dennis Siver,DEC,
2012-04-14,Papy Abedi,James Head,James Head,SUB,
2012-04-14,Reza Madadi,Yoislandy Izquierdo,Reza Madadi,SUB,
2012-04-14,Paulo Thiago,Siyar Bahadurzada,Siyar Bahadurzada,KO/TKO,
2012-04-14,Simeon Thoresen,Besam Yousef,Simeon Thoresen,SUB,
2012-04-14,Francis Carmont,Magnus Cedenblad,Francis Carmont,SUB,
2012-04-14,Brian Stann,Alessio Sakara,Brian Stann,KO/TKO,
2012-04-14,DaMarques Johnson,John Maguire,John Maguire,SUB,
2012-04-14,Jason Young,Eric Wisely,Jason Young,DEC,
2012-04-18,Tai Tuivasa,Simon Osborne,Tai Tuivasa,,Australia Regional
2012-04-21,Rory MacDonald,Che Mills,Rory MacDonald,KO/TKO,
2012-04-21,Marcus Brimage,Maximo Blanco,Marcus Brimage,DEC,
2012-04-21,Miguel Torres,Michael McDonald,Michael McDonald,KO/TKO,
2012-04-21,Mateusz Gamrot,Tomasz Matuszewski,Mateusz Gamrot,,XFS: Night of Champions 4
2012-04-21,Jon Jones,Rashad Evans,Jon Jones,DEC,
2012-04-21,Keith Wisniewski,Chris Clements,Chris Clements,DEC,
2012-04-21,Mark Hominick,Eddie Yagin,Eddie Yagin,DEC,
2012-04-21,John Makdessi,Anthony Njokuani,Anthony Njokuani,DEC,
2012-04-21,Mac Danzig,Efrain Escudero,Mac Danzig,DEC,
2012-04-21,Travis Browne,Chad Griggs,Travis Browne,SUB,
2012-04-21,Matt Brown,Stephen Thompson,Matt Brown,DEC,
2012-04-21,Mark Bocek,John Alessio,Mark Bocek,DEC,
2012-04-21,Brendan Schaub,Ben Rothwell,Ben Rothwell,KO/TKO,
2012-04-26,Raoni Barcelos,Gilmar Silva Milhorance,Raoni Barcelos,,Shooto: Brazil 29
2012-04-27,Livio Victoriano,Robert Bryczek,Livio Victoriano,,MMAA: MMA Attack 2
2012-04-28,Vicente Luque,Thiago Santos,Vicente Luque,,Spartan MMA: Spartan MMA 2012
2012-05-04,Diego Ferreira,Hector Munoz,Diego Ferreira,,UWF: Tournament of Warriors Round 1
2012-05-05,Roland Delorme,Nick Denis,Roland Delorme,SUB,
2012-05-05,John Hathaway,Pascal Krauss,John Hathaway,DEC,
2012-05-05,Danny Castillo,John Cholish,Danny Castillo,DEC,
2012-05-05,Josh Koscheck,Johny Hendricks,Johny Hendricks,DEC,
2012-05-05,Nate Diaz,Jim Miller,Nate Diaz,SUB,
2012-05-05,Mike Massenzio,Karlos Vemola,Karlos Vemola,SUB,
2012-05-05,Pat Barry,Lavar Johnson,Lavar Johnson,KO/TKO,
2012-05-05,Louis Gaudinot,John Lineker,Louis Gaudinot,SUB,
2012-05-05,Tony Ferguson,Michael Johnson,Michael Johnson,DEC,
2012-05-05,Rousimar Palhares,Alan Belcher,Alan Belcher,KO/TKO,
2012-05-05,John Dodson,Tim Elliott,John Dodson,DEC,
2012-05-05,Dennis Bermudez,Pablo Garza,Dennis Bermudez,DEC,
2012-05-10,Chidi Njokuani,John Reedy,Chidi Njokuani,,TPF 13: Unfinished Business
2012-05-15,Yves Jabouin,Jeff Hougland,Yves Jabouin,DEC,
2012-05-15,Amir Sadollah,Jorge Lopez,Amir Sadollah,DEC,
2012-05-15,Jeff Curran,Johnny Eduardo,Johnny Eduardo,DEC,
2012-05-15,Igor Pokrajac,Fabio Maldonado,Igor Pokrajac,DEC,
2012-05-15,Chan Sung Jung,Dustin Poirier,Chan Sung Jung,SUB,
2012-05-15,Jason MacDonald,Tom Lawlor,Tom Lawlor,KO/TKO,
2012-05-15,TJ Grant,Carlo Prater,TJ Grant,DEC,
2012-05-15,Rafael Dos Anjos,Kamal Shalorus,Rafael Dos Anjos,SUB,
2012-05-15,Cody McKenzie,Marcus LeVesseur,Cody McKenzie,SUB,
2012-05-15,Alex Soto,Francisco Rivera,Francisco Rivera,DEC,
2012-05-15,Brad Tavares,Dongi Yang,Brad Tavares,DEC,
2012-05-15,Donald Cerrone,Jeremy Stephens,Donald Cerrone,DEC,
2012-05-19,Alexander Volkanovski,Gerhard Voigt,Alexander Volkanovski,,Revolution Promotions: Revolution at The Roxy
2012-05-19,Brandon Moreno,Jonathan Carter,Brandon Moreno,,Xplode Fight Series: Hunted
2012-05-25,Yair Rodriguez,Ricardo Alcala,Yair Rodriguez,,FMP 11: Ahora en el Palenque
2012-05-26,Jason Miller,CB Dollaway,CB Dollaway,DEC,
2012-05-26,Stefan Struve,Lavar Johnson,Stefan Struve,SUB,
2012-05-26,Stipe Miocic,Shane del Rosario,Stipe Miocic,KO/TKO,
2012-05-26,Kyle Kingsbury,Glover Teixeira,Glover Teixeira,SUB,
2012-05-26,Alexander Volkov,Stefan Stankovic,Alexander Volkov,,FEFOMP: Mayor Cup 2012
2012-05-26,Junior Dos Santos,Frank Mir,Junior Dos Santos,KO/TKO,
2012-05-26,Roy Nelson,Dave Herman,Roy Nelson,KO/TKO,
2012-05-26,Dan Hardy,Duane Ludwig,Dan Hardy,KO/TKO,
2012-05-26,Edson Barboza,Jamie Varner,Jamie Varner,KO/TKO,
2012-05-26,Diego Brandao,Darren Elkins,Darren Elkins,DEC,
2012-05-26,Marlon Vera,Alexis Patino Pinos,Marlon Vera,,Punisher Machala 4
2012-05-26,Cain Velasquez,Antonio Silva,Cain Velasquez,KO/TKO,
2012-05-26,Mike Brown,Daniel Pineda,Mike Brown,DEC,
2012-05-26,Jacob Volkmann,Paul Sass,Paul Sass,SUB,
2012-06-01,Jonathan Brookins,Charles Oliveira,Charles Oliveira,SUB,
2012-06-01,Myles Jury,Chris Saunders,Myles Jury,SUB,
2012-06-01,Michael Chiesa,Al Iaquinta,Michael Chiesa,SUB,
2012-06-01,Justin Lawrence,John Cofer,Justin Lawrence,KO/TKO,
2012-06-01,Max Holloway,Pat Schilling,Max Holloway,DEC,
2012-06-01,Jake Ellenberger,Martin Kampmann,Martin Kampmann,KO/TKO,
2012-06-01,Joe Proctor,Jeremy Larsen,Joe Proctor,KO/TKO,
2012-06-01,Cristiano Marcello,Sam Sicilia,Sam Sicilia,KO/TKO,
2012-06-01,Daron Cruickshank,Chris Tickle,Daron Cruickshank,DEC,
2012-06-01,John Albert,Erik Perez,Erik Perez,SUB,
2012-06-08,Dustin Pague,Jared Papazian,Dustin Pague,SUB,
2012-06-08,Tim Means,Justin Salas,Tim Means,KO/TKO,
2012-06-08,Seth Baczynski,Lance Benoist,Seth Baczynski,DEC,
2012-06-08,Leonard Garcia,Matt Grice,Matt Grice,DEC,
2012-06-08,Eddie Wineland,Scott Jorgensen,Eddie Wineland,KO/TKO,
2012-06-08,Erick Silva,Charlie Brenneman,Erick Silva,SUB,
2012-06-08,Henry Martinez,Bernardo Magalhaes,Henry Martinez,DEC,
2012-06-08,Jake Hecht,Sean Pierson,Sean Pierson,DEC,
2012-06-08,Buddy Roberts,Caio Magalhaes,Buddy Roberts,DEC,
2012-06-08,Demetrious Johnson,Ian McCall,Demetrious Johnson,DEC,
2012-06-08,Mike Pierce,Carlos Eduardo Rocha,Mike Pierce,DEC,
2012-06-08,Mike Pyle,Josh Neer,Mike Pyle,KO/TKO,
2012-06-15,Chad Anheliger,Adam Imhoff,Chad Anheliger,,HKFC: School of Hard Knocks 25
2012-06-16,Dan Hooker,Chengjie Wu,Dan Hooker,,Legend FC: Legend Fighting Championship 9
2012-06-22,Ramsey Nijem,CJ Keith,Ramsey Nijem,KO/TKO,
2012-06-22,Rick Story,Brock Jardine,Rick Story,DEC,
2012-06-22,Ken Stone,Dustin Pague,Ken Stone,DEC,
2012-06-22,Sam Stout,Spencer Fisher,Sam Stout,DEC,
2012-06-22,Nick Catone,Chris Camozzi,Chris Camozzi,KO/TKO,
2012-06-22,Steven Siler,Joey Gambino,Steven Siler,SUB,
2012-06-22,Hatsu Hioki,Ricardo Lamas,Ricardo Lamas,DEC,
2012-06-22,Nate Landwehr,Billy Mullins,Nate Landwehr,,XFC 18: Music City Mayhem
2012-06-22,Matt Brown,Luis Ramos,Matt Brown,KO/TKO,
2012-06-22,Brian Ebersole,TJ Waldburger,Brian Ebersole,DEC,
2012-06-22,Gray Maynard,Clay Guida,Gray Maynard,DEC,
2012-06-22,Dan Miller,Ricardo Funch,Dan Miller,SUB,
2012-06-22,Ross Pearson,Cub Swanson,Cub Swanson,KO/TKO,
2012-06-23,Fabricio Werdum,Mike Russow,Fabricio Werdum,KO/TKO,
2012-06-23,Wanderlei Silva,Rich Franklin,Rich Franklin,DEC,
2012-06-23,Cezar Ferreira,Sergio Moraes,Cezar Ferreira,DEC,
2012-06-23,Marcos Vinicius,Wagner Campos,Marcos Vinicius,KO/TKO,
2012-06-23,Delson Heleno,Francisco Trinaldo,Francisco Trinaldo,KO/TKO,
2012-06-23,Iuri Alcantara,Hacran Dias,Hacran Dias,DEC,
2012-06-23,Thiago Perpetuo,Leonardo Mafra,Thiago Perpetuo,KO/TKO,
2012-06-23,Godofredo Pepey,Rony Jason,Rony Jason,DEC,
2012-06-23,John Teixeira,Hugo Viana,Hugo Viana,DEC,
2012-06-23,Anistavio Medeiros,Rodrigo Damm,Rodrigo Damm,SUB,
2012-06-30,Diego Ferreira,Travonne Hobbs,Diego Ferreira,,UWF: Tournament of Warriors Finale
2012-06-30,Chidi Njokuani,Bobby Cooper,Chidi Njokuani,,RFA 3: Stevenson vs. Cochrane
2012-07-07,John Alessio,Shane Roller,Shane Roller,DEC,
2012-07-07,Gleison Tibau,Khabib Nurmagomedov,Khabib Nurmagomedov,DEC,
2012-07-07,Kelvin Gastelum,Bill Smallwood,Kelvin Gastelum,,Cage Rage: On the River 2
2012-07-07,Forrest Griffin,Tito Ortiz,Forrest Griffin,DEC,
2012-07-07,Ivan Menjivar,Mike Easton,Mike Easton,DEC,
2012-07-07,Constantinos Philippou,Riki Fukuda,Constantinos Philippou,DEC,
2012-07-07,Anderson Silva,Chael Sonnen,Anderson Silva,KO/TKO,
2012-07-07,Rafaello Oliveira,Yoislandy Izquierdo,Rafaello Oliveira,DEC,
2012-07-07,Cung Le,Patrick Cote,Cung Le,DEC,
2012-07-07,Dong Hyun Kim,Demian Maia,Demian Maia,KO/TKO,
2012-07-07,Melvin Guillard,Fabricio Camoes,Melvin Guillard,DEC,
2012-07-07,Chad Mendes,Cody McKenzie,Chad Mendes,KO/TKO,
2012-07-11,Aaron Simpson,Kenny Robertson,Aaron Simpson,DEC,
2012-07-11,Rafael Dos Anjos,Anthony Njokuani,Rafael Dos Anjos,DEC,
2012-07-11,Raphael Assuncao,Issei Tamura,Raphael Assuncao,KO/TKO,
2012-07-11,James Te Huna,Joey Beltran,James Te Huna,DEC,
2012-07-11,Damacio Page,Alex Caceres,Alex Caceres,SUB,
2012-07-11,TJ Dillashaw,Vaughan Lee,TJ Dillashaw,SUB,
2012-07-11,Karlos Vemola,Francis Carmont,Francis Carmont,SUB,
2012-07-11,Marcelo Guimaraes,Dan Stittgen,Marcelo Guimaraes,DEC,
2012-07-11,Chris Cariaso,Josh Ferguson,Chris Cariaso,DEC,
2012-07-11,Mark Munoz,Chris Weidman,Chris Weidman,KO/TKO,
2012-07-11,Rafael Natal,Andrew Craig,Andrew Craig,KO/TKO,
2012-07-14,Raoni Barcelos,Fabricio Batista,Raoni Barcelos,,Shooto Brazil: Shooto Brazil 32
2012-07-14,Alexandre Pantoja,Lincoln de Sa,Alexandre Pantoja,,Shooto Brazil: Shooto Brazil 32
2012-07-20,Kelvin Gastelum,Mike Ashford,Kelvin Gastelum,,RITC 161: Rage in the Cage 161
2012-07-21,Court McGee,Nick Ring,Nick Ring,DEC,
2012-07-21,Mitch Clarke,Anton Kuivanen,Anton Kuivanen,DEC,
2012-07-21,Hector Lombard,Tim Boetsch,Tim Boetsch,DEC,
2012-07-21,Brian Ebersole,James Head,James Head,DEC,
2012-07-21,Cheick Kongo,Shawn Jordan,Cheick Kongo,DEC,
2012-07-21,Antonio Carvalho,Daniel Pineda,Antonio Carvalho,KO/TKO,
2012-07-21,Anthony Perosh,Ryan Jimmo,Ryan Jimmo,KO/TKO,
2012-07-21,Bryan Caraway,Mitch Gagnon,Bryan Caraway,SUB,
2012-07-21,Alessandro Grandis,Marvin Vettori,Alessandro Grandis,,NGT 6: Para Bellum
2012-07-21,Urijah Faber,Renan Barao,Renan Barao,DEC,
2012-07-27,Nikita Krylov,Alexander Umrikhin,Nikita Krylov,,WF: West Fight 4
2012-07-28,Brenson Hansen,Brandon Moreno,Brenson Hansen,,CITC 11: Xtreme Couture vs. Southern California
2012-08-04,Junior Orgulho,Vicente Luque,Junior Orgulho,,CPMMAF: Champion Fights
2012-08-04,John Moraga,Ulysses Gomez,John Moraga,KO/TKO,
2012-08-04,Joe Lauzon,Jamie Varner,Joe Lauzon,SUB,
2012-08-04,Mike Swick,DaMarques Johnson,Mike Swick,KO/TKO,
2012-08-04,Josh Grispi,Rani Yahya,Rani Yahya,SUB,
2012-08-04,Mauricio Rua,Brandon Vera,Mauricio Rua,KO/TKO,
2012-08-04,Lyoto Machida,Ryan Bader,Lyoto Machida,KO/TKO,
2012-08-04,Cole Miller,Nam Phan,Nam Phan,DEC,
2012-08-04,Manvel Gamburyan,Michihiro Omigawa,Manvel Gamburyan,DEC,
2012-08-04,Philip De Fries,Oli Thompson,Philip De Fries,SUB,
2012-08-10,Nikita Krylov,Denis Bogdanov,Nikita Krylov,,ECSF: Cup Of West Ukraine 2012
2012-08-11,Yushin Okami,Buddy Roberts,Yushin Okami,KO/TKO,
2012-08-11,Justin Lawrence,Max Holloway,Max Holloway,KO/TKO,
2012-08-11,Benson Henderson,Frankie Edgar,Benson Henderson,DEC,
2012-08-11,Dustin Pague,Chico Camus,Chico Camus,DEC,
2012-08-11,Deiveson Figueiredo,Jonas Ferreira dos Santos,Deiveson Figueiredo,,Amazon Fight 18: Santa Izabel
2012-08-11,Dennis Bermudez,Tommy Hayden,Dennis Bermudez,SUB,
2012-08-11,Donald Cerrone,Melvin Guillard,Donald Cerrone,KO/TKO,
2012-08-11,Nik Lentz,Eiji Mitsuoka,Nik Lentz,KO/TKO,
2012-08-11,Ken Stone,Erik Perez,Erik Perez,KO/TKO,
2012-08-11,Jared Hamman,Michael Kuiper,Michael Kuiper,KO/TKO,
2012-08-16,Nikita Krylov,Alexey Artemenko,Nikita Krylov,,BBF: Big Boys Fights
2012-08-18,Nikita Krylov,Anatoliy Didenko,Nikita Krylov,,ECSF: MMA Ukraine Cup 5
2012-08-18,Dooho Choi,Kosuke Umeda,Dooho Choi,,Deep: 59 Impact
2012-08-26,Nikita Krylov,Svyatoslav Scherbakov,Nikita Krylov,,ECSF: MMA Ukraine Cup 6
2012-08-31,Tai Tuivasa,Aaron Nieborak,Tai Tuivasa,,Gladiators Cage Fighting: Series 2
2012-09-02,Islam Makhachev,Anatoly Kormilkin,Islam Makhachev,,Lion's Fights 2: Battle of Two Capitals
2012-09-07,Alex Perez,Javier Galas,Alex Perez,,TPF 14: Validation
2012-09-14,Nikita Krylov,Alexey Stepanov,Nikita Krylov,,ECSF: MMA Ukraine Cup 7
2012-09-15,Abus Magomedov,David Rosmon,Abus Magomedov,,EMMA 1: Casino Fight Night 2
2012-09-15,Nikita Krylov,Anatoliy Didenko,Nikita Krylov,,OC: Oplot Challenge 4
2012-09-16,Kai Asakura,Tomoya Suzuki,Kai Asakura,,Deep: Cage Impact 2012 in Hamamatsu
2012-09-21,Raoni Barcelos,Jorge Rodrigues Silva,Raoni Barcelos,,Shooto: Brazil 34
2012-09-22,Kyle Noke,Charlie Brenneman,Kyle Noke,KO/TKO,
2012-09-22,Cub Swanson,Charles Oliveira,Cub Swanson,KO/TKO,
2012-09-22,Sean Pierson,Lance Benoist,Sean Pierson,DEC,
2012-09-22,TJ Grant,Evan Dunham,TJ Grant,DEC,
2012-09-22,Mitch Gagnon,Walel Watson,Mitch Gagnon,SUB,
2012-09-22,Igor Pokrajac,Vinny Magalhaes,Vinny Magalhaes,SUB,
2012-09-22,Matt Hamill,Roger Hollett,Matt Hamill,DEC,
2012-09-22,Jon Jones,Vitor Belfort,Jon Jones,SUB,
2012-09-22,Joseph Benavidez,Demetrious Johnson,Demetrious Johnson,DEC,
2012-09-22,Jimy Hettes,Marcus Brimage,Marcus Brimage,DEC,
2012-09-22,Brandon Moreno,Jesse Cruz,Brandon Moreno,,Xplode Fight Series: Anarchy
2012-09-22,Michael Bisping,Brian Stann,Michael Bisping,DEC,
2012-09-22,Seth Baczynski,Simeon Thoresen,Seth Baczynski,KO/TKO,
2012-09-22,John Castaneda,Brandon Abrego,John Castaneda,,Driller Promotions/SEG: Caged Chaos
2012-09-28,Nate Landwehr,Chris Wright,Nate Landwehr,,XFC 20: High Octane
2012-09-29,Kyle Kingsbury,Jimi Manuwa,Jimi Manuwa,KO/TKO,
2012-09-29,Dan Hardy,Amir Sadollah,Dan Hardy,DEC,
2012-09-29,Stefan Struve,Stipe Miocic,Stefan Struve,KO/TKO,
2012-09-29,Tom Watson,Brad Tavares,Brad Tavares,DEC,
2012-09-29,Brad Pickett,Yves Jabouin,Brad Pickett,KO/TKO,
2012-09-29,Andy Ogle,Akira Corassani,Akira Corassani,DEC,
2012-09-29,Paul Sass,Matt Wiman,Matt Wiman,SUB,
2012-09-29,John Hathaway,John Maguire,John Hathaway,DEC,
2012-09-29,DaMarques Johnson,Gunnar Nelson,Gunnar Nelson,SUB,
2012-09-29,Jason Young,Robert Peralta,Robert Peralta,KO/TKO,
2012-09-29,Che Mills,Duane Ludwig,Che Mills,KO/TKO,
2012-10-02,Nikita Krylov,Viktor Smirnov,Nikita Krylov,,ECSF: MMA Lion Cup
2012-10-05,Jake Ellenberger,Jay Hieron,Jake Ellenberger,DEC,
2012-10-05,Bart Palaszewski,Diego Nunes,Diego Nunes,DEC,
2012-10-05,Travis Browne,Antonio Silva,Antonio Silva,KO/TKO,
2012-10-05,Jacob Volkmann,Shane Roller,Jacob Volkmann,SUB,
2012-10-05,Darren Uyenoyama,Phil Harris,Darren Uyenoyama,SUB,
2012-10-05,John Dodson,Jussier Formiga,John Dodson,KO/TKO,
2012-10-05,Alexander Volkov,Brett Rogers,Alexander Volkov,,BFC: Bellator Fighting Championships 75
2012-10-05,Marcus LeVesseur,Carlo Prater,Marcus LeVesseur,DEC,
2012-10-05,Michael Johnson,Danny Castillo,Michael Johnson,KO/TKO,
2012-10-05,Tanner Boser,Mike Cobey,Tanner Boser,,Unified: MMA 13
2012-10-05,Josh Neer,Justin Edwards,Justin Edwards,SUB,
2012-10-05,Aaron Simpson,Mike Pierce,Mike Pierce,KO/TKO,
2012-10-06,Jamall Emmers,James Gonzales,Jamall Emmers,,Big Dawg Promotions: In the Cage I Trust
2012-10-13,Rony Jason,Sam Sicilia,Rony Jason,KO/TKO,
2012-10-13,Phil Davis,Wagner Prado,Phil Davis,SUB,
2012-10-13,Dan Hooker,Sihle Khuboni,Dan Hooker,,Shuriken MMA: Clash of the Continents
2012-10-13,Jeremiah Wells,Quinton Stephens,Jeremiah Wells,,PACF: PA Cage Fight 14
2012-10-13,Sergio Moraes,Renee Forte,Sergio Moraes,SUB,
2012-10-13,Cristiano Marcello,Reza Madadi,Cristiano Marcello,DEC,
2012-10-13,Diego Brandao,Joey Gambino,Diego Brandao,DEC,
2012-10-13,Anderson Silva,Stephan Bonnar,Anderson Silva,KO/TKO,
2012-10-13,Antonio Rodrigo Nogueira,Dave Herman,Antonio Rodrigo Nogueira,SUB,
2012-10-13,Nikita Krylov,Igor Kukurudziak,Nikita Krylov,,ECSF: Kolomyi Cup
2012-10-13,Luiz Cane,Chris Camozzi,Chris Camozzi,DEC,
2012-10-13,Gleison Tibau,Francisco Trinaldo,Gleison Tibau,DEC,
2012-10-13,Demian Maia,Rick Story,Demian Maia,SUB,
2012-10-13,Jon Fitch,Erick Silva,Jon Fitch,DEC,
2012-10-13,Glover Teixeira,Fabio Maldonado,Glover Teixeira,KO/TKO,
2012-10-20,Mateusz Gamrot,Tomas Deak,Mateusz Gamrot,,XFS: Night of Champions 5
2012-10-20,Arnold Allen,Kim Thinghaugen,Arnold Allen,,UWC 21: Xplosion
2012-10-20,Nikita Krylov,Vladimir Gerasimchik,Nikita Krylov,,OC: Oplot Challenge 7
2012-11-02,Michael Page,Haitham El-Sayed,Michael Page,,SFL 7: Super Fight League 7
2012-11-02,Chidi Njokuani,Phil Dace,Chidi Njokuani,,RFA 4: Griffin vs. Escudero
2012-11-09,Tai Tuivasa,Erik Nosa,Tai Tuivasa,,Gladiators Cage Fighting: Gladiators 3
2012-11-09,Nikita Krylov,Valery Scherbakov,Nikita Krylov,,WH: Igor Vovchanchyn Cup
2012-11-09,Alexander Volkov,Vinicius Queiroz,Alexander Volkov,,BFC: Bellator Fighting Championships 80
2012-11-10,Yasuhiro Urushitani,John Lineker,John Lineker,DEC,
2012-11-10,Alex Caceres,Motonobu Tezuka,Alex Caceres,DEC,
2012-11-10,Rich Franklin,Cung Le,Cung Le,KO/TKO,
2012-11-10,Takanori Gomi,Mac Danzig,Takanori Gomi,DEC,
2012-11-10,Riki Fukuda,Tom DeBlass,Riki Fukuda,DEC,
2012-11-10,Zhang Tiequan,Jon Tuck,Jon Tuck,DEC,
2012-11-10,Takeya Mizugaki,Jeff Hougland,Takeya Mizugaki,DEC,
2012-11-10,Dong Hyun Kim,Paulo Thiago,Dong Hyun Kim,DEC,
2012-11-15,Alex Perez,Carlos DeSoto,Alex Perez,,TPF 15: Collision Course
2012-11-17,Francis Carmont,Tom Lawlor,Francis Carmont,DEC,
2012-11-17,Ivan Menjivar,Azamat Gashimov,Ivan Menjivar,SUB,
2012-11-17,Patrick Cote,Alessio Sakara,Patrick Cote,DQ,
2012-11-17,Cyrille Diabate,Chad Griggs,Cyrille Diabate,SUB,
2012-11-17,Ismail Naurdiev,Alic Eldridz,Ismail Naurdiev,,KOTR Austria: King Of The Ring
2012-11-17,Antonio Carvalho,Rodrigo Damm,Antonio Carvalho,DEC,
2012-11-17,Georges St-Pierre,Carlos Condit,Georges St-Pierre,DEC,
2012-11-17,Matthew Riddle,John Maguire,Matthew Riddle,DEC,
2012-11-17,Mark Bocek,Rafael Dos Anjos,Rafael Dos Anjos,DEC,
2012-11-17,Matt Mazurek,Jamall Emmers,Matt Mazurek,,ABG: Promotions
2012-11-17,Steven Siler,Darren Elkins,Darren Elkins,DEC,
2012-11-17,Mark Hominick,Pablo Garza,Pablo Garza,DEC,
2012-11-17,Sam Stout,John Makdessi,John Makdessi,DEC,
2012-11-17,Johny Hendricks,Martin Kampmann,Johny Hendricks,KO/TKO,
2012-11-23,Renato Moicano,Felipe Froes,,Draw,Shooto: Brazil 36
2012-11-24,Robert Bryczek,Pawel Krzeszowiec,Robert Bryczek,,PLMMA 9: Chelm
2012-11-30,Mandel Nallo,Joseph Latour,Mandel Nallo,,Slamm 1: Garcia vs. Lamarche
2012-12-07,Diego Ferreira,Jorge Cortez,Diego Ferreira,,STFC 23: Ferreira vs. Cortez
2012-12-08,Daron Cruickshank,Henry Martinez,Daron Cruickshank,KO/TKO,
2012-12-08,Benson Henderson,Nate Diaz,Benson Henderson,DEC,
2012-12-08,Yves Edwards,Jeremy Stephens,Yves Edwards,KO/TKO,
2012-12-08,Raphael Assuncao,Mike Easton,Raphael Assuncao,DEC,
2012-12-08,Mauricio Rua,Alexander Gustafsson,Alexander Gustafsson,DEC,
2012-12-08,Scott Jorgensen,John Albert,Scott Jorgensen,SUB,
2012-12-08,Marcus LeVesseur,Abel Trujillo,Abel Trujillo,KO/TKO,
2012-12-08,Ramsey Nijem,Joe Proctor,Ramsey Nijem,DEC,
2012-12-08,BJ Penn,Rory MacDonald,Rory MacDonald,DEC,
2012-12-08,Dennis Siver,Nam Phan,Dennis Siver,DEC,
2012-12-08,Mike Swick,Matt Brown,Matt Brown,KO/TKO,
2012-12-13,Mike Ricci,Neil Magny,Mike Ricci,,The Ultimate Fighter 16 Semifinal
2012-12-14,Mike Pierce,Seth Baczynski,Mike Pierce,DEC,
2012-12-14,Colin Fletcher,Norman Parke,Norman Parke,DEC,
2012-12-14,George Sotiropoulos,Ross Pearson,Ross Pearson,KO/TKO,
2012-12-14,Hector Lombard,Rousimar Palhares,Hector Lombard,KO/TKO,
2012-12-14,Ben Alloway,Manuel Rodriguez,Ben Alloway,KO/TKO,
2012-12-14,Alexander Volkov,Richard Hale,Alexander Volkov,,BFC: Bellator Fighting Championships 84
2012-12-14,Brendan Loughnane,Mike Wilkinson,Mike Wilkinson,DEC,
2012-12-14,Nick Penner,Cody Donovan,Cody Donovan,KO/TKO,
2012-12-14,Robert Whittaker,Brad Scott,Robert Whittaker,DEC,
2012-12-14,Chad Mendes,Yaotzin Meza,Chad Mendes,KO/TKO,
2012-12-15,Johnny Bedford,Marcos Vinicius,Johnny Bedford,KO/TKO,
2012-12-15,Kris Hocum,Muslim Salikhov,Kris Hocum,,Beirut Elite Fighting Championship: First Blood
2012-12-15,Vinc Pichel,Rustam Khabilov,Rustam Khabilov,KO/TKO,
2012-12-15,TJ Waldburger,Nick Catone,TJ Waldburger,SUB,
2012-12-15,Colton Smith,Mike Ricci,Colton Smith,DEC,
2012-12-15,Jared Papazian,Tim Elliott,Tim Elliott,DEC,
2012-12-15,Roy Nelson,Matt Mitrione,Roy Nelson,KO/TKO,
2012-12-15,Dustin Poirier,Jonathan Brookins,Dustin Poirier,SUB,
2012-12-15,Mike Rio,John Cofer,Mike Rio,SUB,
2012-12-15,Reuben Duran,Hugo Viana,Hugo Viana,KO/TKO,
2012-12-15,Adrian Ruf,Nasrat Haqparast,Adrian Ruf,,WLMMA: We Love MMA 4
2012-12-15,Mike Pyle,James Head,Mike Pyle,KO/TKO,
2012-12-15,Pat Barry,Shane del Rosario,Pat Barry,KO/TKO,
2012-12-19,Alexa Grasso,Sandra del Rincon,Alexa Grasso,,GEX: Old Jack's Fight Night
2012-12-20,Luis Roberto Herrera,Yair Rodriguez,Luis Roberto Herrera,,FMP 13: Mexican Fighters Promotion 13
2012-12-22,Nikita Krylov,Denis Simkin,Nikita Krylov,,GFC: Gladiators Fighting Championship
2012-12-29,Yushin Okami,Alan Belcher,Yushin Okami,DEC,
2012-12-29,Chris Leben,Derek Brunson,Derek Brunson,DEC,
2012-12-29,Robert Bryczek,Mateusz Pogudz,Robert Bryczek,,PLMMA 10: 2012 Final
2012-12-29,Leonard Garcia,Max Holloway,Max Holloway,DEC,
2012-12-29,Brad Pickett,Eddie Wineland,Eddie Wineland,DEC,
2012-12-29,Chris Cariaso,John Moraga,John Moraga,SUB,
2012-12-29,Tim Boetsch,Constantinos Philippou,Constantinos Philippou,KO/TKO,
2012-12-29,Philip De Fries,Todd Duffee,Todd Duffee,KO/TKO,
2012-12-29,Vladimir Mishchenko,Nikita Krylov,Vladimir Mishchenko,,OC: Oplot Challenge 22
2012-12-29,Junior Dos Santos,Cain Velasquez,Cain Velasquez,DEC,
2012-12-29,Michael Johnson,Myles Jury,Myles Jury,DEC,
2012-12-29,Melvin Guillard,Jamie Varner,Jamie Varner,DEC,
2012-12-29,Jim Miller,Joe Lauzon,Jim Miller,DEC,
2012-12-29,Erik Perez,Byron Bloodworth,Erik Perez,KO/TKO,
2013-01-17,Pat Curran,Patricio Pitbull,Pat Curran,,Bellator MMA: Bellator 85
2013-01-18,Marlon Vera,Javier Munoz Umana,Marlon Vera,,Panama Fight League: Ultimate Combat Challenge 13
2013-01-19,Nikita Krylov,Kilichbek Sarkarboev,Nikita Krylov,,GFC: Gladiators Fighting Championship 2
2013-01-19,Vitor Belfort,Michael Bisping,Vitor Belfort,KO/TKO,
2013-01-19,Ronny Markes,Andrew Craig,Ronny Markes,DEC,
2013-01-19,Daniel Sarafian,CB Dollaway,CB Dollaway,DEC,
2013-01-19,Godofredo Pepey,Milton Vieira,Godofredo Pepey,DEC,
2013-01-19,Edson Barboza,Lucas Martins,Edson Barboza,KO/TKO,
2013-01-19,Wagner Prado,Ildemar Alcantara,Ildemar Alcantara,SUB,
2013-01-19,Thiago Tavares,Khabib Nurmagomedov,Khabib Nurmagomedov,KO/TKO,
2013-01-19,Gabriel Gonzaga,Ben Rothwell,Gabriel Gonzaga,SUB,
2013-01-19,Francisco Trinaldo,CJ Keith,Francisco Trinaldo,SUB,
2013-01-19,Diego Nunes,Nik Lentz,Nik Lentz,DEC,
2013-01-19,Nikita Krylov,Julian Bogdanov,Nikita Krylov,,GFC: Gladiators Fighting Championship 2
2013-01-26,Mike Stumpf,Pascal Krauss,Pascal Krauss,DEC,
2013-01-26,Mike Russow,Shawn Jordan,Shawn Jordan,KO/TKO,
2013-01-26,Ryan Bader,Vladimir Matyushenko,Ryan Bader,SUB,
2013-01-26,Demetrious Johnson,John Dodson,Demetrious Johnson,DEC,
2013-01-26,Anthony Pettis,Donald Cerrone,Anthony Pettis,KO/TKO,
2013-01-26,Rafael Natal,Sean Spencer,Rafael Natal,SUB,
2013-01-26,Erik Koch,Ricardo Lamas,Ricardo Lamas,KO/TKO,
2013-01-26,TJ Grant,Matt Wiman,TJ Grant,KO/TKO,
2013-01-26,Clay Guida,Hatsu Hioki,Clay Guida,DEC,
2013-01-26,John Castaneda,Bruce Johnson,John Castaneda,,Driller Promotions / SEG: Downtown Showdown 12
2013-01-26,Quinton Jackson,Glover Teixeira,Glover Teixeira,DEC,
2013-01-26,Simeon Thoresen,David Mitchell,David Mitchell,DEC,
2013-01-27,Raoni Barcelos,Joao Herdy Jr.,Raoni Barcelos,,WFC: Web Fight Combat
2013-02-01,Jamall Emmers,Ernest de la Cruz,Jamall Emmers,,LFC 17: Legacy Fighting Championship 17
2013-02-02,Chico Camus,Dustin Kimura,Dustin Kimura,SUB,
2013-02-02,Alistair Overeem,Antonio Silva,Antonio Silva,KO/TKO,
2013-02-02,Jacob Volkmann,King Green,King Green,SUB,
2013-02-02,Tyron Woodley,Jay Hieron,Tyron Woodley,KO/TKO,
2013-02-02,Jose Aldo,Frankie Edgar,Jose Aldo,DEC,
2013-02-02,Gleison Tibau,Evan Dunham,Evan Dunham,DEC,
2013-02-02,Yves Edwards,Isaac Vallie-Flagg,Isaac Vallie-Flagg,DEC,
2013-02-02,Joseph Benavidez,Ian McCall,Joseph Benavidez,DEC,
2013-02-02,Rashad Evans,Rogerio Nogueira,Rogerio Nogueira,DEC,
2013-02-02,Edwin Figueroa,Francisco Rivera,Francisco Rivera,KO/TKO,
2013-02-02,Ismail Naurdiev,Abdul Shaliqhi,Ismail Naurdiev,,RA 1: Respect Austria 1
2013-02-02,Jon Fitch,Demian Maia,Demian Maia,DEC,
2013-02-02,Arnold Allen,Carl Orriss,Arnold Allen,,UCMMA 32: Ultimate Challenge MMA 32
2013-02-09,Nathaniel Wood,Damo Weeden,Nathaniel Wood,,Fusion Fighting Championship: Reality Check
2013-02-15,Billy Quarantillo,John de Jesus,Billy Quarantillo,,Fight Time 13: MMA Kings
2013-02-16,Jimi Manuwa,Cyrille Diabate,Jimi Manuwa,KO/TKO,
2013-02-16,Vaughan Lee,Motonobu Tezuka,Vaughan Lee,DEC,
2013-02-16,Paul Sass,Danny Castillo,Danny Castillo,DEC,
2013-02-16,Phil Harris,Ulysses Gomez,Phil Harris,DEC,
2013-02-16,Andy Ogle,Josh Grispi,Andy Ogle,DEC,
2013-02-16,Cub Swanson,Dustin Poirier,Cub Swanson,DEC,
2013-02-16,Yair Rodriguez,Edgar Juarez,Yair Rodriguez,,FMP 14: Mexican Fighters Promotion 14
2013-02-16,Ryan Spann,Aaron Lebrun,Ryan Spann,,Vengeance Fighting Alliance: VFA: Round 1
2013-02-16,Terry Etim,Renee Forte,Renee Forte,DEC,
2013-02-16,Renan Barao,Michael McDonald,Renan Barao,SUB,
2013-02-16,Tom Watson,Stanislav Nedkov,Tom Watson,KO/TKO,
2013-02-16,Gunnar Nelson,Jorge Santiago,Gunnar Nelson,DEC,
2013-02-16,Abus Magomedov,Jessin Ayari,Abus Magomedov,,GMC 3: Cage Time
2013-02-16,Dooho Choi,Tatsunao Nagakura,Dooho Choi,,Deep: 61 Impact
2013-02-16,James Te Huna,Ryan Jimmo,James Te Huna,DEC,
2013-02-22,Diego Ferreira,Danny Salinas,Diego Ferreira,,STFC 23: Trevino vs. Dailey
2013-02-22,D'Juan Owens,Nate Landwehr,D'Juan Owens,,XFC 22: Crossing the Line
2013-02-23,Nah-Shon Burrell,Yuri Villefort,Nah-Shon Burrell,DEC,
2013-02-23,Kenny Robertson,Brock Jardine,Kenny Robertson,SUB,
2013-02-23,Court McGee,Josh Neer,Court McGee,DEC,
2013-02-23,Sam Stout,Caros Fodor,Sam Stout,DEC,
2013-02-23,Brendan Schaub,Lavar Johnson,Brendan Schaub,DEC,
2013-02-23,Jon Manley,Neil Magny,Neil Magny,DEC,
2013-02-23,Urijah Faber,Ivan Menjivar,Urijah Faber,SUB,
2013-02-23,Michael Chiesa,Anton Kuivanen,Michael Chiesa,SUB,
2013-02-23,Alexander Volkanovski,Regan Wilson,Alexander Volkanovski,,Southern Fight Promotions: Cage Conquest 2
2013-02-23,Dennis Bermudez,Matt Grice,Dennis Bermudez,DEC,
2013-02-23,Ronda Rousey,Liz Carmouche,Ronda Rousey,SUB,
2013-02-23,Lyoto Machida,Dan Henderson,Lyoto Machida,DEC,
2013-02-23,Josh Koscheck,Robbie Lawler,Robbie Lawler,KO/TKO,
2013-03-02,Stefan Struve,Mark Hunt,Mark Hunt,KO/TKO,
2013-03-02,Riki Fukuda,Brad Tavares,Brad Tavares,DEC,
2013-03-02,Cristiano Marcello,Kazuki Tokudome,Kazuki Tokudome,DEC,
2013-03-02,Mizuto Hirota,Rani Yahya,Rani Yahya,DEC,
2013-03-02,Takeya Mizugaki,Bryan Caraway,Takeya Mizugaki,DEC,
2013-03-02,Marcelo Guimaraes,Hyun Gyu Lim,Hyun Gyu Lim,KO/TKO,
2013-03-02,Wanderlei Silva,Brian Stann,Wanderlei Silva,KO/TKO,
2013-03-02,Takanori Gomi,Diego Sanchez,Diego Sanchez,DEC,
2013-03-02,Yushin Okami,Hector Lombard,Yushin Okami,DEC,
2013-03-02,Dong Hyun Kim,Siyar Bahadurzada,Dong Hyun Kim,DEC,
2013-03-08,Vladimir Mishchenko,Nikita Krylov,Vladimir Mishchenko,,OC: Oplot Challenge 40
2013-03-09,Mike Malott,Jon Williams,Mike Malott,,ECC 16 - Proving Ground
2013-03-09,Vicente Luque,Yuri Moura,Vicente Luque,,Imperium: MMA Pro 2
2013-03-16,George Roop,Reuben Duran,George Roop,DEC,
2013-03-16,Patrick Cote,Bobby Voelker,Patrick Cote,DEC,
2013-03-16,Ryan Spann,Steven Zamora,Ryan Spann,,EODV: El Orgullo Del Valle
2013-03-16,TJ Dillashaw,Issei Tamura,TJ Dillashaw,KO/TKO,
2013-03-16,Carlos Condit,Johny Hendricks,Johny Hendricks,DEC,
2013-03-16,Mike Ricci,Colin Fletcher,Mike Ricci,DEC,
2013-03-16,Jake Ellenberger,Nate Marquardt,Jake Ellenberger,KO/TKO,
2013-03-16,Dan Miller,Jordan Mein,Jordan Mein,KO/TKO,
2013-03-16,Nick Ring,Chris Camozzi,Chris Camozzi,DEC,
2013-03-16,John Makdessi,Daron Cruickshank,John Makdessi,DEC,
2013-03-16,Antonio Carvalho,Darren Elkins,Darren Elkins,KO/TKO,
2013-03-16,Alexandre Pantoja,Rodrigo Favacho dos Santos,Alexandre Pantoja,,MMA Fight Show: Summer Edition
2013-03-16,Rick Story,Quinn Mulhern,Rick Story,KO/TKO,
2013-03-16,Georges St-Pierre,Nick Diaz,Georges St-Pierre,DEC,
2013-03-19,Tai Tuivasa,John Hopoate,Tai Tuivasa,,Australia Regional
2013-03-21,Michael Page,Ryan Sanders,Michael Page,,Bellator MMA: Bellator 93
2013-03-22,Jeremy Kimball,Chidi Njokuani,Jeremy Kimball,,RFA 7: Thatch vs. Rhodes
2013-03-23,Brandon Moreno,Jason Carbajal,Brandon Moreno,,MEZ Sports: Pandemonium 8
2013-03-23,Andreas Stahl,Abus Magomedov,Andreas Stahl,,HFC: Heroes Fighting
2013-03-23,Alex Perez,Peter Baltimore,Alex Perez,,MEZ Sports: Pandemonium 8
2013-04-06,Brad Pickett,Mike Easton,Brad Pickett,DEC,
2013-04-06,Renato Moicano,Mauro Chaulet,Renato Moicano,,Jungle Fight 50
2013-04-06,Alexander Volkanovski,Anton Zafir,Alexander Volkanovski,,Roshambo MMA 1: In the Cage
2013-04-06,Marcus Brimage,Conor McGregor,Conor McGregor,KO/TKO,
2013-04-06,Papy Abedi,Besam Yousef,Papy Abedi,DEC,
2013-04-06,Reza Madadi,Michael Johnson,Reza Madadi,SUB,
2013-04-06,Tor Troeng,Adam Cella,Tor Troeng,SUB,
2013-04-06,Ryan Couture,Ross Pearson,Ross Pearson,KO/TKO,
2013-04-06,Matt Mitrione,Philip De Fries,Matt Mitrione,KO/TKO,
2013-04-06,Chris Spang,Adlan Amagov,Adlan Amagov,DEC,
2013-04-06,Diego Brandao,Pablo Garza,Diego Brandao,SUB,
2013-04-06,Michael Kuiper,Tom Lawlor,Tom Lawlor,SUB,
2013-04-06,Gegard Mousasi,Ilir Latifi,Gegard Mousasi,DEC,
2013-04-06,Ben Alloway,Ryan LaFlare,Ryan LaFlare,DEC,
2013-04-06,Akira Corassani,Robert Peralta,Akira Corassani,DEC,
2013-04-09,Islam Makhachev,Mansour Barnaoui,Islam Makhachev,,M-1 Challenge 38: Spring Battle
2013-04-09,Muslim Salikhov,Deyan Topalski,Muslim Salikhov,,M-1 Challenge 38: Spring Battle
2013-04-09,Nikita Krylov,Gabriel Tampu,Nikita Krylov,,M-1 Challenge 38: Spring Battle
2013-04-10,Kelvin Gastelum,Josh Samman,Kelvin Gastelum,,The Ultimate Fighter 17 Semifinal
2013-04-12,Michael Page,Ramdan Mohamed,Michael Page,,SFL 15: Super Fight League 15
2013-04-13,Robert McDaniel,Gilbert Smith,Robert McDaniel,SUB,
2013-04-13,Cole Miller,Bart Palaszewski,Cole Miller,SUB,
2013-04-13,Justin Lawrence,Daniel Pineda,Daniel Pineda,SUB,
2013-04-13,Uriah Hall,Kelvin Gastelum,Kelvin Gastelum,DEC,
2013-04-13,Dylan Andrews,Jimmy Quinlan,Dylan Andrews,KO/TKO,
2013-04-13,Travis Browne,Gabriel Gonzaga,Travis Browne,KO/TKO,
2013-04-13,Sam Sicilia,Maximo Blanco,Maximo Blanco,DEC,
2013-04-13,Luke Barnatt,Collin Hart,Luke Barnatt,DEC,
2013-04-13,Bristol Marunde,Clint Hester,Clint Hester,KO/TKO,
2013-04-13,Josh Samman,Kevin Casey,Josh Samman,KO/TKO,
2013-04-13,Urijah Faber,Scott Jorgensen,Urijah Faber,SUB,
2013-04-13,Miesha Tate,Cat Zingano,Cat Zingano,KO/TKO,
2013-04-20,Chad Mendes,Darren Elkins,Chad Mendes,KO/TKO,
2013-04-20,Anthony Njokuani,Roger Bowling,Anthony Njokuani,KO/TKO,
2013-04-20,Ramsey Nijem,Myles Jury,Myles Jury,KO/TKO,
2013-04-20,TJ Dillashaw,Hugo Viana,TJ Dillashaw,KO/TKO,
2013-04-20,Frank Mir,Daniel Cormier,Daniel Cormier,DEC,
2013-04-20,Francis Carmont,Lorenz Larkin,Francis Carmont,DEC,
2013-04-20,Matt Brown,Jordan Mein,Matt Brown,KO/TKO,
2013-04-20,Benson Henderson,Gilbert Melendez,Benson Henderson,DEC,
2013-04-20,Nate Diaz,Josh Thomson,Josh Thomson,KO/TKO,
2013-04-20,Tim Means,Jorge Masvidal,Jorge Masvidal,DEC,
2013-04-20,Joseph Benavidez,Darren Uyenoyama,Joseph Benavidez,KO/TKO,
2013-04-20,Clifford Starks,Yoel Romero,Yoel Romero,KO/TKO,
2013-04-24,Marlon Vera,Joel Iglesias,Marlon Vera,,300 Sparta: MMA
2013-04-27,Gian Villante,Ovince Saint Preux,Ovince Saint Preux,DEC,
2013-04-27,Bryan Caraway,Johnny Bedford,Bryan Caraway,SUB,
2013-04-27,Michael Bisping,Alan Belcher,Michael Bisping,DEC,
2013-04-27,Jon Jones,Chael Sonnen,Jon Jones,KO/TKO,
2013-04-27,Leonard Garcia,Cody McKenzie,Cody McKenzie,DEC,
2013-04-27,Phil Davis,Vinny Magalhaes,Phil Davis,DEC,
2013-04-27,Roy Nelson,Cheick Kongo,Roy Nelson,KO/TKO,
2013-04-27,Rustam Khabilov,Yancy Medeiros,Rustam Khabilov,KO/TKO,
2013-04-27,Sara McMann,Sheila Gaff,Sara McMann,KO/TKO,
2013-04-27,Steven Siler,Kurt Holobaugh,Steven Siler,DEC,
2013-05-04,Brian Ortega,Thomas Guimond,Brian Ortega,,RITC: Respect in the Cage May 2013
2013-05-10,Dan Hooker,Rusty McBride,Dan Hooker,,AFC 5: Australian Fighting Championship 5
2013-05-10,Corey Nelson,Alexander Volkanovski,Corey Nelson,,AFC 5: Australian Fighting Championship 5
2013-05-10,Vicente Luque,Marcelo Lisboa,Vicente Luque,,CF: Capital Fight 5
2013-05-11,Alexa Grasso,Lupita Hernandez,Alexa Grasso,,FHC: Fight Hard Championship 3
2013-05-18,Song Yadong,Wuheng Zhao,,Draw,RUFF 9: Ranik Ultimate Fighting Federation 9
2013-05-18,Hacran Dias,Nik Lentz,Nik Lentz,DEC,
2013-05-18,Iuri Alcantara,Iliarde Santos,Iuri Alcantara,KO/TKO,
2013-05-18,Lucas Martins,Jeremy Larsen,Lucas Martins,KO/TKO,
2013-05-18,Fabio Maldonado,Roger Hollett,Fabio Maldonado,DEC,
2013-05-18,Paulo Thiago,Michel Prazeres,Paulo Thiago,DEC,
2013-05-18,Jacare Souza,Chris Camozzi,Jacare Souza,SUB,
2013-05-18,Rafael Natal,Joao Zeferino,Rafael Natal,DEC,
2013-05-18,Jussier Formiga,Chris Cariaso,Jussier Formiga,DEC,
2013-05-18,Francisco Trinaldo,Mike Rio,Francisco Trinaldo,SUB,
2013-05-18,John Lineker,Azamat Gashimov,John Lineker,KO/TKO,
2013-05-18,Rafael Dos Anjos,Evan Dunham,Rafael Dos Anjos,DEC,
2013-05-18,Vitor Belfort,Luke Rockhold,Vitor Belfort,KO/TKO,
2013-05-18,Gleison Tibau,John Cholish,Gleison Tibau,SUB,
2013-05-25,Gray Maynard,TJ Grant,TJ Grant,KO/TKO,
2013-05-25,Marlon Vera,Luis Roberto Herrera,Marlon Vera,,FMP 16: Mexican Fighters Promotions 16
2013-05-25,Dennis Bermudez,Max Holloway,Dennis Bermudez,DEC,
2013-05-25,Jeremy Stephens,Estevan Payan,Jeremy Stephens,DEC,
2013-05-25,Colton Smith,Robert Whittaker,Robert Whittaker,KO/TKO,
2013-05-25,Mike Pyle,Rick Story,Mike Pyle,DEC,
2013-05-25,Donald Cerrone,KJ Noons,Donald Cerrone,DEC,
2013-05-25,Junior Dos Santos,Mark Hunt,Junior Dos Santos,KO/TKO,
2013-05-25,Khabib Nurmagomedov,Abel Trujillo,Khabib Nurmagomedov,DEC,
2013-05-25,Brian Bowles,George Roop,George Roop,KO/TKO,
2013-05-25,Glover Teixeira,James Te Huna,Glover Teixeira,SUB,
2013-05-25,Stephen Thompson,Nah-Shon Burrell,Stephen Thompson,DEC,
2013-05-25,Cain Velasquez,Antonio Silva,Cain Velasquez,KO/TKO,
2013-05-31,Diego Ferreira,Carlo Prater,Diego Ferreira,,LFC 20: Legacy Fighting Championship 20
2013-06-01,Reinier de Ridder,Marco Wuest,Reinier de Ridder,,
2013-06-01,Abus Magomedov,Andreas Birgels,Abus Magomedov,,SFC 13: First Defense
2013-06-01,Nasrat Haqparast,Iles Ganijev,Nasrat Haqparast,,SFC 13: First Defense
2013-06-08,Thiago Silva,Rafael Cavalcante,Thiago Silva,KO/TKO,
2013-06-08,Ildemar Alcantara,Leandro Silva,Ildemar Alcantara,DEC,
2013-06-08,Caio Magalhaes,Karlos Vemola,Caio Magalhaes,SUB,
2013-06-08,Daniel Sarafian,Eddie Mendez,Daniel Sarafian,SUB,
2013-06-08,Antonio Braga Neto,Anthony Smith,Antonio Braga Neto,SUB,
2013-06-08,Rodrigo Damm,Mizuto Hirota,Rodrigo Damm,DEC,
2013-06-08,Raphael Assuncao,Vaughan Lee,Raphael Assuncao,SUB,
2013-06-08,Antonio Rodrigo Nogueira,Fabricio Werdum,Fabricio Werdum,SUB,
2013-06-08,Mateusz Gamrot,Mateusz Zawadzki,Mateusz Gamrot,,KSW 23: Khalidov vs. Manhoef
2013-06-08,Godofredo Pepey,Felipe Arantes,Felipe Arantes,KO/TKO,
2013-06-08,William Macario,Leonardo Santos,Leonardo Santos,SUB,
2013-06-08,Rony Jason,Mike Wilkinson,Rony Jason,SUB,
2013-06-08,Erick Silva,Jason High,Erick Silva,SUB,
2013-06-15,Rashad Evans,Dan Henderson,Rashad Evans,DEC,
2013-06-15,Lerryan Douglas,Leonardo Daldegan,Lerryan Douglas,,
2013-06-15,Jake Shields,Tyron Woodley,Jake Shields,DEC,
2013-06-15,Roland Delorme,Edwin Figueroa,Roland Delorme,DEC,
2013-06-15,Ryan Jimmo,Igor Pokrajac,Ryan Jimmo,DEC,
2013-06-15,Roy Nelson,Stipe Miocic,Stipe Miocic,DEC,
2013-06-15,Sam Stout,James Krause,James Krause,SUB,
2013-06-15,Yves Jabouin,Dustin Pague,Yves Jabouin,DEC,
2013-06-15,Jeremiah Wells,Scott Hudson,Jeremiah Wells,,PACF: PA Cage Fight 16
2013-06-15,Sean Pierson,Kenny Robertson,Sean Pierson,DEC,
2013-06-15,Mitch Clarke,John Maguire,Mitch Clarke,DEC,
2013-06-15,Dooho Choi,Shoji Maruyama,Dooho Choi,,Deep: Cage Impact 2013
2013-06-15,Alexis Davis,Rosi Sexton,Alexis Davis,DEC,
2013-06-15,Pat Barry,Shawn Jordan,Shawn Jordan,KO/TKO,
2013-06-21,Ryan Spann,Brandon Atkins,Ryan Spann,,Hero FC: Pride of the Valley 2
2013-06-21,Tanner Boser,Dell Knebush,Tanner Boser,,Unified MMA 16 - Davis vs. Banin
2013-06-21,Jamall Emmers,Alexander Hernandez,Jamall Emmers,,Hero FC: Pride of the Valley 2
2013-06-29,Marlon Vera,Fabio Bispo,,Draw,Inka FC 22: Reiter vs. De Lima
2013-07-06,Mike Pierce,David Mitchell,Mike Pierce,KO/TKO,
2013-07-06,Anderson Silva,Chris Weidman,Chris Weidman,KO/TKO,
2013-07-06,Chris Leben,Andrew Craig,Andrew Craig,DEC,
2013-07-06,Cub Swanson,Dennis Siver,Cub Swanson,KO/TKO,
2013-07-06,Seth Baczynski,Brian Melancon,Brian Melancon,KO/TKO,
2013-07-06,Edson Barboza,Rafaello Oliveira,Edson Barboza,KO/TKO,
2013-07-06,Tim Kennedy,Roger Gracie,Tim Kennedy,DEC,
2013-07-06,Arnold Allen,Andy Green,Arnold Allen,,CWFC 56: Cage Warriors Fighting Championship 56
2013-07-06,Mark Munoz,Tim Boetsch,Mark Munoz,DEC,
2013-07-06,Frankie Edgar,Charles Oliveira,Frankie Edgar,DEC,
2013-07-06,Norman Parke,Kazuki Tokudome,Norman Parke,DEC,
2013-07-06,Gabriel Gonzaga,Dave Herman,Gabriel Gonzaga,KO/TKO,
2013-07-06,Rafal Moks,Abus Magomedov,Rafal Moks,,GMC 4: Next Level
2013-07-07,Raoni Barcelos,Erinaldo dos Santos Rodrigues,Raoni Barcelos,,WFC: Web Fight Combat 2
2013-07-13,Carlos Pereira,Vicente Luque,Carlos Pereira,,Smash: Smash Fight 2
2013-07-20,Renato Moicano,Nilson Pereira,Renato Moicano,,Jungle Fight 55
2013-07-26,Brandon Moreno,Paul Amaro,Brandon Moreno,,MEZ Sports: Pandemonium 9
2013-07-26,Billy Quarantillo,Howard Reece,Billy Quarantillo,,
2013-07-27,Ed Herman,Trevor Smith,Ed Herman,DEC,
2013-07-27,Aaron Riley,Justin Salas,Justin Salas,DEC,
2013-07-27,Danny Castillo,Tim Means,Danny Castillo,DEC,
2013-07-27,Rory MacDonald,Jake Ellenberger,Rory MacDonald,DEC,
2013-07-27,John Albert,Yaotzin Meza,Yaotzin Meza,SUB,
2013-07-27,Yves Edwards,Daron Cruickshank,Daron Cruickshank,DEC,
2013-07-27,Liz Carmouche,Jessica Andrade,Liz Carmouche,KO/TKO,
2013-07-27,Mac Danzig,Melvin Guillard,Melvin Guillard,KO/TKO,
2013-07-27,Demetrious Johnson,John Moraga,Demetrious Johnson,SUB,
2013-07-27,Michael Chiesa,Jorge Masvidal,Jorge Masvidal,SUB,
2013-07-27,Julie Kedzie,Germaine de Randamie,Germaine de Randamie,DEC,
2013-07-27,Robbie Lawler,Bobby Voelker,Robbie Lawler,KO/TKO,
2013-07-31,Patricio Pitbull,Jared Downing,Patricio Pitbull,,Bellator MMA: Bellator 97
2013-08-03,Cezar Ferreira,Thiago Santos,Cezar Ferreira,SUB,
2013-08-03,Rani Yahya,Josh Clopton,Rani Yahya,DEC,
2013-08-03,Nathaniel Wood,Grisha Adams,Nathaniel Wood,,UCMMA 35: Ultimate Challenge MMA 35
2013-08-03,Thales Leites,Tom Watson,Thales Leites,DEC,
2013-08-03,Amanda Nunes,Sheila Gaff,Amanda Nunes,KO/TKO,
2013-08-03,Marvin Vettori,Tom Richards,Marvin Vettori,,UCMMA 35: Ultimate Challenge MMA 35
2013-08-03,Lyoto Machida,Phil Davis,Phil Davis,DEC,
2013-08-03,Sergio Moraes,Neil Magny,Sergio Moraes,SUB,
2013-08-03,Vinny Magalhaes,Anthony Perosh,Anthony Perosh,KO/TKO,
2013-08-03,Jose Aldo,Chan Sung Jung,Jose Aldo,KO/TKO,
2013-08-03,John Lineker,Jose Maria,John Lineker,KO/TKO,
2013-08-03,Ednaldo Oliveira,Francimar Barroso,Francimar Barroso,DEC,
2013-08-03,Viscardi Andrade,Bristol Marunde,Viscardi Andrade,KO/TKO,
2013-08-03,Ian McCall,Iliarde Santos,Ian McCall,DEC,
2013-08-10,Bruno Lopes,William Medeiros,Bruno Lopes,,
2013-08-16,Chidi Njokuani,LeVon Maynard,Chidi Njokuani,,SFS: Shinzo Fight Sport
2013-08-16,Brian Ortega,Jordan Rinaldi,Brian Ortega,,RFA 9: Munhoz vs. Curran
2013-08-17,Ramsey Nijem,James Vick,James Vick,SUB,
2013-08-17,Brad Pickett,Michael McDonald,Michael McDonald,SUB,
2013-08-17,Diego Brandao,Daniel Pineda,Diego Brandao,DEC,
2013-08-17,Manvel Gamburyan,Cole Miller,Manvel Gamburyan,DEC,
2013-08-17,Cody Donovan,Ovince Saint Preux,Ovince Saint Preux,KO/TKO,
2013-08-17,Alistair Overeem,Travis Browne,Travis Browne,KO/TKO,
2013-08-17,Mike Brown,Steven Siler,Steven Siler,KO/TKO,
2013-08-17,Conor McGregor,Max Holloway,Conor McGregor,DEC,
2013-08-17,Mauricio Rua,Chael Sonnen,Chael Sonnen,SUB,
2013-08-17,Matt Brown,Mike Pyle,Matt Brown,KO/TKO,
2013-08-17,Joe Lauzon,Michael Johnson,Michael Johnson,DEC,
2013-08-17,Urijah Faber,Iuri Alcantara,Urijah Faber,DEC,
2013-08-17,Uriah Hall,John Howard,John Howard,DEC,
2013-08-21,Islam Makhachev,Rander Junio,Islam Makhachev,,M-1 Global: M-1 Challenge 41
2013-08-22,Alex Perez,Jeff Carson,Alex Perez,,TPF 16: The Return
2013-08-24,Song Yadong,Baheibieke WuLalibieke,Song Yadong,,RUFF 10: Ranik Ultimate Fighting Federation 10
2013-08-24,Bruno Leandro Soares Lobato,Marlon Vera,Bruno Leandro Soares Lobato,,Inka FC 23: Pequeno vs. Owens
2013-08-24,Dan Hooker,Nick Patterson,Dan Hooker,,AFC 6: Australian Fighting Championship 6
2013-08-28,Brad Tavares,Robert McDaniel,Brad Tavares,DEC,
2013-08-28,James Head,Jason High,Jason High,SUB,
2013-08-28,Kelvin Gastelum,Brian Melancon,Kelvin Gastelum,SUB,
2013-08-28,Court McGee,Robert Whittaker,Court McGee,DEC,
2013-08-28,Justin Edwards,Brandon Thatch,Brandon Thatch,KO/TKO,
2013-08-28,Carlos Condit,Martin Kampmann,Carlos Condit,KO/TKO,
2013-08-28,Dylan Andrews,Papy Abedi,Dylan Andrews,KO/TKO,
2013-08-28,Zak Cummings,Ben Alloway,Zak Cummings,SUB,
2013-08-28,Darren Elkins,Hatsu Hioki,Darren Elkins,DEC,
2013-08-28,Takeya Mizugaki,Erik Perez,Takeya Mizugaki,DEC,
2013-08-28,Donald Cerrone,Rafael Dos Anjos,Rafael Dos Anjos,DEC,
2013-08-31,Louis Gaudinot,Tim Elliott,Tim Elliott,DEC,
2013-08-31,Alexa Grasso,Alejandra Alvarez,Alexa Grasso,,XK 20: Xtreme Kombat 20
2013-08-31,Jamie Varner,Gleison Tibau,Gleison Tibau,DEC,
2013-08-31,Erik Koch,Dustin Poirier,Dustin Poirier,DEC,
2013-08-31,Chad Mendes,Clay Guida,Chad Mendes,KO/TKO,
2013-08-31,Ben Rothwell,Brandon Vera,Ben Rothwell,KO/TKO,
2013-08-31,Ryan Couture,Al Iaquinta,Al Iaquinta,DEC,
2013-08-31,Benson Henderson,Anthony Pettis,Anthony Pettis,SUB,
2013-08-31,Jared Hamman,Magnus Cedenblad,Magnus Cedenblad,SUB,
2013-08-31,Frank Mir,Josh Barnett,Josh Barnett,KO/TKO,
2013-08-31,Pascal Krauss,Hyun Gyu Lim,Hyun Gyu Lim,KO/TKO,
2013-08-31,Chico Camus,Kyung Ho Kang,Chico Camus,DEC,
2013-08-31,Alexa Grasso,Karina Rodriguez,Alexa Grasso,,XK 20: Xtreme Kombat 20
2013-08-31,Soa Palelei,Nikita Krylov,Soa Palelei,KO/TKO,
2013-09-04,Joseph Benavidez,Jussier Formiga,Joseph Benavidez,KO/TKO,
2013-09-04,Yuri Villefort,Sean Spencer,Sean Spencer,DEC,
2013-09-04,Glover Teixeira,Ryan Bader,Glover Teixeira,KO/TKO,
2013-09-04,Felipe Arantes,Edimilson Souza,Edimilson Souza,DEC,
2013-09-04,Lucas Martins,Ramiro Hernandez,Lucas Martins,SUB,
2013-09-04,Keith Wisniewski,Ivan Jorge,Ivan Jorge,DEC,
2013-09-04,Rafael Natal,Tor Troeng,Rafael Natal,DEC,
2013-09-04,Marcos Vinicius,Ali Bagautinov,Ali Bagautinov,KO/TKO,
2013-09-04,Francisco Trinaldo,Piotr Hallmann,Piotr Hallmann,SUB,
2013-09-04,Joao Zeferino,Elias Silverio,Elias Silverio,DEC,
2013-09-04,Yushin Okami,Jacare Souza,Jacare Souza,KO/TKO,
2013-09-07,Lerryan Douglas,Jardel Evangelista,Lerryan Douglas,,
2013-09-13,Patricio Pitbull,Diego Nunes,Patricio Pitbull,,Bellator MMA: Bellator 99
2013-09-21,Pat Healy,Khabib Nurmagomedov,Khabib Nurmagomedov,DEC,
2013-09-21,Brendan Schaub,Matt Mitrione,Brendan Schaub,SUB,
2013-09-21,Chris Clements,Stephen Thompson,Stephen Thompson,KO/TKO,
2013-09-21,Mitch Gagnon,Dustin Kimura,Mitch Gagnon,SUB,
2013-09-21,Mike Ricci,Myles Jury,Myles Jury,DEC,
2013-09-21,John Makdessi,Renee Forte,John Makdessi,KO/TKO,
2013-09-21,Michel Prazeres,Jesse Ronson,Michel Prazeres,DEC,
2013-09-21,Roland Delorme,Alex Caceres,Alex Caceres,DEC,
2013-09-21,Constantinos Philippou,Francis Carmont,Francis Carmont,DEC,
2013-09-21,Jon Jones,Alexander Gustafsson,Jon Jones,DEC,
2013-09-21,Ivan Menjivar,Wilson Reis,Wilson Reis,DEC,
2013-09-21,Renan Barao,Eddie Wineland,Renan Barao,KO/TKO,
2013-09-21,Nandor Guelmino,Daniel Omielanczuk,Daniel Omielanczuk,KO/TKO,
2013-09-28,Ryan Spann,Jhonoven Pati,Ryan Spann,,Hero FC: Texas Pride
2013-09-28,Mateusz Gamrot,Andre Winner,Mateusz Gamrot,,KSW 24: Clash of the Giants
2013-09-28,Jamall Emmers,Brett Ewing,Jamall Emmers,,Hero FC: Texas Pride
2013-10-05,Arnold Allen,Declan Williams,Arnold Allen,,CWFC 60: Cage Warriors Fighting Championship 60
2013-10-09,Rousimar Palhares,Mike Pierce,Rousimar Palhares,SUB,
2013-10-09,Erick Silva,Dong Hyun Kim,Dong Hyun Kim,KO/TKO,
2013-10-09,Ildemar Alcantara,Igor Araujo,Igor Araujo,DEC,
2013-10-09,Demian Maia,Jake Shields,Jake Shields,DEC,
2013-10-09,Fabio Maldonado,Joey Beltran,Fabio Maldonado,DEC,
2013-10-09,Raphael Assuncao,TJ Dillashaw,Raphael Assuncao,DEC,
2013-10-09,Yan Cabral,David Mitchell,Yan Cabral,DEC,
2013-10-09,Alan Patrick,Garett Whiteley,Alan Patrick,KO/TKO,
2013-10-09,Thiago Silva,Matt Hamill,Thiago Silva,DEC,
2013-10-09,Iliarde Santos,Chris Cariaso,Chris Cariaso,KO/TKO,
2013-10-11,Diego Ferreira,Chris Feist,Diego Ferreira,,LFC 24: Legacy Fighting Championship 24
2013-10-11,Patricio Pitbull,Fabricio Guerreiro,Patricio Pitbull,,Bellator MMA: Bellator 103
2013-10-18,Nate Landwehr,Keith Richardson,Nate Landwehr,,XFC 26: Night of Champions 3
2013-10-19,Tim Boetsch,CB Dollaway,Tim Boetsch,DEC,
2013-10-19,Cain Velasquez,Junior Dos Santos,Cain Velasquez,KO/TKO,
2013-10-19,Jeremy Larsen,Andre Fili,Andre Fili,KO/TKO,
2013-10-19,Sadibou Sy,Robert Bryczek,Sadibou Sy,,IRFA: International Ring Fight Arena 5
2013-10-19,Dustin Pague,Kyoji Horiguchi,Kyoji Horiguchi,KO/TKO,
2013-10-19,George Sotiropoulos,KJ Noons,KJ Noons,DEC,
2013-10-19,TJ Waldburger,Adlan Amagov,Adlan Amagov,KO/TKO,
2013-10-19,Nate Marquardt,Hector Lombard,Hector Lombard,KO/TKO,
2013-10-19,Gabriel Gonzaga,Shawn Jordan,Gabriel Gonzaga,KO/TKO,
2013-10-19,Gilbert Melendez,Diego Sanchez,Gilbert Melendez,DEC,
2013-10-19,John Dodson,Darrell Montague,John Dodson,KO/TKO,
2013-10-19,Tony Ferguson,Mike Rio,Tony Ferguson,SUB,
2013-10-19,Daniel Cormier,Roy Nelson,Daniel Cormier,DEC,
2013-10-20,Alatengheili,Woong Hee Lee,Alatengheili,,Real: Real Fight MMA Championship 3
2013-10-23,Marlon Vera,D'Juan Owens,Marlon Vera,,Inka FC 24: Inka Fighting Championship 24
2013-10-25,Tanner Boser,Matthew Swimmer,Tanner Boser,,KOTC: Anger Therapy
2013-10-26,Lyoto Machida,Mark Munoz,Lyoto Machida,KO/TKO,
2013-10-26,Brad Scott,Michael Kuiper,Brad Scott,SUB,
2013-10-26,Luke Barnatt,Andrew Craig,Luke Barnatt,SUB,
2013-10-26,Norman Parke,Jon Tuck,Norman Parke,DEC,
2013-10-26,Al Iaquinta,Piotr Hallmann,Al Iaquinta,DEC,
2013-10-26,Jimi Manuwa,Ryan Jimmo,Jimi Manuwa,KO/TKO,
2013-10-26,Rosi Sexton,Jessica Andrade,Jessica Andrade,DEC,
2013-10-26,Andy Ogle,Cole Miller,Cole Miller,DEC,
2013-10-26,Jimy Hettes,Robert Whiteford,Jimy Hettes,SUB,
2013-10-26,Noah Ali,Chad Anheliger,Noah Ali,,RITC: Rumble in the Cage 48
2013-10-26,Phil Harris,John Lineker,John Lineker,KO/TKO,
2013-10-26,Alessio Sakara,Nicholas Musoke,Nicholas Musoke,SUB,
2013-11-01,Alexandre Pantoja,Daniel Araujo,Alexandre Pantoja,,WOCS: Watch Out Combat Show 31
2013-11-02,John Castaneda,Adam Schumacher,John Castaneda,,Driller Promotions: Mecca 2
2013-11-06,Colton Smith,Michael Chiesa,Michael Chiesa,SUB,
2013-11-06,Ronny Markes,Yoel Romero,Yoel Romero,KO/TKO,
2013-11-06,Amanda Nunes,Germaine de Randamie,Amanda Nunes,KO/TKO,
2013-11-06,King Green,James Krause,King Green,KO/TKO,
2013-11-06,Chris Camozzi,Lorenz Larkin,Lorenz Larkin,DEC,
2013-11-06,George Roop,Francisco Rivera,Francisco Rivera,KO/TKO,
2013-11-06,Jorge Masvidal,Rustam Khabilov,Rustam Khabilov,DEC,
2013-11-06,Tim Kennedy,Rafael Natal,Tim Kennedy,KO/TKO,
2013-11-06,Derek Brunson,Brian Houston,Derek Brunson,SUB,
2013-11-06,Liz Carmouche,Alexis Davis,Alexis Davis,DEC,
2013-11-06,Dennis Bermudez,Steven Siler,Dennis Bermudez,DEC,
2013-11-06,Neil Magny,Seth Baczynski,Seth Baczynski,DEC,
2013-11-08,Rafael Moreira,Joanderson Brito,Rafael Moreira,,BWF - Big Way Fight 3
2013-11-08,J.P. Reese,Billy Quarantillo,J.P. Reese,,
2013-11-09,Jose Maria,Dustin Ortiz,Dustin Ortiz,KO/TKO,
2013-11-09,Santiago Ponzinibbio,Ryan LaFlare,Ryan LaFlare,DEC,
2013-11-09,Thiago Perpetuo,Omari Akhmedov,Omari Akhmedov,KO/TKO,
2013-11-09,Paulo Thiago,Brandon Thatch,Brandon Thatch,KO/TKO,
2013-11-09,Vitor Belfort,Dan Henderson,Vitor Belfort,KO/TKO,
2013-11-09,Godofredo Pepey,Sam Sicilia,Sam Sicilia,KO/TKO,
2013-11-09,Adriano Martins,Daron Cruickshank,Adriano Martins,SUB,
2013-11-09,Rafael Cavalcante,Igor Pokrajac,Rafael Cavalcante,KO/TKO,
2013-11-09,Thiago Tavares,Justin Salas,Thiago Tavares,SUB,
2013-11-09,Rony Jason,Jeremy Stephens,Jeremy Stephens,KO/TKO,
2013-11-09,Cezar Ferreira,Daniel Sarafian,Cezar Ferreira,DEC,
2013-11-15,Diego Ferreira,Jorge Patino,Diego Ferreira,,LFC 25: Legacy Fighting Championship 25
2013-11-15,Vitaly Minakov,Alexander Volkov,Vitaly Minakov,,Bellator MMA: Bellator 108
2013-11-15,Patricio Pitbull,Justin Wilcox,Patricio Pitbull,,Bellator MMA: Bellator 108
2013-11-16,Brian Ebersole,Rick Story,Rick Story,DEC,
2013-11-16,Donald Cerrone,Evan Dunham,Donald Cerrone,SUB,
2013-11-16,Georges St-Pierre,Johny Hendricks,Georges St-Pierre,DEC,
2013-11-16,Cody Donovan,Gian Villante,Gian Villante,KO/TKO,
2013-11-16,Josh Koscheck,Tyron Woodley,Tyron Woodley,KO/TKO,
2013-11-16,Will Campuzano,Sergio Pettis,Sergio Pettis,DEC,
2013-11-16,Erik Perez,Edwin Figueroa,Erik Perez,DEC,
2013-11-16,Ed Herman,Thales Leites,Thales Leites,DEC,
2013-11-16,Rory MacDonald,Robbie Lawler,Robbie Lawler,DEC,
2013-11-16,Rashad Evans,Chael Sonnen,Rashad Evans,KO/TKO,
2013-11-16,Tim Elliott,Ali Bagautinov,Ali Bagautinov,DEC,
2013-11-16,Jason High,Anthony Lapsley,Jason High,DEC,
2013-11-22,Raoni Barcelos,Tyler Toner,Raoni Barcelos,,RFA 11: Makovsky vs. Manzanares
2013-11-30,Song Yadong,Alatengheili,Song Yadong,,RUFF 11: Ranik Ultimate Fighting Federation 11
2013-11-30,Marvin Vettori,Matt Robinson,Marvin Vettori,,UCMMA 37: Ultimate Challenge MMA 37
2013-11-30,Robert Bryczek,Dawid Nowak,Robert Bryczek,,FNL - Fight Night Lobez
2013-11-30,Roxanne Modafferi,Raquel Pennington,Raquel Pennington,DEC,
2013-11-30,Rani Yahya,Tom Niinimaki,Tom Niinimaki,DEC,
2013-11-30,Muslim Salikhov,Filip Kotarlic,Muslim Salikhov,,M-1 Global: M-1 Challenge 44
2013-11-30,Sean Spencer,Drew Dober,Sean Spencer,DEC,
2013-11-30,Josh Sampo,Ryan Benoit,Josh Sampo,SUB,
2013-11-30,Jared Rosholt,Walt Harris,Jared Rosholt,DEC,
2013-11-30,Jessamyn Duke,Peggy Morgan,Jessamyn Duke,DEC,
2013-11-30,Julianna Pena,Jessica Rakoczy,Julianna Pena,KO/TKO,
2013-11-30,Akira Corassani,Maximo Blanco,Akira Corassani,DQ,
2013-11-30,Gray Maynard,Nate Diaz,Nate Diaz,KO/TKO,
2013-11-30,Chris Holdsworth,Davey Grant,Chris Holdsworth,SUB,
2013-12-06,Bruno Santos,Krzysztof Jotko,Krzysztof Jotko,DEC,
2013-12-06,Mauricio Rua,James Te Huna,Mauricio Rua,KO/TKO,
2013-12-06,Richie Vaculik,Justin Scoggins,Justin Scoggins,KO/TKO,
2013-12-06,Dylan Andrews,Clint Hester,Clint Hester,KO/TKO,
2013-12-06,Julie Kedzie,Bethe Correia,Bethe Correia,DEC,
2013-12-06,Ryan Bader,Anthony Perosh,Ryan Bader,DEC,
2013-12-06,Nick Ring,Caio Magalhaes,Caio Magalhaes,DEC,
2013-12-06,Ben Wall,Alex Garcia,Alex Garcia,KO/TKO,
2013-12-06,Takeya Mizugaki,Nam Phan,Takeya Mizugaki,DEC,
2013-12-06,Pat Barry,Soa Palelei,Soa Palelei,KO/TKO,
2013-12-13,Arnold Allen,Doni Miller,Arnold Allen,,CWFC 61: Cage Warriors Fighting Championship 61
2013-12-14,Abel Trujillo,Roger Bowling,Abel Trujillo,KO/TKO,
2013-12-14,Court McGee,Ryan LaFlare,Ryan LaFlare,DEC,
2013-12-14,Sam Stout,Cody McKenzie,Sam Stout,DEC,
2013-12-14,Lerryan Douglas,Ricardo Sattelmayer,Lerryan Douglas,,
2013-12-14,Chad Mendes,Nik Lentz,Chad Mendes,DEC,
2013-12-14,King Green,Pat Healy,King Green,DEC,
2013-12-14,Tanner Boser,William Carriere,Tanner Boser,,XFFC 3: Out Cold
2013-12-14,Danny Castillo,Edson Barboza,Edson Barboza,DEC,
2013-12-14,Alexander Volkanovski,Luke Catubig,Alexander Volkanovski,,AFC 7: Australian Fighting Championship 7
2013-12-14,Scott Jorgensen,Zach Makovsky,Zach Makovsky,DEC,
2013-12-14,Demetrious Johnson,Joseph Benavidez,Demetrious Johnson,KO/TKO,
2013-12-14,Marvin Vettori,Luca Ronchetti,Marvin Vettori,,Impera FC 2: Minonzio vs. Milani
2013-12-14,Joe Lauzon,Mac Danzig,Joe Lauzon,DEC,
2013-12-14,Johnny Walker,Francisco Francisco,Johnny Walker,,CIMMA: Circuito Invictus de MMA 2
2013-12-14,Urijah Faber,Michael McDonald,Urijah Faber,SUB,
2013-12-14,Darren Uyenoyama,Alptekin Ozkilic,Alptekin Ozkilic,DEC,
2013-12-20,Alexandre Pantoja,Lincoln de Sa,Alexandre Pantoja,,Shooto: Brazil 45
2013-12-28,Joel Álvarez,Aratz Garmendia,Joel Álvarez,,Txurdinaga Sutan Pro Boxing & MMA
2013-12-28,Josh Barnett,Travis Browne,Travis Browne,KO/TKO,
2013-12-28,Jim Miller,Fabricio Camoes,Jim Miller,SUB,
2013-12-28,Chris Leben,Uriah Hall,Uriah Hall,KO/TKO,
2013-12-28,Gleison Tibau,Michael Johnson,Michael Johnson,KO/TKO,
2013-12-28,John Howard,Siyar Bahadurzada,John Howard,DEC,
2013-12-28,William Macario,Bobby Voelker,William Macario,DEC,
2013-12-28,Chris Weidman,Anderson Silva,Chris Weidman,KO/TKO,
2013-12-28,Dustin Poirier,Diego Brandao,Dustin Poirier,KO/TKO,
2013-12-28,Ronda Rousey,Miesha Tate,Ronda Rousey,SUB,
2013-12-28,Robert Peralta,Estevan Payan,Robert Peralta,KO/TKO,
2014-01-04,Kiichi Kunimoto,Luiz Dutra,Kiichi Kunimoto,DQ,
2014-01-04,Katsunori Kikuno,Quinn Mulhern,Katsunori Kikuno,DEC,
2014-01-04,Mairbek Taisumov,Tae Hyun Bang,Mairbek Taisumov,DEC,
2014-01-04,Tatsuya Kawajiri,Sean Soriano,Tatsuya Kawajiri,SUB,
2014-01-04,Dustin Kimura,Jon Delos Reyes,Dustin Kimura,SUB,
2014-01-04,Tarec Saffiedine,Hyun Gyu Lim,Tarec Saffiedine,DEC,
2014-01-04,Kyung Ho Kang,Shunichi Shimizu,Kyung Ho Kang,SUB,
2014-01-04,Leandro Issa,Russell Doane,Russell Doane,SUB,
2014-01-04,Royston Wee,Dave Galera,Royston Wee,DEC,
2014-01-04,Max Holloway,Will Chope,Max Holloway,KO/TKO,
2014-01-15,Isaac Vallie-Flagg,Elias Silverio,Elias Silverio,DEC,
2014-01-15,Ramsey Nijem,Justin Edwards,Ramsey Nijem,DEC,
2014-01-15,Alptekin Ozkilic,Louis Smolka,Louis Smolka,DEC,
2014-01-15,Lorenz Larkin,Brad Tavares,Brad Tavares,DEC,
2014-01-15,Charlie Brenneman,Beneil Dariush,Beneil Dariush,SUB,
2014-01-15,Vinc Pichel,Garett Whiteley,Vinc Pichel,DEC,
2014-01-15,Luke Rockhold,Constantinos Philippou,Luke Rockhold,KO/TKO,
2014-01-15,Trevor Smith,Brian Houston,Trevor Smith,DEC,
2014-01-15,TJ Dillashaw,Mike Easton,TJ Dillashaw,DEC,
2014-01-15,Cole Miller,Sam Sicilia,Cole Miller,SUB,
2014-01-15,John Moraga,Dustin Ortiz,John Moraga,DEC,
2014-01-15,Yoel Romero,Derek Brunson,Yoel Romero,KO/TKO,
2014-01-17,Mike O'Neill,Chad Anheliger,Mike O'Neill,,HKFC: School of Hard Knocks 34
2014-01-18,Ricky Simon,Alex Eastman,Ricky Simon,,Main Event Sports: Main Event MMA 1
2014-01-24,Darren Mima,Merab Dvalishvili,Darren Mima,,ROC 47: Ring of Combat 47
2014-01-24,Brian Ortega,Keoni Koch,Brian Ortega,,RFA 12: Ortega vs. Koch
2014-01-25,Alex Caceres,Sergio Pettis,Alex Caceres,SUB,
2014-01-25,Daron Cruickshank,Mike Rio,Daron Cruickshank,KO/TKO,
2014-01-25,Walt Harris,Nikita Krylov,Nikita Krylov,KO/TKO,
2014-01-25,Ramiro Hernandez,Hugo Viana,Hugo Viana,DEC,
2014-01-25,Eddie Wineland,Yves Jabouin,Eddie Wineland,KO/TKO,
2014-01-25,Stipe Miocic,Gabriel Gonzaga,Stipe Miocic,DEC,
2014-01-25,George Sullivan,Mike Rhodes,George Sullivan,DEC,
2014-01-25,Donald Cerrone,Adriano Martins,Donald Cerrone,KO/TKO,
2014-01-25,Darren Elkins,Jeremy Stephens,Jeremy Stephens,DEC,
2014-01-25,Benson Henderson,Josh Thomson,Benson Henderson,DEC,
2014-02-01,Clint Hester,Andy Enz,Clint Hester,DEC,
2014-02-01,John Lineker,Ali Bagautinov,Ali Bagautinov,DEC,
2014-02-01,Jose Aldo,Ricardo Lamas,Jose Aldo,DEC,
2014-02-01,Nathaniel Wood,Abdullah Saleh,Nathaniel Wood,,UCMMA 38: Ultimate Challenge MMA 38
2014-02-01,Jamall Emmers,Brett Ewing,Jamall Emmers,,Hero FC 1: Best of the Best
2014-02-01,Renan Barao,Urijah Faber,Renan Barao,KO/TKO,
2014-02-01,Ryan Spann,Randy McCarty,Ryan Spann,,Hero FC 1: Best of the Best
2014-02-01,Al Iaquinta,Kevin Lee,Al Iaquinta,DEC,
2014-02-01,Neil Magny,Gasan Umalatov,Neil Magny,DEC,
2014-02-01,Nick Catone,Tom Watson,Nick Catone,DEC,
2014-02-01,John Makdessi,Alan Patrick,Alan Patrick,DEC,
2014-02-01,Anthony Rocco Martin,Rashid Magomedov,Rashid Magomedov,DEC,
2014-02-01,Frank Mir,Alistair Overeem,Alistair Overeem,DEC,
2014-02-01,Chris Cariaso,Danny Martinez,Chris Cariaso,DEC,
2014-02-01,Nate Landwehr,Adam Townsend,Nate Landwehr,,3FC 20: Collision Course
2014-02-01,Alexander Volkanovski,Greg Atzori,Alexander Volkanovski,,Roshambo MMA 2: In the Cage
2014-02-01,Jamie Varner,Abel Trujillo,Abel Trujillo,KO/TKO,
2014-02-06,Alex Perez,Eloy Garza,Alex Perez,,TPF 18: Tachi Palace Fights 18
2014-02-08,Marvin Vettori,Radovan Uskrt,Marvin Vettori,,Only Men Stuff: European MMA League 1
2014-02-15,Lyoto Machida,Gegard Mousasi,Lyoto Machida,DEC,
2014-02-15,Rodrigo Damm,Ivan Jorge,Rodrigo Damm,DEC,
2014-02-15,Felipe Arantes,Maximo Blanco,Felipe Arantes,DEC,
2014-02-15,Douglas Silva de Andrade,Zubaira Tukhugov,Zubaira Tukhugov,DEC,
2014-02-15,Francisco Trinaldo,Jesse Ronson,Francisco Trinaldo,DEC,
2014-02-15,Erick Silva,Takenori Sato,Erick Silva,KO/TKO,
2014-02-15,Charles Oliveira,Andy Ogle,Charles Oliveira,SUB,
2014-02-15,Jacare Souza,Francis Carmont,Jacare Souza,DEC,
2014-02-15,Viscardi Andrade,Nicholas Musoke,Nicholas Musoke,DEC,
2014-02-15,Cristiano Marcello,Joe Proctor,Joe Proctor,DEC,
2014-02-15,Iuri Alcantara,Wilson Reis,Iuri Alcantara,DEC,
2014-02-15,Ildemar Alcantara,Albert Tumenov,Ildemar Alcantara,DEC,
2014-02-22,John Castaneda,Derrick Mandell,John Castaneda,,Driller Promotions/SEG: Caged Chaos at Canterbury
2014-02-22,Ernest Chavez,Yosdenis Cedeno,Ernest Chavez,DEC,
2014-02-22,Cody Gibson,Aljamain Sterling,Aljamain Sterling,DEC,
2014-02-22,Zach Makovsky,Josh Sampo,Zach Makovsky,DEC,
2014-02-22,Ronda Rousey,Sara McMann,Ronda Rousey,KO/TKO,
2014-02-22,Robert Whittaker,Stephen Thompson,Stephen Thompson,KO/TKO,
2014-02-22,Raphael Assuncao,Pedro Munhoz,Raphael Assuncao,DEC,
2014-02-22,Lerryan Douglas,Thiago Misael,Lerryan Douglas,,
2014-02-22,Daniel Cormier,Patrick Cummins,Daniel Cormier,KO/TKO,
2014-02-22,Mike Pyle,TJ Waldburger,Mike Pyle,KO/TKO,
2014-02-22,Rafaello Oliveira,Erik Koch,Erik Koch,KO/TKO,
2014-02-22,Alexis Davis,Jessica Eye,Alexis Davis,DEC,
2014-02-22,Rory MacDonald,Demian Maia,Rory MacDonald,DEC,
2014-02-23,Nasrat Haqparast,Jiri Flajsar,Nasrat Haqparast,,AFC: Anatolia Fighting Championship
2014-03-01,Albert Cheng,Anying Wang,Anying Wang,KO/TKO,
2014-03-01,Matt Mitrione,Shawn Jordan,Matt Mitrione,KO/TKO,
2014-03-01,Sai Wang,Zhang Lipeng,Zhang Lipeng,DEC,
2014-03-01,Nam Phan,Vaughan Lee,Vaughan Lee,DEC,
2014-03-01,Dong Hyun Kim,John Hathaway,Dong Hyun Kim,KO/TKO,
2014-03-01,Kazuki Tokudome,Yui Chul Nam,Yui Chul Nam,DEC,
2014-03-01,Jumabieke Tuerxun,Mark Eddiva,Mark Eddiva,DEC,
2014-03-01,Hatsu Hioki,Ivan Menjivar,Hatsu Hioki,DEC,
2014-03-07,Alexander Volkov,Mark Holata,Alexander Volkov,,Bellator MMA: Bellator 111
2014-03-08,Brad Pickett,Neil Seery,Brad Pickett,DEC,
2014-03-08,Gunnar Nelson,Omari Akhmedov,Gunnar Nelson,SUB,
2014-03-08,Igor Araujo,Danny Mitchell,Igor Araujo,DEC,
2014-03-08,Brad Scott,Claudio Silva,Claudio Silva,DEC,
2014-03-08,Alexander Gustafsson,Jimi Manuwa,Alexander Gustafsson,KO/TKO,
2014-03-08,Michael Johnson,Melvin Guillard,Michael Johnson,DEC,
2014-03-08,Cyrille Diabate,Ilir Latifi,Ilir Latifi,SUB,
2014-03-08,Mandel Nallo,Jonathan Roblin,Mandel Nallo,,Hybrid Combat: Hybrid Pro Series 1
2014-03-08,Luke Barnatt,Mats Nilsson,Luke Barnatt,KO/TKO,
2014-03-08,Julien LeBlanc,Kevyn Thouin,Julien LeBlanc,,Hybrid Combat: Hybrid Pro Series 1
2014-03-15,Dennis Bermudez,Jimy Hettes,Dennis Bermudez,KO/TKO,
2014-03-15,Renee Forte,Francisco Trevino,Francisco Trevino,DEC,
2014-03-15,Raquel Pennington,Jessica Andrade,Jessica Andrade,DEC,
2014-03-15,Diego Sanchez,Myles Jury,Myles Jury,DEC,
2014-03-15,Kelvin Gastelum,Rick Story,Kelvin Gastelum,DEC,
2014-03-15,Daniel Pineda,Robert Whiteford,Robert Whiteford,DEC,
2014-03-15,Sean Spencer,Alex Garcia,Alex Garcia,DEC,
2014-03-15,Will Campuzano,Justin Scoggins,Justin Scoggins,DEC,
2014-03-15,Jake Shields,Hector Lombard,Hector Lombard,DEC,
2014-03-15,Carlos Condit,Tyron Woodley,Tyron Woodley,KO/TKO,
2014-03-15,Johny Hendricks,Robbie Lawler,Johny Hendricks,DEC,
2014-03-15,Ovince Saint Preux,Nikita Krylov,Ovince Saint Preux,SUB,
2014-03-15,Robert McDaniel,Sean Strickland,Sean Strickland,SUB,
2014-03-20,Deiveson Figueiredo,David Raimundo Arcangela Silva,Deiveson Figueiredo,,JOF: Jurunense Open Fight MMA 7
2014-03-22,Gianni Vazquez,Carlos Apodaca,Gianni Vazquez,,LCS 5: Liga de Combate Supremo
2014-03-22,Chris Padilla,Marko Damiani,Chris Padilla,,Xplode Fight Series: Fire
2014-03-23,Michel Prazeres,Mairbek Taisumov,Michel Prazeres,DEC,
2014-03-23,Fabio Maldonado,Gian Villante,Fabio Maldonado,DEC,
2014-03-23,Rony Jason,Steven Siler,Rony Jason,KO/TKO,
2014-03-23,Godofredo Pepey,Noad Lahat,Godofredo Pepey,KO/TKO,
2014-03-23,Francimar Barroso,Hans Stringer,Hans Stringer,DEC,
2014-03-23,Jussier Formiga,Scott Jorgensen,Jussier Formiga,SUB,
2014-03-23,Mauricio Rua,Dan Henderson,Dan Henderson,KO/TKO,
2014-03-23,Ronny Markes,Thiago Santos,Thiago Santos,KO/TKO,
2014-03-23,Thiago Perpetuo,Kenny Robertson,Kenny Robertson,SUB,
2014-03-23,Cezar Ferreira,CB Dollaway,CB Dollaway,KO/TKO,
2014-03-28,Tanner Boser,Nick Campbell,Tanner Boser,,Unified MMA 18 - Boser vs. Campbell
2014-03-29,Song Yadong,Baasankhuu Damnlanpurev,Song Yadong,,RUFF 12: Ranik Ultimate Fighting Federation 12
2014-03-29,Alatengheili,Tom Ni,Alatengheili,,RUFF 12: Ranik Ultimate Fighting Federation 12
2014-04-04,Kauê Fernandes,Emanuel Souza,Kauê Fernandes,,
2014-04-04,Yair Rodriguez,Angelo Duarte,Yair Rodriguez,,NP: High Altitude Face Off 6
2014-04-05,Ed Arthur,Nathaniel Wood,Ed Arthur,,BAMMA 15: Thompson vs. Selmani
2014-04-05,Ismail Naurdiev,Robert Oganesyan,Ismail Naurdiev,,TKB: Fight Night Linz
2014-04-05,Drakkar Klose,Nolan McLaughlin,Drakkar Klose,,DFD: Duel for Domination 7
2014-04-11,Clay Guida,Tatsuya Kawajiri,Clay Guida,DEC,
2014-04-11,Thales Leites,Trevor Smith,Thales Leites,KO/TKO,
2014-04-11,Jared Rosholt,Daniel Omielanczuk,Jared Rosholt,DEC,
2014-04-11,Antonio Rodrigo Nogueira,Roy Nelson,Roy Nelson,KO/TKO,
2014-04-11,Mark Dickman,Raoni Barcelos,Mark Dickman,,RFA 14: Manzanares vs. Maranhao
2014-04-11,John Howard,Ryan LaFlare,Ryan LaFlare,DEC,
2014-04-11,Ramsey Nijem,Beneil Dariush,Ramsey Nijem,KO/TKO,
2014-04-11,Alan Omer,Jim Alers,Jim Alers,DEC,
2014-04-11,Alexander Volkov,Siala-Mou Siliga,Alexander Volkov,,Bellator MMA: Bellator 116
2014-04-12,Joel Álvarez,Hicham Rachid,Joel Álvarez,,MMA Espana: Bandog Challenge 2
2014-04-16,Dustin Poirier,Akira Corassani,Dustin Poirier,KO/TKO,
2014-04-16,Mark Bocek,Mike de la Torre,Mark Bocek,DEC,
2014-04-16,Michael Bisping,Tim Kennedy,Tim Kennedy,DEC,
2014-04-16,Sarah Kaufman,Leslie Smith,Sarah Kaufman,DEC,
2014-04-16,Mitch Gagnon,Tim Gorman,Mitch Gagnon,DEC,
2014-04-16,Sheldon Westcott,Elias Theodorou,Elias Theodorou,KO/TKO,
2014-04-16,Richard Walsh,Chris Indich,Richard Walsh,DEC,
2014-04-16,Nordine Taleb,Vik Grujic,Nordine Taleb,DEC,
2014-04-16,Sam Stout,KJ Noons,KJ Noons,KO/TKO,
2014-04-16,Patrick Cote,Kyle Noke,Patrick Cote,DEC,
2014-04-16,Ryan Jimmo,Sean O'Connell,Ryan Jimmo,KO/TKO,
2014-04-16,George Roop,Dustin Kimura,George Roop,DEC,
2014-04-16,Chad Laprise,Olivier Aubin-Mercier,Chad Laprise,DEC,
2014-04-18,Arnold Allen,Tobias Huber,Arnold Allen,,CWFC: Fight Night 11
2014-04-19,Caio Magalhaes,Luke Zachrich,Caio Magalhaes,KO/TKO,
2014-04-19,Jordan Mein,Hernani Perpetuo,Jordan Mein,DEC,
2014-04-19,Miesha Tate,Liz Carmouche,Miesha Tate,DEC,
2014-04-19,Ricky Simon,Kendall Ward,Ricky Simon,,Main Event Sports: Main Event MMA 2
2014-04-19,Donald Cerrone,Edson Barboza,Donald Cerrone,SUB,
2014-04-19,Estevan Payan,Alex White,Alex White,KO/TKO,
2014-04-19,Fabricio Werdum,Travis Browne,Fabricio Werdum,DEC,
2014-04-19,Rafael Dos Anjos,Khabib Nurmagomedov,Khabib Nurmagomedov,DEC,
2014-04-19,Brad Tavares,Yoel Romero,Yoel Romero,DEC,
2014-04-19,Dustin Ortiz,Ray Borg,Dustin Ortiz,DEC,
2014-04-19,Jorge Masvidal,Pat Healy,Jorge Masvidal,DEC,
2014-04-19,Thiago Alves,Seth Baczynski,Thiago Alves,DEC,
2014-04-19,Derrick Lewis,Jack May,Derrick Lewis,KO/TKO,
2014-04-19,Mirsad Bektic,Chas Skelly,Mirsad Bektic,DEC,
2014-04-26,Phil Davis,Anthony Johnson,Anthony Johnson,DEC,
2014-04-26,Jessamyn Duke,Bethe Correia,Bethe Correia,DEC,
2014-04-26,Ismail Naurdiev,Uros Pavlovic,Ismail Naurdiev,,Cage Fight Events Europe: Salzburger MMA Challenge
2014-04-26,Chris Beal,Patrick Williams,Chris Beal,KO/TKO,
2014-04-26,Danny Castillo,Charlie Brenneman,Danny Castillo,KO/TKO,
2014-04-26,Jon Jones,Glover Teixeira,Jon Jones,DEC,
2014-04-26,Takanori Gomi,Isaac Vallie-Flagg,Takanori Gomi,DEC,
2014-04-26,Jim Miller,Yancy Medeiros,Jim Miller,SUB,
2014-04-26,Joseph Benavidez,Tim Elliott,Joseph Benavidez,SUB,
2014-04-26,Luke Rockhold,Tim Boetsch,Luke Rockhold,SUB,
2014-04-26,Max Holloway,Andre Fili,Max Holloway,SUB,
2014-05-01,Deiveson Figueiredo,Adailton Pereira,Deiveson Figueiredo,,LDPF: Lago da Pedra Fight
2014-05-03,Nathaniel Wood,Oleksandr Bilobrovaka,Nathaniel Wood,,UCMMA 39: Ultimate Challenge MMA 39
2014-05-10,Manvel Gamburyan,Nik Lentz,Nik Lentz,DEC,
2014-05-10,Chris Cariaso,Louis Smolka,Chris Cariaso,DEC,
2014-05-10,Yan Cabral,Zak Cummings,Zak Cummings,DEC,
2014-05-10,Justin Salas,Ben Wall,Justin Salas,KO/TKO,
2014-05-10,Erik Koch,Daron Cruickshank,Daron Cruickshank,KO/TKO,
2014-05-10,Eddie Wineland,Johnny Eduardo,Johnny Eduardo,KO/TKO,
2014-05-10,Ed Herman,Rafael Natal,Ed Herman,DEC,
2014-05-10,Constantinos Philippou,Lorenz Larkin,Constantinos Philippou,KO/TKO,
2014-05-10,Kyoji Horiguchi,Darrell Montague,Kyoji Horiguchi,DEC,
2014-05-10,Matt Brown,Erick Silva,Matt Brown,KO/TKO,
2014-05-10,Neil Magny,Tim Means,Neil Magny,DEC,
2014-05-10,Soa Palelei,Ruan Potts,Soa Palelei,KO/TKO,
2014-05-10,Anthony Lapsley,Albert Tumenov,Albert Tumenov,KO/TKO,
2014-05-16,Gilbert Urbina,Salvador Gonzalez,Gilbert Urbina,,STFC 29: MayDay
2014-05-17,Alexander Volkov,Blagoy Ivanov,Alexander Volkov,,Bellator MMA: Bellator 120
2014-05-17,Michael Page,Ricky Rainey,Michael Page,,Bellator MMA: Bellator 120
2014-05-17,Bruno Lopes,Kleber Ferreira Braz,Bruno Lopes,,
2014-05-17,Alexander Volkanovski,Rodolfo Marques Diniz,Alexander Volkanovski,,AFC 9 - Australian Fighting Championship 9
2014-05-17,Chris Padilla,Julian Hernandez,Chris Padilla,,Xplode Fight Series: Adrenaline
2014-05-17,Mateusz Gamrot,Jefferson George,Mateusz Gamrot,,KSW 27: Cage Time
2014-05-24,Renan Barao,TJ Dillashaw,TJ Dillashaw,KO/TKO,
2014-05-24,Daniel Cormier,Dan Henderson,Daniel Cormier,SUB,
2014-05-24,Al Iaquinta,Mitch Clarke,Mitch Clarke,SUB,
2014-05-24,Michael Chiesa,Francisco Trinaldo,Michael Chiesa,DEC,
2014-05-24,Anthony Njokuani,Vinc Pichel,Vinc Pichel,DEC,
2014-05-24,Takeya Mizugaki,Francisco Rivera,Takeya Mizugaki,DEC,
2014-05-24,Tony Ferguson,Katsunori Kikuno,Tony Ferguson,KO/TKO,
2014-05-24,Sam Sicilia,Aaron Phillips,Sam Sicilia,DEC,
2014-05-24,Chris Holdsworth,Chico Camus,Chris Holdsworth,DEC,
2014-05-24,David Michaud,Li Jingliang,Li Jingliang,DEC,
2014-05-24,Jamie Varner,James Krause,James Krause,KO/TKO,
2014-05-24,Robbie Lawler,Jake Ellenberger,Robbie Lawler,KO/TKO,
2014-05-30,Mike Malott,Allan Wilson,Mike Malott,,SCC: Substance Cage Combat 2.0
2014-05-31,Viktor Pesta,Ruslan Magomedov,Ruslan Magomedov,DEC,
2014-05-31,Mark Munoz,Gegard Mousasi,Gegard Mousasi,SUB,
2014-05-31,Nick Hein,Drew Dober,Nick Hein,DEC,
2014-05-31,Stipe Miocic,Fabio Maldonado,Stipe Miocic,KO/TKO,
2014-05-31,Rodrigo Damm,Rashid Magomedov,Rashid Magomedov,DEC,
2014-05-31,Tom Niinimaki,Niklas Backstrom,Niklas Backstrom,SUB,
2014-05-31,Marcio Alexandre Junior,Warlley Alves,Warlley Alves,SUB,
2014-05-31,Andy Ogle,Maximo Blanco,Maximo Blanco,DEC,
2014-05-31,Francis Carmont,CB Dollaway,CB Dollaway,DEC,
2014-05-31,Demian Maia,Alexander Yakovlev,Demian Maia,DEC,
2014-05-31,Ricardo Abreu,Wagner Silva,Ricardo Abreu,SUB,
2014-05-31,Paulo Thiago,Gasan Umalatov,Gasan Umalatov,DEC,
2014-05-31,Edimilson Souza,Mark Eddiva,Edimilson Souza,KO/TKO,
2014-05-31,Vitor Miranda,Antonio Carlos Junior,Antonio Carlos Junior,DEC,
2014-05-31,Vaughan Lee,Iuri Alcantara,Iuri Alcantara,KO/TKO,
2014-05-31,Curtis Blaydes,Lorenzo Hood,Curtis Blaydes,,XFO 51: Xtreme Fighting Organization 51
2014-05-31,Luke Barnatt,Sean Strickland,Sean Strickland,DEC,
2014-05-31,Magnus Cedenblad,Krzysztof Jotko,Magnus Cedenblad,SUB,
2014-05-31,Elias Silverio,Ernest Chavez,Elias Silverio,SUB,
2014-05-31,Marcos Rogerio de Lima,Richardson Moreira,Marcos Rogerio de Lima,KO/TKO,
2014-05-31,Rony Jason,Robert Peralta,Robert Peralta,DEC,
2014-05-31,Pedro Munhoz,Matt Hobar,Pedro Munhoz,KO/TKO,
2014-05-31,Matt Brown,John Castaneda,Matt Brown,,Driller Promotions: Mecca 5
2014-05-31,Peter Sobotta,Pawel Pawlak,Peter Sobotta,DEC,
2014-06-07,Diego Sanchez,Ross Pearson,Diego Sanchez,DEC,
2014-06-07,Yves Edwards,Piotr Hallmann,Piotr Hallmann,SUB,
2014-06-07,Song Yadong,Ya Zhao,Song Yadong,,RUFF Fu: Ranik Ultimate Fighting Federation Fu
2014-06-07,Baasankhuu Damnlanpurev,Alatengheili,Baasankhuu Damnlanpurev,,RUFF Fu: Ranik Ultimate Fighting Federation Fu
2014-06-07,Islam Makhachev,Yuri Ivlev,Islam Makhachev,,M-1 Challenge 49: Battle in the Mountains
2014-06-07,Bobby Voelker,Lance Benoist,Lance Benoist,DEC,
2014-06-07,Billy Quarantillo,Sandro da Silva,Billy Quarantillo,,
2014-06-07,Marcin Wrzosek,Arnold Allen,Marcin Wrzosek,,CWFC 69: Cage Warriors Fighting Championship 69
2014-06-07,John Dodson,John Moraga,John Dodson,KO/TKO,
2014-06-07,Patrick Cummins,Roger Narvaez,Patrick Cummins,KO/TKO,
2014-06-07,Jon Tuck,Jake Lindsey,Jon Tuck,KO/TKO,
2014-06-07,Rafael Dos Anjos,Jason High,Rafael Dos Anjos,KO/TKO,
2014-06-07,Benson Henderson,Rustam Khabilov,Benson Henderson,SUB,
2014-06-07,Erik Perez,Bryan Caraway,Bryan Caraway,SUB,
2014-06-07,Yaotzin Meza,Sergio Pettis,Sergio Pettis,DEC,
2014-06-07,Scott Jorgensen,Danny Martinez,Scott Jorgensen,DEC,
2014-06-13,Rick Pfeifer,Chad Anheliger,Rick Pfeifer,,HKFC: School of Hard Knocks 37
2014-06-13,Marvin Vettori,Giorgio Pietrini,Marvin Vettori,,Impera FC 3: Caruso vs. Spallitta
2014-06-14,Demetrious Johnson,Ali Bagautinov,Demetrious Johnson,DEC,
2014-06-14,Daniel Sarafian,Kiichi Kunimoto,Kiichi Kunimoto,SUB,
2014-06-14,Jason Saggo,Josh Shockley,Jason Saggo,KO/TKO,
2014-06-14,Yves Jabouin,Mike Easton,Yves Jabouin,DEC,
2014-06-14,Andrei Arlovski,Brendan Schaub,Andrei Arlovski,DEC,
2014-06-14,Ryan Bader,Rafael Cavalcante,Ryan Bader,DEC,
2014-06-14,Darko Stosic,Rizvan Kuniev,Darko Stosic,,TFC: Tesla Fighting Championship 4
2014-06-14,Roland Delorme,Michinori Tanaka,Michinori Tanaka,DEC,
2014-06-14,Ovince Saint Preux,Ryan Jimmo,Ovince Saint Preux,KO/TKO,
2014-06-14,Valerie Letourneau,Elizabeth Phillips,Valerie Letourneau,DEC,
2014-06-14,Jamall Emmers,Chris Pecero,Jamall Emmers,,Hero FC: Best of the Best 2
2014-06-14,Kajan Johnson,Tae Hyun Bang,Tae Hyun Bang,KO/TKO,
2014-06-14,Rory MacDonald,Tyron Woodley,Rory MacDonald,DEC,
2014-06-19,Alex Perez,Del Hawkins,Alex Perez,,TPF 19: Throwback Thursday
2014-06-20,Chris Padilla,Kenny Wyckoff,Chris Padilla,,Xplode Fight Series: TwentyNine Palms Fight Night
2014-06-21,Marc-Andre Barriault,Paul Cressaty,Marc-Andre Barriault,,LAMMQ: Quebec Mixed Martial Arts League 3
2014-06-21,Vicente Luque,Paulistenio Rocha,Vicente Luque,,ADJF: Acai do Japa Fight
2014-06-28,Cezar Ferreira,Andrew Craig,Cezar Ferreira,DEC,
2014-06-28,Johnny Bedford,Cody Gibson,Cody Gibson,KO/TKO,
2014-06-28,Jake Matthews,Dashon Johnson,Jake Matthews,SUB,
2014-06-28,Brandon Moreno,Alex Contreras,Brandon Moreno,,WFF: World Fighting Federation 14
2014-06-28,Hatsu Hioki,Charles Oliveira,Charles Oliveira,SUB,
2014-06-28,Joe Ellenberger,James Moontasri,Joe Ellenberger,DEC,
2014-06-28,James Te Huna,Nate Marquardt,Nate Marquardt,SUB,
2014-06-28,Gian Villante,Sean O'Connell,Gian Villante,DEC,
2014-06-28,Neil Magny,Rodrigo de Lima,Neil Magny,KO/TKO,
2014-06-28,Kelvin Gastelum,Nico Musoke,Kelvin Gastelum,,
2014-06-28,Robert Whittaker,Mike Rhodes,Robert Whittaker,DEC,
2014-06-28,Marcelo Guimaraes,Andy Enz,Marcelo Guimaraes,DEC,
2014-06-28,Kelvin Gastelum,Nicholas Musoke,Kelvin Gastelum,DEC,
2014-06-28,Ricardo Lamas,Hacran Dias,Ricardo Lamas,DEC,
2014-06-28,Richie Vaculik,Roldan Sangcha'an,Richie Vaculik,DEC,
2014-06-28,Colton Smith,Diego Ferreira,Diego Ferreira,SUB,
2014-06-28,Ray Borg,Shane Howell,Ray Borg,SUB,
2014-06-28,Dan Hooker,Ian Entwistle,Dan Hooker,KO/TKO,
2014-06-28,Katlyn Cerminara,Rebecca Heintzman,Katlyn Cerminara,,CFFC 37: Anyanwu vs. Bell
2014-06-28,Soa Palelei,Jared Rosholt,Jared Rosholt,DEC,
2014-06-28,Aleksei Oleinik,Anthony Hamilton,Aleksei Oleinik,SUB,
2014-06-28,Chris Indich,Vik Grujic,Vik Grujic,KO/TKO,
2014-06-28,Cub Swanson,Jeremy Stephens,Cub Swanson,DEC,
2014-06-28,Clint Hester,Antonio Braga Neto,Clint Hester,DEC,
2014-07-03,Deiveson Figueiredo,Edvaldo Junior,Deiveson Figueiredo,,JOF: Jurunense Open Fight MMA 8
2014-07-05,Chris Weidman,Lyoto Machida,Chris Weidman,DEC,
2014-07-05,Chris Camozzi,Bruno Santos,Bruno Santos,DEC,
2014-07-05,Kenny Robertson,Ildemar Alcantara,Kenny Robertson,DEC,
2014-07-05,Ronda Rousey,Alexis Davis,Ronda Rousey,KO/TKO,
2014-07-05,Luke Zachrich,Guilherme Vasconcelos,Luke Zachrich,DEC,
2014-07-05,Marcus Brimage,Russell Doane,Russell Doane,DEC,
2014-07-05,Urijah Faber,Alex Caceres,Urijah Faber,SUB,
2014-07-05,George Roop,Rob Font,Rob Font,KO/TKO,
2014-07-05,Uriah Hall,Thiago Santos,Uriah Hall,DEC,
2014-07-06,Frankie Edgar,BJ Penn,Frankie Edgar,KO/TKO,
2014-07-06,Sarah Moras,Alexis Dufresne,Sarah Moras,DEC,
2014-07-06,Adriano Martins,Juan Manuel Puig,Adriano Martins,KO/TKO,
2014-07-06,Dhiego Lima,Eddie Gordon,Eddie Gordon,KO/TKO,
2014-07-06,Derrick Lewis,Guto Inocente,Derrick Lewis,KO/TKO,
2014-07-06,Jumabieke Tuerxun,Leandro Issa,Leandro Issa,SUB,
2014-07-06,Corey Anderson,Matt Van Buren,Corey Anderson,KO/TKO,
2014-07-06,Justin Scoggins,Dustin Ortiz,Dustin Ortiz,DEC,
2014-07-06,Jesse Ronson,Kevin Lee,Kevin Lee,DEC,
2014-07-06,Patrick Walsh,Daniel Spohn,Patrick Walsh,DEC,
2014-07-11,Billy Quarantillo,Isaac Figueroa,Billy Quarantillo,,
2014-07-12,Miles Johns,Tyler Pacheco,Miles Johns,,24/7 Entertainment 13: Fight Night
2014-07-16,Lucas Martins,Alex White,Lucas Martins,KO/TKO,
2014-07-16,Claudia Gadelha,Tina Lahdemaki,Claudia Gadelha,DEC,
2014-07-16,Hugo Viana,Aljamain Sterling,Aljamain Sterling,KO/TKO,
2014-07-16,John Lineker,Alptekin Ozkilic,John Lineker,KO/TKO,
2014-07-16,Gleison Tibau,Pat Healy,Gleison Tibau,DEC,
2014-07-16,Justin Salas,Joe Proctor,Joe Proctor,KO/TKO,
2014-07-16,Rick Story,Leonardo Mafra,Rick Story,SUB,
2014-07-16,Edson Barboza,Evan Dunham,Edson Barboza,KO/TKO,
2014-07-16,Jessamyn Duke,Leslie Smith,Leslie Smith,KO/TKO,
2014-07-16,Yosdenis Cedeno,Jerrod Sanders,Yosdenis Cedeno,KO/TKO,
2014-07-16,Donald Cerrone,Jim Miller,Donald Cerrone,KO/TKO,
2014-07-17,Amanda Lemos,Laura Falcao,Amanda Lemos,,
2014-07-19,Ilir Latifi,Chris Dempsey,Ilir Latifi,KO/TKO,
2014-07-19,Cathal Pendred,Mike King,Cathal Pendred,SUB,
2014-07-19,Paddy Holohan,Josh Sampo,Paddy Holohan,SUB,
2014-07-19,Conor McGregor,Diego Brandao,Conor McGregor,KO/TKO,
2014-07-19,Brad Pickett,Ian McCall,Ian McCall,DEC,
2014-07-19,Renato Moicano,Ismael Bonfim,Renato Moicano,,Jungle Fight 71
2014-07-19,Chris Padilla,Aaron Neveu,Chris Padilla,,Xplode Fight Series: Cerebral
2014-07-19,Norman Parke,Naoyuki Kotani,Norman Parke,KO/TKO,
2014-07-19,Cody Donovan,Nikita Krylov,Nikita Krylov,KO/TKO,
2014-07-19,Tor Troeng,Trevor Smith,Trevor Smith,DEC,
2014-07-19,Gunnar Nelson,Zak Cummings,Gunnar Nelson,SUB,
2014-07-19,Neil Seery,Phil Harris,Neil Seery,DEC,
2014-07-26,Steven Siler,Noad Lahat,Noad Lahat,DEC,
2014-07-26,Daron Cruickshank,Jorge Masvidal,Jorge Masvidal,DEC,
2014-07-26,Josh Thomson,King Green,King Green,DEC,
2014-07-26,Andreas Stahl,Gilbert Burns,Gilbert Burns,DEC,
2014-07-26,Anthony Johnson,Rogerio Nogueira,Anthony Johnson,KO/TKO,
2014-07-26,Juliana Lima,Joanna Jedrzejczyk,Joanna Jedrzejczyk,DEC,
2014-07-26,Akbarh Arreola,Tiago dos Santos e Silva,Tiago dos Santos e Silva,DEC,
2014-07-26,Hernani Perpetuo,Tim Means,Tim Means,DEC,
2014-07-26,Clay Guida,Dennis Bermudez,Dennis Bermudez,SUB,
2014-07-26,John Castaneda,Ruddy Gray,John Castaneda,,Driller Promotions: Live MMA at 7 Clans Casino
2014-07-26,Alexander Volkanovski,Jai Bradney,Alexander Volkanovski,,Roshambo MMA 3: In the Cage
2014-07-26,Robbie Lawler,Matt Brown,Robbie Lawler,DEC,
2014-07-26,Kyle Kingsbury,Patrick Cummins,Patrick Cummins,DEC,
2014-07-26,Brian Ortega,Mike de la Torre,,Draw,
2014-08-07,Deiveson Figueiredo,Joel Silva,Deiveson Figueiredo,,Coalizao Fight: Coalizao Fight Night
2014-08-09,Sean Brady,Paul Almquist,Sean Brady,,CFFC 38: Felder vs. Johnson
2014-08-16,Ricky Simon,John Martinez,Ricky Simon,,Main Event Sports: Main Event MMA 3
2014-08-16,Sara McMann,Lauren Murphy,Sara McMann,DEC,
2014-08-16,Thiago Tavares,Robert Peralta,Thiago Tavares,SUB,
2014-08-16,Tom Watson,Sam Alvey,Tom Watson,DEC,
2014-08-16,Gray Maynard,Ross Pearson,Ross Pearson,KO/TKO,
2014-08-16,Jussier Formiga,Zach Makovsky,Jussier Formiga,DEC,
2014-08-16,Shawn Jordan,Jack May,Shawn Jordan,KO/TKO,
2014-08-16,Seth Baczynski,Alan Jouban,Alan Jouban,KO/TKO,
2014-08-16,Ryan Bader,Ovince Saint Preux,Ryan Bader,DEC,
2014-08-16,Nolan Ticman,Frankie Saenz,Frankie Saenz,DEC,
2014-08-16,Nursulton Ruziboev,Shamil Rafikov,Nursulton Ruziboev,,Alash Pride: Selection 4
2014-08-16,Tim Boetsch,Brad Tavares,Tim Boetsch,KO/TKO,
2014-08-22,Arnold Allen,Gaetano Pirrello,Arnold Allen,,CWFC 71: Cage Warriors Fighting Championship 71
2014-08-23,Tyron Woodley,Dong Hyun Kim,Tyron Woodley,KO/TKO,
2014-08-23,Ben Saunders,Chris Heatherly,Ben Saunders,SUB,
2014-08-23,Wilson Reis,Joby Sanchez,Wilson Reis,DEC,
2014-08-23,Zhang Lipeng,Brendan O'Reilly,Zhang Lipeng,DEC,
2014-08-23,Francis Carmont,Thales Leites,Thales Leites,KO/TKO,
2014-08-23,James Vick,Valmir Lazaro,James Vick,DEC,
2014-08-23,Michael Bisping,Cung Le,Michael Bisping,KO/TKO,
2014-08-23,Anying Wang,Colby Covington,Colby Covington,KO/TKO,
2014-08-23,Mike Pyle,Jordan Mein,Jordan Mein,KO/TKO,
2014-08-23,Yao Zhikui,Royston Wee,Royston Wee,DEC,
2014-08-23,Aaron Phillips,Matt Hobar,Matt Hobar,DEC,
2014-08-23,Elizabeth Phillips,Milana Dudieva,Milana Dudieva,DEC,
2014-08-23,Sai Wang,Danny Mitchell,Sai Wang,DEC,
2014-08-23,Guangyou Ning,Jianping Yang,Guangyou Ning,DEC,
2014-08-23,Alberto Mina,Shinsho Anzai,Alberto Mina,KO/TKO,
2014-08-23,Roland Delorme,Yuta Sasaki,Yuta Sasaki,SUB,
2014-08-23,Neil Magny,Alex Garcia,Neil Magny,DEC,
2014-08-23,Beneil Dariush,Anthony Rocco Martin,Beneil Dariush,SUB,
2014-08-23,Benson Henderson,Rafael Dos Anjos,Rafael Dos Anjos,KO/TKO,
2014-08-23,Chas Skelly,Tom Niinimaki,Chas Skelly,SUB,
2014-08-23,Max Holloway,Clay Collard,Max Holloway,KO/TKO,
2014-08-24,Alexander Volkanovski,Kyle Reyes,Alexander Volkanovski,,PXC: Pacific Xtreme Combat 45
2014-08-29,Grant Dawson,Jeremiah Denson,Grant Dawson,,OFC: Omaha Fight Club 100
2014-08-30,Ramsey Nijem,Diego Ferreira,Diego Ferreira,KO/TKO,
2014-08-30,Yancy Medeiros,Damon Jackson,Yancy Medeiros,SUB,
2014-08-30,TJ Dillashaw,Joe Soto,TJ Dillashaw,KO/TKO,
2014-08-30,Tony Ferguson,Danny Castillo,Tony Ferguson,DEC,
2014-08-30,Ruan Potts,Anthony Hamilton,Anthony Hamilton,KO/TKO,
2014-08-30,Chris Wade,Cain Carrizosa,Chris Wade,SUB,
2014-08-30,Bethe Correia,Shayna Baszler,Bethe Correia,KO/TKO,
2014-08-30,Lorenz Larkin,Derek Brunson,Derek Brunson,DEC,
2014-08-31,Jingnan Xiong,Inna Hutsal,Jingnan Xiong,,
2014-09-05,Alistair Overeem,Ben Rothwell,Ben Rothwell,KO/TKO,
2014-09-05,Rafael Natal,Chris Camozzi,Rafael Natal,DEC,
2014-09-05,Jacare Souza,Gegard Mousasi,Jacare Souza,SUB,
2014-09-05,Sean Soriano,Chas Skelly,Chas Skelly,DEC,
2014-09-05,Patricio Pitbull,Pat Curran,Patricio Pitbull,,Bellator MMA: Bellator 123
2014-09-05,Al Iaquinta,Rodrigo Damm,Al Iaquinta,KO/TKO,
2014-09-05,Joe Lauzon,Michael Chiesa,Joe Lauzon,KO/TKO,
2014-09-05,Matt Mitrione,Derrick Lewis,Matt Mitrione,KO/TKO,
2014-09-05,Chris Beal,Tateki Matsuda,Chris Beal,DEC,
2014-09-05,John Moraga,Justin Scoggins,John Moraga,SUB,
2014-09-06,JJ Aldrich,Delaney Owen,JJ Aldrich,,Invicta FC 8: Waterson vs. Tamada
2014-09-06,Alexa Grasso,Ashley Cummins,Alexa Grasso,,Invicta FC 8: Waterson vs. Tamada
2014-09-06,Bill Beaumont,Marvin Vettori,Bill Beaumont,,UCMMA 40: Ultimate Challenge MMA 40
2014-09-06,Bruno Lopes,Gregory Rodrigues,Bruno Lopes,,Jungle Fight 73: Special Ed. 11th Anniversary
2014-09-07,Islam Makhachev,Ivica Truscek,Islam Makhachev,,M-1 Challenge 51: Fightspirit
2014-09-12,Jamall Emmers,Michael Rodriguez,Jamall Emmers,,Hero FC: Best of the Best 3
2014-09-12,Alexandre Pantoja,Matt Manzanares,Alexandre Pantoja,,RFA 18: Manzanares vs. Pantoja
2014-09-12,Brandon Farran,Ryan Spann,Brandon Farran,,Hero FC: Best of the Best 3
2014-09-12,Chidi Njokuani,Steve Hanna,Chidi Njokuani,,RFA 18: Manzanares vs. Pantoja
2014-09-13,Joaquin Buckley,Wesley Sullivan,Joaquin Buckley,,Shamrock FC: Nemesis
2014-09-13,Francisco Trinaldo,Leandro Silva,Francisco Trinaldo,DEC,
2014-09-13,Katlyn Cerminara,Brigitte Narcise,Katlyn Cerminara,,WSOF 13: Moraes vs. Bollinger
2014-09-13,Rani Yahya,Johnny Bedford,Rani Yahya,SUB,
2014-09-13,Igor Araujo,George Sullivan,George Sullivan,KO/TKO,
2014-09-13,Mateusz Gamrot,Tim Newman,Mateusz Gamrot,,CWFC 72: Cage Warriors Fighting Championship 72
2014-09-13,Cam Kaya,Ismail Naurdiev,Cam Kaya,,GMC 5: German MMA Championship 5
2014-09-13,Anthony Hernandez,Trey Williams,Anthony Hernandez,,WFC 11: Mitchell vs. Major
2014-09-13,Antonio Silva,Andrei Arlovski,Andrei Arlovski,KO/TKO,
2014-09-13,Iuri Alcantara,Russell Doane,Iuri Alcantara,DEC,
2014-09-13,Abus Magomedov,Rafal Blachuta,Abus Magomedov,,GMC 5: German MMA Championship 5
2014-09-13,Santiago Ponzinibbio,Wendell Oliveira Marques,Santiago Ponzinibbio,KO/TKO,
2014-09-13,Leonardo Santos,Efrain Escudero,Leonardo Santos,DEC,
2014-09-13,Paulo Thiago,Sean Spencer,Sean Spencer,DEC,
2014-09-13,Jessica Andrade,Larissa Pacheco,Jessica Andrade,SUB,
2014-09-13,Gleison Tibau,Piotr Hallmann,Gleison Tibau,DEC,
2014-09-13,Godofredo Pepey,Dashon Johnson,Godofredo Pepey,SUB,
2014-09-13,Johnny Walker,Vitor Casanova,Johnny Walker,,UF: Uba Fight 5
2014-09-19,Merab Dvalishvili,Dennis Dombrow,Merab Dvalishvili,,ROC 49: Ring of Combat 49
2014-09-20,Myles Jury,Takanori Gomi,Myles Jury,KO/TKO,
2014-09-20,Maximo Blanco,Dan Hooker,Maximo Blanco,DEC,
2014-09-20,Kazuki Tokudome,Johnny Case,Johnny Case,SUB,
2014-09-20,Katsunori Kikuno,Sam Sicilia,Katsunori Kikuno,SUB,
2014-09-20,Hyun Gyu Lim,Takenori Sato,Hyun Gyu Lim,KO/TKO,
2014-09-20,Yoshihiro Akiyama,Amir Sadollah,Yoshihiro Akiyama,DEC,
2014-09-20,Brandon Moreno,C.J. Soliven,Brandon Moreno,,WFF: World Fighting Federation 16
2014-09-20,Miesha Tate,Rin Nakai,Miesha Tate,DEC,
2014-09-20,Mark Hunt,Roy Nelson,Mark Hunt,KO/TKO,
2014-09-20,Kyoji Horiguchi,Jon Delos Reyes,Kyoji Horiguchi,KO/TKO,
2014-09-20,Ismail Naurdiev,Ibo Can,Ismail Naurdiev,,CFN: Charity Fight Night 2
2014-09-20,Kiichi Kunimoto,Richard Walsh,Kiichi Kunimoto,DEC,
2014-09-20,Michinori Tanaka,Kyung Ho Kang,Kyung Ho Kang,DEC,
2014-09-20,Alex Caceres,Masanori Kanehara,Masanori Kanehara,DEC,
2014-09-25,Amanda Lemos,Alenice Correa Costa,Amanda Lemos,,
2014-09-26,Tanner Boser,Jordan Tracey,Tanner Boser,,Unified: MMA 20
2014-09-27,John Howard,Brian Ebersole,Brian Ebersole,DEC,
2014-09-27,Cat Zingano,Amanda Nunes,Cat Zingano,KO/TKO,
2014-09-27,Donald Cerrone,Eddie Alvarez,Donald Cerrone,DEC,
2014-09-27,Nasrat Haqparast,Tolga Ozgun,Nasrat Haqparast,,WLMMA: We Love MMA 9
2014-09-27,Manvel Gamburyan,Cody Gibson,Manvel Gamburyan,SUB,
2014-09-27,Jon Tuck,Kevin Lee,Kevin Lee,DEC,
2014-09-27,Jorge Masvidal,James Krause,Jorge Masvidal,DEC,
2014-09-27,Demetrious Johnson,Chris Cariaso,Demetrious Johnson,SUB,
2014-09-27,Dustin Poirier,Conor McGregor,Conor McGregor,KO/TKO,
2014-09-27,Dominick Cruz,Takeya Mizugaki,Dominick Cruz,KO/TKO,
2014-09-27,Billy Quarantillo,Terrell Hobbs,Billy Quarantillo,,
2014-09-27,Tim Kennedy,Yoel Romero,Yoel Romero,KO/TKO,
2014-09-27,Daniel Virginio,Lerryan Douglas,Daniel Virginio,,
2014-09-27,Patrick Cote,Stephen Thompson,Stephen Thompson,DEC,
2014-09-28,Serghei Spivac,Andrey Serebrianikov,Serghei Spivac,,RFP: Galychyny Cup
2014-10-04,Nordine Taleb,Li Jingliang,Nordine Taleb,DEC,
2014-10-04,Mairbek Taisumov,Marcin Bandel,Mairbek Taisumov,KO/TKO,
2014-10-04,Zubaira Tukhugov,Ernest Chavez,Zubaira Tukhugov,KO/TKO,
2014-10-04,Rory MacDonald,Tarec Saffiedine,Rory MacDonald,KO/TKO,
2014-10-04,Albert Tumenov,Matt Dwyer,Albert Tumenov,KO/TKO,
2014-10-04,Paddy Holohan,Chris Kelades,Chris Kelades,DEC,
2014-10-04,Gunnar Nelson,Rick Story,Rick Story,DEC,
2014-10-04,Cathal Pendred,Gasan Umalatov,Cathal Pendred,DEC,
2014-10-04,Ilir Latifi,Jan Blachowicz,Jan Blachowicz,KO/TKO,
2014-10-04,Niklas Backstrom,Mike Wilkinson,Mike Wilkinson,KO/TKO,
2014-10-04,Dennis Siver,Charles Rosa,Dennis Siver,DEC,
2014-10-04,Elias Theodorou,Bruno Santos,Elias Theodorou,DEC,
2014-10-04,Daron Cruickshank,Anthony Njokuani,Daron Cruickshank,DEC,
2014-10-04,Magnus Cedenblad,Scott Askham,Magnus Cedenblad,DEC,
2014-10-04,Jason Saggo,Paul Felder,Paul Felder,DEC,
2014-10-04,Tor Troeng,Krzysztof Jotko,Krzysztof Jotko,DEC,
2014-10-04,Nicholas Musoke,Alexander Yakovlev,Nicholas Musoke,DEC,
2014-10-04,Mitch Gagnon,Roman Salazar,Mitch Gagnon,SUB,
2014-10-04,Akira Corassani,Max Holloway,Max Holloway,KO/TKO,
2014-10-04,Olivier Aubin-Mercier,Jake Lindsey,Olivier Aubin-Mercier,SUB,
2014-10-04,Chad Laprise,Yosdenis Cedeno,Chad Laprise,DEC,
2014-10-04,Raphael Assuncao,Bryan Caraway,Raphael Assuncao,DEC,
2014-10-10,Michael Page,Nah-Shon Burrell,Michael Page,,Bellator MMA: Bellator 128
2014-10-10,Matt Brown,John Castaneda,Matt Brown,,RFA 19: Checco vs. Collier
2014-10-11,Hakeem Dawodu,Mike Malott,Hakeem Dawodu,,WSOF 14: Shields vs. Ford
2014-10-11,Curtis Blaydes,William Baptiste,Curtis Blaydes,,XFO 53: Xtreme Fighting Organization 53
2014-10-11,Johnny Walker,Joao Vitor Lopes da Silva,Johnny Walker,,Gigante Fight MMA: Gigante Fight 2
2014-10-18,Rafa Garcia,Dante Ramos,Rafa Garcia,,EFC 4: Extreme Full Contact 4
2014-10-25,Glover Teixeira,Phil Davis,Phil Davis,DEC,
2014-10-25,Fabricio Camoes,Anthony Rocco Martin,Anthony Rocco Martin,SUB,
2014-10-25,William Macario,Neil Magny,Neil Magny,KO/TKO,
2014-10-25,Ramiz Brahimaj,Richard Bailey,Ramiz Brahimaj,,GCS 1: The Commencement
2014-10-25,Scott Jorgensen,Wilson Reis,Wilson Reis,SUB,
2014-10-25,Jose Aldo,Chad Mendes,Jose Aldo,DEC,
2014-10-25,Diego Ferreira,Beneil Dariush,Beneil Dariush,DEC,
2014-10-25,Felipe Arantes,Andre Fili,Andre Fili,DEC,
2014-10-25,Gilbert Burns,Christos Giagos,Gilbert Burns,SUB,
2014-10-25,Yan Cabral,Naoyuki Kotani,Yan Cabral,SUB,
2014-10-25,Darren Elkins,Lucas Martins,Darren Elkins,DEC,
2014-10-25,Fabio Maldonado,Hans Stringer,Fabio Maldonado,KO/TKO,
2014-10-26,Nursulton Ruziboev,Kiamrian Abbasov,Nursulton Ruziboev,,Alash Pride: Selection 5
2014-10-30,Yair Rodriguez,Rodolfo Rubio,Yair Rodriguez,,The Ultimate Fighter Latin America 1 Semifinal
2014-11-01,Ricky Bandejas,Merab Dvalishvili,Ricky Bandejas,,CFFC 43: Webb vs. Good
2014-11-01,Alexander Volkanovski,David Butt,Alexander Volkanovski,,WW: Wollongong Wars 2
2014-11-07,Dylan Andrews,Sam Alvey,Sam Alvey,KO/TKO,
2014-11-07,Jake Matthews,Vagner Rocha,Jake Matthews,SUB,
2014-11-07,Robert Whittaker,Clint Hester,Robert Whittaker,KO/TKO,
2014-11-07,Soa Palelei,Walt Harris,Soa Palelei,KO/TKO,
2014-11-07,Jumabieke Tuerxun,Marcus Brimage,Marcus Brimage,KO/TKO,
2014-11-07,Richie Vaculik,Louis Smolka,Louis Smolka,KO/TKO,
2014-11-07,Anthony Perosh,Guto Inocente,Anthony Perosh,SUB,
2014-11-07,Luke Rockhold,Michael Bisping,Luke Rockhold,SUB,
2014-11-07,Luke Zachrich,Daniel Kelly,Daniel Kelly,SUB,
2014-11-07,Gilbert Urbina,Jared Perez,Gilbert Urbina,,STFC 32: Elizondo vs. Martinez
2014-11-07,Vik Grujic,Chris Clements,Chris Clements,KO/TKO,
2014-11-07,Ross Pearson,Al Iaquinta,Al Iaquinta,KO/TKO,
2014-11-08,Thomas Almeida,Tim Gorman,Thomas Almeida,DEC,
2014-11-08,Claudio Silva,Leon Edwards,Claudio Silva,DEC,
2014-11-08,Dhiego Lima,Jorge de Oliveira,Dhiego Lima,DEC,
2014-11-08,Diego Rivas,Rodolfo Rubio Perez,Diego Rivas,DEC,
2014-11-08,Dustin Stoltzfus,Kyril Kolomcec,Dustin Stoltzfus,,WLMMA: We Love MMA 10
2014-11-08,Warlley Alves,Alan Jouban,Warlley Alves,DEC,
2014-11-08,Caio Magalhaes,Trevor Smith,Caio Magalhaes,KO/TKO,
2014-11-08,Chris Padilla,Kris Armbrister,Chris Padilla,,Xplode Fight Series: Wasteland
2014-11-08,Wagner Silva,Colby Covington,Colby Covington,SUB,
2014-11-08,Juliana Lima,Nina Nunes,Juliana Lima,DEC,
2014-11-08,Leandro Silva,Charlie Brenneman,Leandro Silva,SUB,
2014-11-08,Mauricio Rua,Ovince Saint Preux,Ovince Saint Preux,KO/TKO,
2014-11-11,Alatengheili,Chao Huang,Alatengheili,,CKFC: Chinese Kung Fu Championships 11/11
2014-11-13,Deiveson Figueiredo,Joao Neto Silva,Deiveson Figueiredo,,Coalizao Fight 4: Mondragon vs. Gallotti
2014-11-15,Ricardo Lamas,Dennis Bermudez,Ricardo Lamas,SUB,
2014-11-15,Henry Briones,Guido Cannetti,Henry Briones,SUB,
2014-11-15,Curtis Blaydes,Brad Faylor,Curtis Blaydes,,SCS 23: Redemption
2014-11-15,Marc-Andre Barriault,James Kouame,Marc-Andre Barriault,,Hybrid Combat: Hybrid Pro Series 2
2014-11-15,Mandel Nallo,Ryan Rohovich,Mandel Nallo,,Hybrid Combat: Hybrid Pro Series 2
2014-11-15,Yair Rodriguez,Leonardo Morales,Yair Rodriguez,DEC,
2014-11-15,Gabriel Benitez,Humberto Brown Morrison,Gabriel Benitez,SUB,
2014-11-15,Nathaniel Wood,Steve McCombe,Nathaniel Wood,,CWFC 74: Cage Warriors Fighting Championship 74
2014-11-15,Edgar Garcia,Hector Urbina,Hector Urbina,SUB,
2014-11-15,Augusto Montano,Chris Heatherly,Augusto Montano,KO/TKO,
2014-11-15,Alejandro Perez,Jose Quinonez,Alejandro Perez,DEC,
2014-11-15,Jake Ellenberger,Kelvin Gastelum,Kelvin Gastelum,SUB,
2014-11-15,Fabricio Werdum,Mark Hunt,Fabricio Werdum,KO/TKO,
2014-11-15,Marco Beltran,Marlon Vera,Marco Beltran,DEC,
2014-11-15,Jessica Eye,Leslie Smith,Jessica Eye,KO/TKO,
2014-11-16,Denis Puric,Alatengheili,Denis Puric,,Kunlun Fight 13: World Tour
2014-11-19,Serghei Spivac,Evgeniy Bova,Serghei Spivac,,WWFC: Ukraine Selection 1
2014-11-22,Frankie Edgar,Cub Swanson,Frankie Edgar,SUB,
2014-11-22,Jared Rosholt,Aleksei Oleinik,Aleksei Oleinik,KO/TKO,
2014-11-22,Luke Barnatt,Roger Narvaez,Roger Narvaez,DEC,
2014-11-22,Matt Wiman,Isaac Vallie-Flagg,Matt Wiman,DEC,
2014-11-22,Brad Pickett,Chico Camus,Chico Camus,DEC,
2014-11-22,Ruslan Magomedov,Josh Copeland,Ruslan Magomedov,DEC,
2014-11-22,James Vick,Nick Hein,James Vick,DEC,
2014-11-22,King Green,Edson Barboza,Edson Barboza,DEC,
2014-11-22,Farés Ziam,Mathias Guerra,Farés Ziam,,Lyon Fighting Championship 4
2014-11-22,Juan Manuel Puig,Dooho Choi,Dooho Choi,KO/TKO,
2014-11-22,Yves Edwards,Akbarh Arreola,Akbarh Arreola,SUB,
2014-11-22,Joseph Benavidez,Dustin Ortiz,Joseph Benavidez,DEC,
2014-11-22,Paige VanZant,Kailin Curran,Paige VanZant,KO/TKO,
2014-11-22,Dooho Choi,Juan Puig,Dooho Choi,,
2014-11-22,Drakkar Klose,Jeff Fletcher,Drakkar Klose,,WFF: World Fighting Federation 17
2014-11-25,Movsar Evloev,Jianwei He,Movsar Evloev,,M-1 Challenge 53: Battle in the Celestial Empire
2014-11-25,Muslim Salikhov,Victor Sckoteski,Muslim Salikhov,,M-1 Challenge 53: Battle in the Celestial Empire
2014-11-28,Lerryan Douglas,Jose Luis Alegre,Lerryan Douglas,,
2014-11-29,Bruno Lopes,William Kuraca,Bruno Lopes,,
2014-11-29,Wagner Prado,Johnny Walker,Wagner Prado,,Team Nogueira: Team Nogueira Beach
2014-11-29,Arnold Allen,Paul Cook,Arnold Allen,,M4TC 15: Bad Blood
2014-12-04,Dominick Reyes,Jose Rivas Jr.,Dominick Reyes,,KOTC: Fisticuffs
2014-12-05,Grant Dawson,Matt Williams,Grant Dawson,,DCS 12: Seasons Beatings 2014
2014-12-05,Alexa Grasso,Alida Gray,Alexa Grasso,,Invicta FC 10: Waterson vs. Tiburcio
2014-12-06,Raquel Pennington,Ashlee Evans-Smith,Raquel Pennington,SUB,
2014-12-06,Johny Hendricks,Robbie Lawler,Robbie Lawler,DEC,
2014-12-06,Todd Duffee,Anthony Hamilton,Todd Duffee,KO/TKO,
2014-12-06,Mateusz Gamrot,Lukasz Chlewicki,Mateusz Gamrot,,KSW 29: Reload
2014-12-06,Sergio Pettis,Matt Hobar,Sergio Pettis,DEC,
2014-12-06,Alex White,Clay Collard,Clay Collard,DEC,
2014-12-06,Eddie Gordon,Josh Samman,Josh Samman,KO/TKO,
2014-12-06,Anthony Pettis,Gilbert Melendez,Anthony Pettis,SUB,
2014-12-06,Urijah Faber,Francisco Rivera,Urijah Faber,SUB,
2014-12-06,Tony Ferguson,Abel Trujillo,Tony Ferguson,SUB,
2014-12-06,Travis Browne,Brendan Schaub,Travis Browne,KO/TKO,
2014-12-06,Corey Anderson,Justin Jones,Corey Anderson,DEC,
2014-12-12,Alexander Volkov,Roy Boughton,Alexander Volkov,,Tech-Krep FC: Battle of Heroes
2014-12-12,Joe Proctor,Yancy Medeiros,Yancy Medeiros,SUB,
2014-12-12,Bec Rawlings,Heather Clark,Heather Clark,DEC,
2014-12-12,Aisling Daly,Alex Chambers,Aisling Daly,SUB,
2014-12-12,Joanne Wood,Seo Hee Ham,Joanne Wood,DEC,
2014-12-12,Jeremy Stephens,Charles Oliveira,Charles Oliveira,DEC,
2014-12-12,Emily Kagan,Angela Hill,Angela Hill,DEC,
2014-12-12,Felice Herrig,Lisa Ellis,Felice Herrig,SUB,
2014-12-12,Jessica Penne,Randa Markos,Jessica Penne,DEC,
2014-12-12,Carla Esparza,Rose Namajunas,Carla Esparza,SUB,
2014-12-12,Tecia Pennington,Angela Magana,Tecia Pennington,DEC,
2014-12-13,John Moraga,Willie Gates,John Moraga,SUB,
2014-12-13,Morgan Charrière,Karim Kondua,Morgan Charrière,,ASV 6: Diouf vs Benzha
2014-12-13,Joe Riggs,Ben Saunders,Ben Saunders,SUB,
2014-12-13,Anthony Birchak,Ian Entwistle,Ian Entwistle,SUB,
2014-12-13,Henry Cejudo,Dustin Kimura,Henry Cejudo,DEC,
2014-12-13,Alistair Overeem,Stefan Struve,Alistair Overeem,KO/TKO,
2014-12-13,Daniyar Babakulov,Nursulton Ruziboev,Daniyar Babakulov,,Alash Pride: Royal Plaza Volume 1
2014-12-13,Joe Ellenberger,Bryan Barberena,Bryan Barberena,KO/TKO,
2014-12-13,Gabriel Gonzaga,Matt Mitrione,Matt Mitrione,KO/TKO,
2014-12-13,Jeremiah Wells,Bradley Desir,Jeremiah Wells,,CFFC 44: Bezerra vs Makashvili 2
2014-12-13,David Michaud,Garett Whiteley,David Michaud,DEC,
2014-12-13,Claudia Gadelha,Joanna Jedrzejczyk,Joanna Jedrzejczyk,DEC,
2014-12-13,Jamie Varner,Drew Dober,Drew Dober,SUB,
2014-12-13,Joseph Morales,Christian Espinosa,Joseph Morales,,WSOF 16: Palhares vs. Fitch
2014-12-13,Gabriel Bonfim,Kleuve Santos,Gabriel Bonfim,,ADJF: Acai do Japa Fight 2
2014-12-13,Rafael Dos Anjos,Nate Diaz,Rafael Dos Anjos,DEC,
2014-12-13,Junior Dos Santos,Stipe Miocic,Junior Dos Santos,DEC,
2014-12-18,Deiveson Figueiredo,Rayner Silva,Deiveson Figueiredo,,Jungle Fight 75
2014-12-19,Xian Ji,Song Yadong,Xian Ji,,One FC 24: Dynasty of Champions
2014-12-19,Gregory Rodrigues,Douglas Carvalho Alves,Gregory Rodrigues,,FTF 9: Big Monster vs. Gigantinho
2014-12-20,Marcio Alexandre Junior,Tim Means,Tim Means,DEC,
2014-12-20,Lyoto Machida,CB Dollaway,Lyoto Machida,KO/TKO,
2014-12-20,Renan Barao,Mitch Gagnon,Renan Barao,SUB,
2014-12-20,Tom Niinimaki,Renato Moicano,Renato Moicano,SUB,
2014-12-20,Dustin Stoltzfus,Rasul Alautdinov,Dustin Stoltzfus,,WLMMA: We Love MMA 11
2014-12-20,Leandro Issa,Yuta Sasaki,Leandro Issa,SUB,
2014-12-20,Elias Silverio,Rashid Magomedov,Rashid Magomedov,KO/TKO,
2014-12-20,Darren Elkins,Hacran Dias,Hacran Dias,DEC,
2014-12-20,Marcos Rogerio de Lima,Igor Pokrajac,Marcos Rogerio de Lima,KO/TKO,
2014-12-20,Antonio Carlos Junior,Patrick Cummins,Patrick Cummins,DEC,
2014-12-20,Petr Yan,Murad Bakiev,Petr Yan,,Eurasian Fighting Championship: Baikal Fight
2014-12-20,Vitor Miranda,Jake Collier,Vitor Miranda,KO/TKO,
2014-12-20,Daniel Sarafian,Antonio Dos Santos,Daniel Sarafian,KO/TKO,
2014-12-20,Erick Silva,Mike Rhodes,Erick Silva,SUB,
2014-12-23,Zhikang Zhao,Alatengheili,Zhikang Zhao,,CKFC: Chinese Kung Fu Championships 12/23
2014-12-25,Nursulton Ruziboev,Aziz Ibragimov,Nursulton Ruziboev,,Alash Pride: Selection 6
2015-01-03,Marcus Brimage,Cody Garbrandt,Cody Garbrandt,KO/TKO,
2015-01-03,Omari Akhmedov,Mats Nilsson,Omari Akhmedov,DEC,
2015-01-03,Danny Castillo,Paul Felder,Paul Felder,KO/TKO,
2015-01-03,Donald Cerrone,Myles Jury,Donald Cerrone,DEC,
2015-01-03,Kyoji Horiguchi,Louis Gaudinot,Kyoji Horiguchi,DEC,
2015-01-03,Jon Jones,Daniel Cormier,Jon Jones,DEC,
2015-01-03,Jingnan Xiong,Liubov Tiupina,Jingnan Xiong,,
2015-01-03,Evan Dunham,Rodrigo Damm,Evan Dunham,DEC,
2015-01-03,Shawn Jordan,Jared Cannonier,Shawn Jordan,KO/TKO,
2015-01-03,Brad Tavares,Nate Marquardt,Brad Tavares,DEC,
2015-01-03,Alexis Dufresne,Marion Reneau,Marion Reneau,DEC,
2015-01-09,Chidi Njokuani,Gilbert Smith,Chidi Njokuani,,RFA 22: Njokuani vs. Smith
2015-01-16,Patricio Pitbull,Daniel Straus,Patricio Pitbull,,Bellator MMA: Bellator 132
2015-01-17,Rey Trujillo,Jamall Emmers,Rey Trujillo,,Hero FC: Best of the Best 4
2015-01-17,Gilbert Urbina,Roldan Abundis,Gilbert Urbina,,Hero FC: Best of the Best 4
2015-01-18,Conor McGregor,Dennis Siver,Conor McGregor,KO/TKO,
2015-01-18,Johnny Case,Frankie Perez,Johnny Case,KO/TKO,
2015-01-18,John Howard,Lorenz Larkin,Lorenz Larkin,KO/TKO,
2015-01-18,Uriah Hall,Ron Stallings,Uriah Hall,KO/TKO,
2015-01-18,Charles Rosa,Sean Soriano,Charles Rosa,SUB,
2015-01-18,Paddy Holohan,Shane Howell,Paddy Holohan,DEC,
2015-01-18,Norman Parke,Gleison Tibau,Gleison Tibau,DEC,
2015-01-18,Donald Cerrone,Benson Henderson,Donald Cerrone,DEC,
2015-01-18,Zhang Lipeng,Chris Wade,Chris Wade,DEC,
2015-01-18,Tateki Matsuda,Joby Sanchez,Joby Sanchez,DEC,
2015-01-18,Matt Van Buren,Sean O'Connell,Sean O'Connell,KO/TKO,
2015-01-18,Cathal Pendred,Sean Spencer,Cathal Pendred,DEC,
2015-01-23,Nursulton Ruziboev,Shahvalat Yusubov,Nursulton Ruziboev,,R1 Uzbekistan: Grand Prix Heavyweights
2015-01-24,Kenny Robertson,Sultan Aliev,Kenny Robertson,KO/TKO,
2015-01-24,Viktor Pesta,Konstantin Erokhin,Viktor Pesta,DEC,
2015-01-24,Ricky Simon,Cole Milani,Ricky Simon,,FCFF: Rumble at the Roseland 80
2015-01-24,Phil Davis,Ryan Bader,Ryan Bader,DEC,
2015-01-24,Nursulton Ruziboev,Elshon Muhtarov,Nursulton Ruziboev,,Alash Pride: Royal Plaza Volume 2
2015-01-24,Mairbek Taisumov,Anthony Christodoulou,Mairbek Taisumov,KO/TKO,
2015-01-24,Nicholas Musoke,Albert Tumenov,Albert Tumenov,DEC,
2015-01-24,Neil Seery,Chris Beal,Neil Seery,DEC,
2015-01-24,Nikita Krylov,Stanislav Nedkov,Nikita Krylov,SUB,
2015-01-24,Mirsad Bektic,Paul Redmond,Mirsad Bektic,DEC,
2015-01-24,Andy Ogle,Makwan Amirkhani,Makwan Amirkhani,KO/TKO,
2015-01-24,Alexander Gustafsson,Anthony Johnson,Anthony Johnson,KO/TKO,
2015-01-24,Dan Henderson,Gegard Mousasi,Gegard Mousasi,KO/TKO,
2015-01-24,Nate Landwehr,Justin Steave,Nate Landwehr,,Gladiators of the Cage: The Road to Glory 8
2015-01-24,Akira Corassani,Sam Sicilia,Sam Sicilia,KO/TKO,
2015-01-25,Marvin Vettori,Anderson da Silva Santos,Marvin Vettori,,Venator FC: Guerrieri Italiani Quarterfinals
2015-01-26,Joel Álvarez,Helson Henriques,Joel Álvarez,,IPC 6: International Pro Combat 6
2015-01-30,Dustin Stoltzfus,Abu Dzamaldaev,Dustin Stoltzfus,,AOC 4: Age of Cage 4
2015-01-31,Serghei Spivac,Yuri Gorbenko,Serghei Spivac,,WWFC: Ukraine Selection 4
2015-01-31,Thiago Santos,Andy Enz,Thiago Santos,KO/TKO,
2015-01-31,Ian McCall,John Lineker,John Lineker,DEC,
2015-01-31,Jordan Mein,Thiago Alves,Thiago Alves,KO/TKO,
2015-01-31,Ed Herman,Derek Brunson,Derek Brunson,KO/TKO,
2015-01-31,Thales Leites,Tim Boetsch,Thales Leites,SUB,
2015-01-31,Tyron Woodley,Kelvin Gastelum,Tyron Woodley,DEC,
2015-01-31,Gianni Vazquez,Isaac Ruelas,Gianni Vazquez,,XK 28: Xtreme Kombat 28
2015-01-31,Rafael Natal,Tom Watson,Rafael Natal,DEC,
2015-01-31,Morgan Charrière,Herve Rosa,Morgan Charrière,,OFC: Octagon Fighting Club 10
2015-01-31,Richardson Moreira,Ildemar Alcantara,Ildemar Alcantara,DEC,
2015-01-31,Miesha Tate,Sara McMann,Miesha Tate,DEC,
2015-01-31,Joe Lauzon,Al Iaquinta,Al Iaquinta,KO/TKO,
2015-02-01,Jingnan Xiong,Liliya Kazak,Jingnan Xiong,,
2015-02-05,Alex Perez,Anthony Figueroa,Alex Perez,,TPF 22: Champions Collide 2
2015-02-06,Raoni Barcelos,Jamal Parks,Raoni Barcelos,,RFA 23: Murphy vs. Ware
2015-02-06,Dan Ige,Ian Millan,Dan Ige,,RFA 23: Murphy vs. Ware
2015-02-07,Brandon Moreno,Matt Betzold,Brandon Moreno,,WFF: World Fighting Federation 18
2015-02-10,Petr Yan,Artur Mirzakhanyan,Petr Yan,,Professional Combat Sambo: Russia Cup
2015-02-13,Ryan Spann,Artenas Young,Ryan Spann,,FF: Fury Fighting 4
2015-02-14,Chas Skelly,Jim Alers,Chas Skelly,KO/TKO,
2015-02-14,James Moontasri,Cody Pfister,James Moontasri,SUB,
2015-02-14,Michel Prazeres,Kevin Lee,Kevin Lee,DEC,
2015-02-14,Neil Magny,Kiichi Kunimoto,Neil Magny,SUB,
2015-02-14,Max Holloway,Cole Miller,Max Holloway,DEC,
2015-02-14,Daniel Kelly,Patrick Walsh,Daniel Kelly,DEC,
2015-02-14,Zach Makovsky,Tim Elliott,Zach Makovsky,DEC,
2015-02-14,Efrain Escudero,Rodrigo de Lima,Efrain Escudero,DEC,
2015-02-14,Benson Henderson,Brandon Thatch,Benson Henderson,SUB,
2015-02-14,Ray Borg,Chris Kelades,Ray Borg,SUB,
2015-02-21,Mateusz Gamrot,Rodrigo Cavalheiro Correia,Mateusz Gamrot,,KSW 30: Genesis
2015-02-21,Joaquin Buckley,Bryant West,Joaquin Buckley,,Shamrock FC: Xtreme Fight Night 2
2015-02-21,Mike Cutting,Nathaniel Wood,Mike Cutting,,BAMMA 18: Duquesnoy vs. Klaczek
2015-02-21,Alexander Volkov,Alexei Kudin,Alexander Volkov,,UMMAP: Union MMA Pro
2015-02-22,Ivan Jorge,Josh Shockley,Ivan Jorge,DEC,
2015-02-22,Antonio Silva,Frank Mir,Frank Mir,KO/TKO,
2015-02-22,Santiago Ponzinibbio,Sean Strickland,Santiago Ponzinibbio,DEC,
2015-02-22,Cezar Ferreira,Sam Alvey,Sam Alvey,KO/TKO,
2015-02-22,William Macario,Matt Dwyer,Matt Dwyer,KO/TKO,
2015-02-22,Iuri Alcantara,Frankie Saenz,Frankie Saenz,DEC,
2015-02-22,Jessica Andrade,Marion Reneau,Marion Reneau,SUB,
2015-02-22,Rustam Khabilov,Adriano Martins,Adriano Martins,DEC,
2015-02-22,Douglas Silva de Andrade,Cody Gibson,Douglas Silva de Andrade,DEC,
2015-02-22,Tiago dos Santos e Silva,Mike de la Torre,Mike de la Torre,KO/TKO,
2015-02-22,Edson Barboza,Michael Johnson,Michael Johnson,DEC,
2015-02-27,Jamie Moyle,JJ Aldrich,Jamie Moyle,,Invicta FC 11: Cyborg vs. Tweet
2015-02-27,Alexa Grasso,Mizuki,Alexa Grasso,,Invicta FC 11: Cyborg vs. Tweet
2015-02-28,Raquel Pennington,Holly Holm,Holly Holm,DEC,
2015-02-28,Ronda Rousey,Cat Zingano,Ronda Rousey,SUB,
2015-02-28,Billy Quarantillo,Khama Worthy,Billy Quarantillo,,Glory Fights: Strike Off 4
2015-02-28,Jake Ellenberger,Josh Koscheck,Jake Ellenberger,SUB,
2015-02-28,Derrick Lewis,Ruan Potts,Derrick Lewis,KO/TKO,
2015-02-28,Alan Jouban,Richard Walsh,Alan Jouban,KO/TKO,
2015-02-28,Masio Fullen,Alex Torres,Masio Fullen,DEC,
2015-02-28,James Krause,Valmir Lazaro,Valmir Lazaro,DEC,
2015-02-28,Petr Yan,Renato Velame,Petr Yan,,ACB 14: Grand Prix 2015
2015-02-28,Dhiego Lima,Tim Means,Tim Means,KO/TKO,
2015-02-28,Mark Munoz,Roan Carneiro,Roan Carneiro,SUB,
2015-02-28,Tony Ferguson,Gleison Tibau,Tony Ferguson,SUB,
2015-02-28,Joseph Morales,Roque Reyes,Joseph Morales,,WFC 13: Huckaba vs. Mitchell
2015-03-07,Grant Dawson,Adam Rider,Grant Dawson,,Shamrock FC: Heavy Artillery
2015-03-07,Joel Álvarez,Jose Luis Bravo,Joel Álvarez,,MMA Espana: Desafio Burgos Profight 2015
2015-03-07,Drakkar Klose,Preston Harris,Drakkar Klose,,RITC: Rage in the Cage 176
2015-03-14,Carla Esparza,Joanna Jedrzejczyk,Joanna Jedrzejczyk,KO/TKO,
2015-03-14,Sergio Pettis,Ryan Benoit,Ryan Benoit,KO/TKO,
2015-03-14,Anthony Pettis,Rafael Dos Anjos,Rafael Dos Anjos,DEC,
2015-03-14,Jake Lindsey,Joe Duffy,Joe Duffy,KO/TKO,
2015-03-14,Larissa Pacheco,Germaine de Randamie,Germaine de Randamie,KO/TKO,
2015-03-14,Johny Hendricks,Matt Brown,Johny Hendricks,DEC,
2015-03-14,Daron Cruickshank,Beneil Dariush,Beneil Dariush,SUB,
2015-03-14,Roy Nelson,Alistair Overeem,Alistair Overeem,DEC,
2015-03-14,Jared Rosholt,Josh Copeland,Jared Rosholt,KO/TKO,
2015-03-14,Ross Pearson,Sam Stout,Ross Pearson,KO/TKO,
2015-03-14,Nasrat Haqparast,Patrick Schwellnus,Nasrat Haqparast,,WLMMA: We Love MMA 13
2015-03-14,Elias Theodorou,Roger Narvaez,Elias Theodorou,KO/TKO,
2015-03-14,Chris Cariaso,Henry Cejudo,Henry Cejudo,DEC,
2015-03-15,Nursulton Ruziboev,Rakhmanberdi Tologon,Nursulton Ruziboev,,WEF: World Ertaymash Federation 2
2015-03-20,Tim Hague,Tanner Boser,Tim Hague,,Unified: MMA 22
2015-03-20,Dan Ige,Spencer Higa,Dan Ige,,SEC: Star Elite Cage Fighting
2015-03-21,Djorden Santos,Bruno Fernandes,Djorden Santos,,Full House: Battle Home 9
2015-03-21,Ricky Simon,Paul Njoku,Ricky Simon,,KOTC: Warrior's Spirit
2015-03-21,Amanda Nunes,Shayna Baszler,Amanda Nunes,KO/TKO,
2015-03-21,Chris Padilla,George Hernandez,Chris Padilla,,Xplode Fight Series: Taco
2015-03-21,Godofredo Pepey,Andre Fili,Godofredo Pepey,SUB,
2015-03-21,Anthony Hernandez,Kenny Ento,Anthony Hernandez,,Global Knockout 3
2015-03-21,Erick Silva,Josh Koscheck,Erick Silva,SUB,
2015-03-21,Demian Maia,Ryan LaFlare,Demian Maia,DEC,
2015-03-21,Leonardo Mafra,Cain Carrizosa,Leonardo Mafra,DEC,
2015-03-21,Bentley Syler,Fredy Serrano,Fredy Serrano,KO/TKO,
2015-03-21,Gilbert Burns,Alex Oliveira,Gilbert Burns,SUB,
2015-03-21,Leonardo Santos,Anthony Rocco Martin,Leonardo Santos,SUB,
2015-03-21,Francisco Trinaldo,Akbarh Arreola,Francisco Trinaldo,DEC,
2015-03-21,Joel Álvarez,Graham Turner,Joel Álvarez,,Fightstar Promotions: Rage in the Cage 3
2015-03-21,Edimilson Souza,Katsunori Kikuno,Edimilson Souza,KO/TKO,
2015-03-21,Jorge de Oliveira,Christos Giagos,Christos Giagos,SUB,
2015-03-21,Joaquin Buckley,Kalel Robinson,Joaquin Buckley,,Shamrock FC: Showdown
2015-03-21,Robert Bryczek,Mateusz Rycak,Robert Bryczek,,ICW 2 / PLMMA 52 - Bytom
2015-03-28,Christian Skorzik,Dustin Stoltzfus,Christian Skorzik,,Fair FC 3: Fair Fighting Championship 3
2015-04-03,Dominick Reyes,Jessie Glass,Dominick Reyes,,Gladiator Challenge: Barnes vs. Mohika
2015-04-04,Gray Maynard,Alexander Yakovlev,Alexander Yakovlev,DEC,
2015-04-04,Jorge Masvidal,Al Iaquinta,Al Iaquinta,DEC,
2015-04-04,Ron Stallings,Justin Jones,Ron Stallings,DEC,
2015-04-04,Chad Mendes,Ricardo Lamas,Chad Mendes,KO/TKO,
2015-04-04,Dustin Poirier,Diego Ferreira,Dustin Poirier,KO/TKO,
2015-04-04,Liz Carmouche,Lauren Murphy,Liz Carmouche,DEC,
2015-04-04,Michael Chiesa,Mitch Clarke,Michael Chiesa,DEC,
2015-04-04,Shamil Abdurakhimov,Timothy Johnson,Timothy Johnson,KO/TKO,
2015-04-04,Altynbek Bazhimov,Alatengheili,Altynbek Bazhimov,,Kunlun Fight: Cage Series 2
2015-04-04,Grant Dawson,James Smith,Grant Dawson,,VFC: Victory Fighting Championship 45
2015-04-04,Julianna Pena,Milana Dudieva,Julianna Pena,KO/TKO,
2015-04-04,Majdeddine Ayadi,Morgan Charrière,Majdeddine Ayadi,,100% Fight: Contenders 26
2015-04-04,Clay Guida,Robert Peralta,Clay Guida,DEC,
2015-04-10,Curtis Blaydes,Allen Crowder,Curtis Blaydes,,RDMMA: Battle in the South 10
2015-04-10,Ali Abdulkhalikov,Joel Álvarez,Ali Abdulkhalikov,,M-1 Global: M-1 Challenge 56
2015-04-10,Tony Johnson Jr.,Alexander Volkov,Tony Johnson Jr.,,Bellator 136: Brooks vs. Jansen
2015-04-11,Joanne Wood,Maryna Moroz,Maryna Moroz,SUB,
2015-04-11,Damian Stasiak,Yaotzin Meza,Yaotzin Meza,DEC,
2015-04-11,Marcin Bandel,Stevie Ray,Stevie Ray,KO/TKO,
2015-04-11,Gabriel Gonzaga,Mirko Filipovic,Mirko Filipovic,KO/TKO,
2015-04-11,Bartosz Fabinski,Garreth McLellan,Bartosz Fabinski,DEC,
2015-04-11,Sergio Moraes,Mickael Lebout,Sergio Moraes,DEC,
2015-04-11,Bruno Lopes,Jose Diaz,Bruno Lopes,,
2015-04-11,Taylor Lapilus,Rocky Lee,Taylor Lapilus,DEC,
2015-04-11,Seth Baczynski,Leon Edwards,Leon Edwards,KO/TKO,
2015-04-11,Jimi Manuwa,Jan Blachowicz,Jimi Manuwa,DEC,
2015-04-11,Ismail Naurdiev,Adnan Hadzic,Ismail Naurdiev,,FNL: Fight Night Leonding
2015-04-11,Daniel Omielanczuk,Anthony Hamilton,Anthony Hamilton,DEC,
2015-04-11,Pawel Pawlak,Sheldon Westcott,Pawel Pawlak,DEC,
2015-04-11,Izabela Badurek,Aleksandra Albu,Aleksandra Albu,SUB,
2015-04-12,Jingnan Xiong,Marina Lvova,Jingnan Xiong,,
2015-04-18,Eddie Gordon,Chris Dempsey,Chris Dempsey,DEC,
2015-04-18,Song Yadong,Rae Yoon Ok,Song Yadong,,WBK: Event 3
2015-04-18,Corey Anderson,Gian Villante,Gian Villante,KO/TKO,
2015-04-18,Diego Brandao,Jimy Hettes,Diego Brandao,KO/TKO,
2015-04-18,Ovince Saint Preux,Patrick Cummins,Ovince Saint Preux,KO/TKO,
2015-04-18,Jim Miller,Beneil Dariush,Beneil Dariush,DEC,
2015-04-18,Cub Swanson,Max Holloway,Max Holloway,SUB,
2015-04-18,Abus Magomedov,Donovan Panayiotis,Abus Magomedov,,German MMA Championship 6
2015-04-18,Felice Herrig,Paige VanZant,Paige VanZant,DEC,
2015-04-18,George Sullivan,Tim Means,Tim Means,SUB,
2015-04-18,Lyoto Machida,Luke Rockhold,Luke Rockhold,SUB,
2015-04-18,Muslim Salikhov,Gele Qing,Muslim Salikhov,,CKF World Federation: Zhong Wu Ultimate Fighting
2015-04-18,Jacare Souza,Chris Camozzi,Jacare Souza,SUB,
2015-04-18,Takeya Mizugaki,Aljamain Sterling,Aljamain Sterling,SUB,
2015-04-24,Renato Rangel,Gregory Rodrigues,Renato Rangel,,FTF 11: Borrachinha vs. Wagnao
2015-04-25,Jessica Rakoczy,Valerie Letourneau,Valerie Letourneau,DEC,
2015-04-25,Demetrious Johnson,Kyoji Horiguchi,Demetrious Johnson,SUB,
2015-04-25,Olivier Aubin-Mercier,David Michaud,Olivier Aubin-Mercier,SUB,
2015-04-25,Chad Laprise,Bryan Barberena,Chad Laprise,DEC,
2015-04-25,Alexis Davis,Sarah Kaufman,Alexis Davis,SUB,
2015-04-25,Michael Bisping,CB Dollaway,Michael Bisping,DEC,
2015-04-25,Nordine Taleb,Chris Clements,Nordine Taleb,DEC,
2015-04-25,John Makdessi,Shane Campbell,John Makdessi,KO/TKO,
2015-04-25,Patrick Cote,Joe Riggs,Patrick Cote,DEC,
2015-04-25,Yves Jabouin,Thomas Almeida,Thomas Almeida,KO/TKO,
2015-04-25,Randa Markos,Aisling Daly,Randa Markos,DEC,
2015-04-25,Quinton Jackson,Fabio Maldonado,Quinton Jackson,DEC,
2015-04-26,Jingnan Xiong,Victoria Godumchuk,Jingnan Xiong,,
2015-05-02,Nursulton Ruziboev,Islam Yashaev,Nursulton Ruziboev,,ACB 17: Grand Prix Berkut 2015 Stage 4
2015-05-02,Modestas Bukauskas,Arvydas Juska,Modestas Bukauskas,,UCMMA 43: Ultimate Challenge MMA 43
2015-05-02,Eduardo Chapolin,Kelvin Redriano,Eduardo Chapolin,,
2015-05-07,Chidi Njokuani,Max Griffin,Chidi Njokuani,,TPF 23: Cinco de Mayhem
2015-05-07,Jamall Emmers,Merwyn Rivera,Jamall Emmers,,TPF 23: Cinco de Mayhem
2015-05-08,Alexandre Pantoja,Damacio Page,Alexandre Pantoja,,RFA vs. Legacy FC
2015-05-09,Vik Grujic,Brendan O'Reilly,Brendan O'Reilly,DEC,
2015-05-09,Brad Tavares,Robert Whittaker,Robert Whittaker,KO/TKO,
2015-05-09,Alptekin Ozkilic,Ben Nguyen,Ben Nguyen,KO/TKO,
2015-05-09,Hatsu Hioki,Dan Hooker,Dan Hooker,KO/TKO,
2015-05-09,Katlyn Cerminara,Linn Wennergren,Katlyn Cerminara,,PMMAL: Hungarian Fight Championship 9
2015-05-09,Bec Rawlings,Lisa Ellis,Bec Rawlings,SUB,
2015-05-09,Kyle Noke,Jonavin Webb,Kyle Noke,DEC,
2015-05-09,Stipe Miocic,Mark Hunt,Stipe Miocic,KO/TKO,
2015-05-09,Jake Matthews,James Vick,James Vick,SUB,
2015-05-09,Alex Chambers,Kailin Curran,Alex Chambers,SUB,
2015-05-09,Daniel Kelly,Sam Alvey,Sam Alvey,KO/TKO,
2015-05-09,Sean Brady,Jake Gombocz,Sean Brady,,CFFC 48: Good vs. Burrell
2015-05-09,Anthony Perosh,Sean O'Connell,Sean O'Connell,KO/TKO,
2015-05-09,Katlyn Cerminara,Melinda Fabian,Katlyn Cerminara,,PMMAL: Hungarian Fight Championship 9
2015-05-09,Amanda Lemos,Debora Dias Nascimento,Amanda Lemos,,
2015-05-09,Ryan Spann,Dwight Gipson,Ryan Spann,,Vengeance Fighting Alliance: Round 5
2015-05-09,Grant Dawson,Chris McDaniel,Grant Dawson,,RTP/Shofight: Branson Brawl
2015-05-09,Dylan Andrews,Brad Scott,Brad Scott,SUB,
2015-05-16,Ismail Naurdiev,Mikko Ahmala,Ismail Naurdiev,,Cage: Cage 30
2015-05-16,Frankie Edgar,Urijah Faber,Frankie Edgar,DEC,
2015-05-16,John Castaneda,Pedro Velasco,John Castaneda,,KOTC: Total Dominance
2015-05-16,Nolan Ticman,Yao Zhikui,Yao Zhikui,DEC,
2015-05-16,Phillipe Nover,Yui Chul Nam,Phillipe Nover,DEC,
2015-05-16,Gegard Mousasi,Constantinos Philippou,Gegard Mousasi,DEC,
2015-05-16,Guangyou Ning,Royston Wee,Guangyou Ning,KO/TKO,
2015-05-16,Li Jingliang,Dhiego Lima,Li Jingliang,KO/TKO,
2015-05-16,Mark Eddiva,Levan Makashvili,Levan Makashvili,DEC,
2015-05-16,Zhang Lipeng,Kajan Johnson,Kajan Johnson,DEC,
2015-05-16,Tae Hyun Bang,Jon Tuck,Jon Tuck,SUB,
2015-05-16,Roldan Sangcha'an,Jon Delos Reyes,Jon Delos Reyes,SUB,
2015-05-16,Hyun Gyu Lim,Neil Magny,Neil Magny,KO/TKO,
2015-05-16,Mark Munoz,Luke Barnatt,Mark Munoz,DEC,
2015-05-17,Kai Asakura,Satoru Date,Kai Asakura,,Rings: The Outsider 35
2015-05-22,Alatengheili,Stephen Langdown,Alatengheili,,ONE Championship 27: Warrior's Quest
2015-05-23,Dong Hyun Kim,Joshua Burkman,Dong Hyun Kim,SUB,
2015-05-23,Joseph Benavidez,John Moraga,Joseph Benavidez,DEC,
2015-05-23,Travis Browne,Andrei Arlovski,Andrei Arlovski,KO/TKO,
2015-05-23,Anthony Johnson,Daniel Cormier,Daniel Cormier,SUB,
2015-05-23,Islam Makhachev,Leo Kuntz,Islam Makhachev,SUB,
2015-05-23,Justin Scoggins,Josh Sampo,Justin Scoggins,DEC,
2015-05-23,Mike Pyle,Colby Covington,Colby Covington,DEC,
2015-05-23,Chris Weidman,Vitor Belfort,Chris Weidman,KO/TKO,
2015-05-23,Donald Cerrone,John Makdessi,Donald Cerrone,KO/TKO,
2015-05-23,John Dodson,Zach Makovsky,John Dodson,DEC,
2015-05-23,Uriah Hall,Rafael Natal,Rafael Natal,DEC,
2015-05-28,Johnny Walker,Andrew Flores Smith,Johnny Walker,,Peru FC: Peru Fighting Championship 21
2015-05-29,Marvin Vettori,Giorgio Pietrini,Marvin Vettori,,Venator FC: Guerrieri Italiani Semifinals
2015-05-30,Marvin Vettori,Daniele Scatizzi,Marvin Vettori,,Venator FC: Guerrieri Italiani Finals
2015-05-30,Francisco Trinaldo,Norman Parke,Francisco Trinaldo,DEC,
2015-05-30,Francimar Barroso,Ryan Jimmo,Francimar Barroso,DEC,
2015-05-30,KJ Noons,Alex Oliveira,Alex Oliveira,SUB,
2015-05-30,Wendell Oliveira Marques,Darren Till,Darren Till,KO/TKO,
2015-05-30,Joseph Morales,Benji Gomez,Joseph Morales,,WFC 14: Berkovic vs. Bailey
2015-05-30,Elizeu Zaleski dos Santos,Nicolas Dalby,Nicolas Dalby,DEC,
2015-05-30,Carlos Condit,Thiago Alves,Carlos Condit,KO/TKO,
2015-05-30,Luiz Dutra,Tom Breese,Tom Breese,KO/TKO,
2015-05-30,Petr Yan,Haron Orzumiev,Petr Yan,,ACB 19: Baltic Challenge
2015-05-30,Juliana Lima,Ericka Almeida,Juliana Lima,DEC,
2015-05-30,Nik Lentz,Charles Oliveira,Charles Oliveira,SUB,
2015-05-30,Lucas Martins,Mirsad Bektic,Mirsad Bektic,KO/TKO,
2015-05-30,Jussier Formiga,Wilson Reis,Jussier Formiga,DEC,
2015-06-05,Azamat Murzakanov,Alec Hooben,Azamat Murzakanov,,ROC 51: Ring of Combat 51
2015-06-05,Nam Jin Jo,Alatengheili,Nam Jin Jo,,WBK 4: Battle of Kings
2015-06-05,Abus Magomedov,Josip Artukovic,Abus Magomedov,,Tempel Fight School: Mix Fight Gala 18
2015-06-06,Movsar Evloev,Lu Zhenhong,Movsar Evloev,,M-1 Challenge 58: Battle in the Mountains 4
2015-06-06,Shawn Jordan,Derrick Lewis,Shawn Jordan,KO/TKO,
2015-06-06,Brian Ebersole,Omari Akhmedov,Omari Akhmedov,KO/TKO,
2015-06-06,Marc-Andre Barriault,James Kouame,Marc-Andre Barriault,,LAMMQ: Quebec Mixed Martial Arts League 4
2015-06-06,Gilbert Urbina,Anthony Tatum,Gilbert Urbina,,Hero FC: Best of the Best 5
2015-06-06,Chris Wade,Christos Giagos,Chris Wade,DEC,
2015-06-06,Dustin Poirier,Yancy Medeiros,Dustin Poirier,KO/TKO,
2015-06-06,Joe Soto,Anthony Birchak,Anthony Birchak,KO/TKO,
2015-06-06,Jose Quinonez,Leonardo Morales,Jose Quinonez,SUB,
2015-06-06,Francisco Rivera,Alex Caceres,Francisco Rivera,KO/TKO,
2015-06-06,Tim Boetsch,Dan Henderson,Dan Henderson,KO/TKO,
2015-06-06,Colleen Schneider,Jingnan Xiong,Colleen Schneider,,
2015-06-06,Thiago Tavares,Brian Ortega,Brian Ortega,KO/TKO,
2015-06-06,Joe Proctor,Justin Edwards,Joe Proctor,SUB,
2015-06-06,Ben Rothwell,Matt Mitrione,Ben Rothwell,SUB,
2015-06-06,Ricardo Abreu,Jake Collier,Jake Collier,DEC,
2015-06-06,Drakkar Klose,Gabe Rodriguez,Drakkar Klose,,RITC: Rage in the Cage 178
2015-06-12,Joel Álvarez,Carlos Villar,Joel Álvarez,,MMA Espana: Bandog Challenge 3
2015-06-12,Tanner Boser,Jared Henderson,Tanner Boser,,KOTC - Mach 3
2015-06-13,Nate Landwehr,Anthony Jones,Nate Landwehr,,State Line Promotions: BMF Invitational 6
2015-06-13,Gilbert Melendez,Eddie Alvarez,Eddie Alvarez,DEC,
2015-06-13,Francisco Trevino,Johnny Case,Johnny Case,DEC,
2015-06-13,Cain Velasquez,Fabricio Werdum,Fabricio Werdum,SUB,
2015-06-13,Gabriel Benitez,Clay Collard,Gabriel Benitez,DEC,
2015-06-13,Alejandro Perez,Patrick Williams,Patrick Williams,SUB,
2015-06-13,Johnny Walker,Ricardo Pandora,Johnny Walker,,Imortal FC 1: The Invasion
2015-06-13,Kelvin Gastelum,Nate Marquardt,Kelvin Gastelum,KO/TKO,
2015-06-13,Efrain Escudero,Drew Dober,Efrain Escudero,SUB,
2015-06-13,Augusto Montano,Cathal Pendred,Cathal Pendred,DEC,
2015-06-13,Tecia Pennington,Angela Hill,Tecia Pennington,DEC,
2015-06-13,Yair Rodriguez,Charles Rosa,Yair Rodriguez,DEC,
2015-06-13,Henry Cejudo,Chico Camus,Henry Cejudo,DEC,
2015-06-14,Alexander Volkanovski,James Bishop,Alexander Volkanovski,,AFC 13: Australian Fighting Championship 13
2015-06-14,Ozzy Diaz,Leon Klee,Ozzy Diaz,,KOTC: Sanctioned
2015-06-14,Joanderson Brito,Marcio de Oliveira,Joanderson Brito,,GDFC - Guerreiros da Fe Combat
2015-06-19,Anvar Chergesov,Nursulton Ruziboev,Anvar Chergesov,,Seven Fight Promotion: Seven Fight 2015
2015-06-19,Patricio Pitbull,Daniel Weichel,Patricio Pitbull,,Bellator 138: Unfinished Business
2015-06-19,Robert Bryczek,Lukasz Witos,Robert Bryczek,,PLMMA 56: Bielsko-Biala
2015-06-20,Joanna Jedrzejczyk,Jessica Penne,Joanna Jedrzejczyk,KO/TKO,
2015-06-20,Jean Loua,Morgan Charrière,Jean Loua,,100% Fight: Contenders 29
2015-06-20,Niklas Backstrom,Noad Lahat,Noad Lahat,DEC,
2015-06-20,Piotr Hallmann,Magomed Mustafaev,Magomed Mustafaev,KO/TKO,
2015-06-20,Makwan Amirkhani,Masio Fullen,Makwan Amirkhani,SUB,
2015-06-20,Salahdine Parnasse,Jordan Berger,Salahdine Parnasse,,100% Fight: Contenders 29
2015-06-20,Bruno Lopes,Matias Genes,Bruno Lopes,,
2015-06-20,Mairbek Taisumov,Alan Patrick,Mairbek Taisumov,KO/TKO,
2015-06-20,Nick Hein,Lukasz Sajewski,Nick Hein,DEC,
2015-06-20,Alan Omer,Arnold Allen,Arnold Allen,SUB,
2015-06-20,Dennis Siver,Tatsuya Kawajiri,Tatsuya Kawajiri,DEC,
2015-06-20,Peter Sobotta,Steve Kennedy,Peter Sobotta,SUB,
2015-06-20,Taylor Lapilus,Yuta Sasaki,Taylor Lapilus,KO/TKO,
2015-06-20,Scott Askham,Antonio Dos Santos,Scott Askham,KO/TKO,
2015-06-26,Ryan Spann,Larry Crowe,Ryan Spann,,LFC 42: Legacy Fighting Championship 42
2015-06-26,Cheick Kongo,Alexander Volkov,Cheick Kongo,,Bellator 139: Kongo vs. Volkov
2015-06-27,Leandro Silva,Lewis Gonzalez,Leandro Silva,DEC,
2015-06-27,Danny Martinez,Sirwan Kakai,Sirwan Kakai,DEC,
2015-06-27,Santiago Ponzinibbio,Lorenz Larkin,Lorenz Larkin,KO/TKO,
2015-06-27,Gianni Vazquez,Jordan Beltran,Gianni Vazquez,,JFL: Jasaji Fighting League 8
2015-06-27,Thiago Santos,Steve Bosse,Thiago Santos,KO/TKO,
2015-06-27,Lyoto Machida,Yoel Romero,Yoel Romero,KO/TKO,
2015-06-27,Hacran Dias,Levan Makashvili,Hacran Dias,DEC,
2015-06-27,Alex Oliveira,Joe Merritt,Alex Oliveira,DEC,
2015-06-27,Steve Montgomery,Tony Sims,Tony Sims,KO/TKO,
2015-06-27,Antonio Carlos Junior,Eddie Gordon,Antonio Carlos Junior,SUB,
2015-06-28,Johnny Walker,Marck Polimeno,Johnny Walker,,PRVT: Afonso Pena Top Fight 3
2015-07-04,Dustin Stoltzfus,Arda Adas,Dustin Stoltzfus,,WLMMA: We Love MMA 15
2015-07-04,Christian Nkongo,Morgan Charrière,Christian Nkongo,,100% Fight 25: Ten Years
2015-07-11,Cody Garbrandt,Henry Briones,Cody Garbrandt,DEC,
2015-07-11,Dennis Bermudez,Jeremy Stephens,Jeremy Stephens,KO/TKO,
2015-07-11,Cathal Pendred,John Howard,John Howard,DEC,
2015-07-11,Yosdenis Cedeno,Cody Pfister,Cody Pfister,DEC,
2015-07-11,Chad Mendes,Conor McGregor,Conor McGregor,KO/TKO,
2015-07-11,Neil Seery,Louis Smolka,Louis Smolka,DEC,
2015-07-11,Brad Pickett,Thomas Almeida,Thomas Almeida,KO/TKO,
2015-07-11,Gunnar Nelson,Brandon Thatch,Gunnar Nelson,SUB,
2015-07-11,Robbie Lawler,Rory MacDonald,Robbie Lawler,KO/TKO,
2015-07-11,Mike Swick,Alex Garcia,Alex Garcia,DEC,
2015-07-11,Matt Brown,Tim Means,Matt Brown,SUB,
2015-07-12,Josh Samman,Caio Magalhaes,Josh Samman,SUB,
2015-07-12,Dan Miller,Trevor Smith,Trevor Smith,DEC,
2015-07-12,Kamaru Usman,Hayder Hassan,Kamaru Usman,SUB,
2015-07-12,Darrell Montague,Willie Gates,Willie Gates,KO/TKO,
2015-07-12,Maximo Blanco,Mike de la Torre,Maximo Blanco,KO/TKO,
2015-07-12,Russell Doane,Jerrod Sanders,Jerrod Sanders,DEC,
2015-07-12,Michael Graves,Vicente Luque,Michael Graves,DEC,
2015-07-12,George Sullivan,Dominic Waters,George Sullivan,DEC,
2015-07-12,Jorge Masvidal,Cezar Ferreira,Jorge Masvidal,KO/TKO,
2015-07-12,Jake Ellenberger,Stephen Thompson,Stephen Thompson,KO/TKO,
2015-07-12,Angela Magana,Michelle Waterson-Gomez,Michelle Waterson-Gomez,SUB,
2015-07-15,Kevin Lee,James Moontasri,Kevin Lee,SUB,
2015-07-15,Rani Yahya,Masanori Kanehara,Rani Yahya,DEC,
2015-07-15,Josh Thomson,Tony Ferguson,Tony Ferguson,DEC,
2015-07-15,Andrew Craig,Lyman Good,Lyman Good,KO/TKO,
2015-07-15,Igor Araujo,Sean Strickland,Sean Strickland,DEC,
2015-07-15,Sam Sicilia,Yaotzin Meza,Sam Sicilia,DEC,
2015-07-15,Alan Jouban,Matt Dwyer,Alan Jouban,DEC,
2015-07-15,Holly Holm,Marion Reneau,Holly Holm,DEC,
2015-07-15,Kevin Casey,Ildemar Alcantara,Kevin Casey,DEC,
2015-07-15,Frank Mir,Todd Duffee,Frank Mir,KO/TKO,
2015-07-15,Jessica Andrade,Sarah Moras,Jessica Andrade,DEC,
2015-07-15,Scott Jorgensen,Manvel Gamburyan,Manvel Gamburyan,DEC,
2015-07-17,Michael Page,Rudy Bears,Michael Page,,Bellator 140: Lima vs. Koreshkov
2015-07-18,Michael Bisping,Thales Leites,Michael Bisping,DEC,
2015-07-18,Robert Whiteford,Paul Redmond,Robert Whiteford,KO/TKO,
2015-07-18,Ilir Latifi,Hans Stringer,Ilir Latifi,KO/TKO,
2015-07-18,Paddy Holohan,Vaughan Lee,Paddy Holohan,DEC,
2015-07-18,Leon Edwards,Pawel Pawlak,Leon Edwards,DEC,
2015-07-18,Tim Elliott,Iliarde Santos,Tim Elliott,,Titan FC 34: Healy vs. Edwards
2015-07-18,Rafa Garcia,Mike Sandoval,Rafa Garcia,,WCF: Warrior Championship Fighting 6
2015-07-18,Marcus Brimage,Jimmie Rivera,Jimmie Rivera,KO/TKO,
2015-07-18,Mickael Lebout,Teemu Packalen,Mickael Lebout,DEC,
2015-07-18,Ross Pearson,Evan Dunham,Evan Dunham,DEC,
2015-07-18,Daniel Omielanczuk,Chris de la Rocha,Daniel Omielanczuk,KO/TKO,
2015-07-18,Stevie Ray,Leonardo Mafra,Stevie Ray,KO/TKO,
2015-07-18,Joanne Wood,Cortney Casey,Joanne Wood,DEC,
2015-07-18,Muslim Salikhov,Tsuyoshi Yamashita,Muslim Salikhov,,W.I.N. FC: W.I.N. Fighting Championship
2015-07-18,Joe Duffy,Ivan Jorge,Joe Duffy,SUB,
2015-07-19,Kai Asakura,Keigo Takayama,Kai Asakura,,Rings: The Outsider 36
2015-07-25,Brandon Moreno,Tyler Bialecki,Brandon Moreno,,WFF: World Fighting Federation 22
2015-07-25,Gian Villante,Tom Lawlor,Tom Lawlor,KO/TKO,
2015-07-25,Jim Miller,Danny Castillo,Jim Miller,DEC,
2015-07-25,Joe Lauzon,Takanori Gomi,Joe Lauzon,KO/TKO,
2015-07-25,Kenny Robertson,Ben Saunders,Ben Saunders,DEC,
2015-07-25,Yan Xiaonan,Dolores Meek,Yan Xiaonan,,URCC 26: Domination
2015-07-25,Miesha Tate,Jessica Eye,Miesha Tate,DEC,
2015-07-25,Ramsey Nijem,Andrew Holbrook,Andrew Holbrook,DEC,
2015-07-25,Jessamyn Duke,Elizabeth Phillips,Elizabeth Phillips,DEC,
2015-07-25,Daron Cruickshank,James Krause,James Krause,SUB,
2015-07-25,Edson Barboza,Paul Felder,Edson Barboza,DEC,
2015-07-25,TJ Dillashaw,Renan Barao,TJ Dillashaw,KO/TKO,
2015-07-25,Zak Cummings,Dominique Steele,Zak Cummings,KO/TKO,
2015-07-25,Giovanni Moljo,Song Yadong,Giovanni Moljo,,M-1 Global: Way to M-1 China
2015-07-25,Joaquin Buckley,Stacy Bacon,Joaquin Buckley,,Shamrock FC: Throwdown
2015-07-25,Eddie Wineland,Bryan Caraway,Bryan Caraway,DEC,
2015-08-01,Reginaldo Vieira,Dileno Lopes,Reginaldo Vieira,DEC,
2015-08-01,Stefan Struve,Antonio Rodrigo Nogueira,Stefan Struve,DEC,
2015-08-01,Rafa Garcia,Antonio Barajas,Rafa Garcia,,Fight For Glory 2
2015-08-01,Warlley Alves,Nordine Taleb,Warlley Alves,SUB,
2015-08-01,Antonio Silva,Soa Palelei,Antonio Silva,KO/TKO,
2015-08-01,Ronda Rousey,Bethe Correia,Ronda Rousey,KO/TKO,
2015-08-01,Rafael Cavalcante,Patrick Cummins,Patrick Cummins,KO/TKO,
2015-08-01,Glaico Franca Moreira,Fernando Bruno,Glaico Franca Moreira,SUB,
2015-08-01,Demian Maia,Neil Magny,Demian Maia,SUB,
2015-08-01,Vitor Miranda,Clint Hester,Vitor Miranda,KO/TKO,
2015-08-01,Mauricio Rua,Rogerio Nogueira,Mauricio Rua,DEC,
2015-08-01,Hugo Viana,Guido Cannetti,Guido Cannetti,DEC,
2015-08-01,Iuri Alcantara,Leandro Issa,Iuri Alcantara,DEC,
2015-08-01,Claudia Gadelha,Jessica Aguilar,Claudia Gadelha,DEC,
2015-08-06,Ricky Simon,Jeremiah Labiano,Ricky Simon,,TPF 24: Velasco vs. San Diego
2015-08-06,Alex Perez,Martin Sandoval,Alex Perez,,TPF 24: Velasco vs. San Diego
2015-08-08,Michael Johnson,Beneil Dariush,Beneil Dariush,DEC,
2015-08-08,Jared Rosholt,Timothy Johnson,Jared Rosholt,DEC,
2015-08-08,Marlon Vera,Roman Salazar,Marlon Vera,SUB,
2015-08-08,Anthony Christodoulou,Scott Holtzman,Scott Holtzman,SUB,
2015-08-08,Chris Dempsey,Jonathan Wilson,Jonathan Wilson,KO/TKO,
2015-08-08,Ray Borg,Geane Herrera,Ray Borg,DEC,
2015-08-08,Glover Teixeira,Ovince Saint Preux,Glover Teixeira,SUB,
2015-08-08,Derek Brunson,Sam Alvey,Derek Brunson,KO/TKO,
2015-08-08,Frankie Saenz,Sirwan Kakai,Frankie Saenz,DEC,
2015-08-08,Ivan Luiz,Felipe Lima,Ivan Luiz,,EGF: EnerGym Fight
2015-08-08,Dustin Ortiz,Willie Gates,Dustin Ortiz,KO/TKO,
2015-08-08,Chris Camozzi,Tom Watson,Chris Camozzi,DEC,
2015-08-08,Sara McMann,Amanda Nunes,Amanda Nunes,SUB,
2015-08-08,Uriah Hall,Oluwale Bamgbose,Uriah Hall,KO/TKO,
2015-08-15,Grant Dawson,Danny Tims,Grant Dawson,,Cageside Promotions: Kansas City Fighting Alliance 15
2015-08-15,Grant Dawson,Andrew Carrillo,Grant Dawson,,Cageside Promotions: Kansas City Fighting Alliance 15
2015-08-16,Johnny Walker,Murilo Grittz,Johnny Walker,,PRVT: Garuva Top Fight
2015-08-21,Raoni Barcelos,Ricky Musgrave,Raoni Barcelos,,RFA 29: USA vs. Brazil
2015-08-21,Kauê Fernandes,Luiz Felipe Oliveira,Kauê Fernandes,,
2015-08-22,John Castaneda,Joe Pearson,John Castaneda,,KOTC: Power Surge
2015-08-22,Brendan Allen,Zebulon Stroud,Brendan Allen,,WFC: World Fighting Championships 42
2015-08-22,Drakkar Klose,Alejandro Garcia,Drakkar Klose,,WFF: World Fighting Federation 23
2015-08-23,Neil Magny,Erick Silva,Neil Magny,DEC,
2015-08-23,Marcos Rogerio de Lima,Nikita Krylov,Nikita Krylov,SUB,
2015-08-23,Max Holloway,Charles Oliveira,Max Holloway,KO/TKO,
2015-08-23,Sam Stout,Frankie Perez,Frankie Perez,KO/TKO,
2015-08-23,Patrick Cote,Joshua Burkman,Patrick Cote,KO/TKO,
2015-08-23,Yves Jabouin,Felipe Arantes,Felipe Arantes,SUB,
2015-08-23,Shane Campbell,Elias Silverio,Shane Campbell,DEC,
2015-08-23,Misha Cirkunov,Daniel Jolly,Misha Cirkunov,KO/TKO,
2015-08-23,Maryna Moroz,Valerie Letourneau,Valerie Letourneau,DEC,
2015-08-23,Olivier Aubin-Mercier,Tony Sims,Olivier Aubin-Mercier,DEC,
2015-08-23,Chad Laprise,Francisco Trinaldo,Francisco Trinaldo,KO/TKO,
2015-08-23,Chris Kelades,Chris Beal,Chris Kelades,DEC,
2015-08-29,Justin Willis,Rizvan Kuniev,Justin Willis,,IGF: Inoki Genome Fight 4
2015-08-29,Anthony Hernandez,Preston Snook,Anthony Hernandez,,Global Knockout 4
2015-08-29,Joseph Morales,Gerald Bailey,Joseph Morales,,Global Knockout 4
2015-09-04,Jingnan Xiong,Daria Chibisova,Jingnan Xiong,,
2015-09-05,Demetrious Johnson,John Dodson,Demetrious Johnson,DEC,
2015-09-05,Anthony Johnson,Jimi Manuwa,Anthony Johnson,KO/TKO,
2015-09-05,Jan Blachowicz,Corey Anderson,Corey Anderson,DEC,
2015-09-05,Clay Collard,Tiago dos Santos e Silva,Tiago dos Santos e Silva,DEC,
2015-09-05,Ross Pearson,Paul Felder,Ross Pearson,DEC,
2015-09-05,Francisco Rivera,John Lineker,John Lineker,SUB,
2015-09-05,Andrei Arlovski,Frank Mir,Andrei Arlovski,DEC,
2015-09-05,Joe Riggs,Ron Stallings,Joe Riggs,DQ,
2015-09-05,Joaquim Silva,Nazareno Malegarie,Joaquim Silva,DEC,
2015-09-05,Jessica Andrade,Raquel Pennington,Raquel Pennington,SUB,
2015-09-05,Modestas Bukauskas,Nelson Lima,Modestas Bukauskas,,UCMMA 44: Ultimate Challenge MMA 44
2015-09-05,Paige VanZant,Alex Chambers,Paige VanZant,SUB,
2015-09-06,Kai Asakura,Jung Bin Choi,Kai Asakura,,Rings: The Outsider 37
2015-09-11,Joaquin Buckley,Kyle Kurtz,Joaquin Buckley,,Shamrock FC: Fuel
2015-09-12,JJ Aldrich,Rosa Acevedo,JJ Aldrich,,Invicta FC 14: Evinger vs. Kianzad
2015-09-12,Miles Johns,David Miramontes,Miles Johns,,XKO: Xtreme Knockout 27
2015-09-12,Nathaniel Wood,Thiago Aguiar dos Santos,Nathaniel Wood,,PFN: Phoenix Fight Night 27
2015-09-17,John Castaneda,Justin Governale,John Castaneda,,Combate Americas: Road to the Championship
2015-09-19,Mike Malott,Ousmane Thomas Diagne,,Draw,Bellator 142: Dynamite
2015-09-19,Tim Elliott,Felipe Efrain,Tim Elliott,,Titan FC 35: Healy vs. Hawn
2015-09-19,Ricky Simon,Alex Soto,Ricky Simon,,Titan FC 35: Healy vs. Hawn
2015-09-25,Tanner Boser,Victor Valimaki,Tanner Boser,,Unified MMA 24 - Boser vs. Valimaki
2015-09-25,Arman Tsarukyan,Shamil Olokhanov,Arman Tsarukyan,,MFP: Assault Nights Of Spassk 2015
2015-09-26,Katsunori Kikuno,Diego Brandao,Diego Brandao,KO/TKO,
2015-09-26,Keita Nakamura,Li Jingliang,Keita Nakamura,SUB,
2015-09-26,Gegard Mousasi,Uriah Hall,Uriah Hall,KO/TKO,
2015-09-26,Amanda Lemos,Carol Abdon,Amanda Lemos,,
2015-09-26,Shinsho Anzai,Roger Zapata,Shinsho Anzai,KO/TKO,
2015-09-26,Kyoji Horiguchi,Chico Camus,Kyoji Horiguchi,DEC,
2015-09-26,Nick Hein,Yusuke Kasuya,Nick Hein,DEC,
2015-09-26,Takeya Mizugaki,George Roop,Takeya Mizugaki,DEC,
2015-09-26,Naoyuki Kotani,Kajan Johnson,Kajan Johnson,DEC,
2015-09-26,Josh Barnett,Roy Nelson,Josh Barnett,DEC,
2015-09-28,Alatengheili,Jessie Rafols,Alatengheili,,Kunlun Fight 31: Bangkok Fight Night
2015-10-03,Derrick Lewis,Viktor Pesta,Derrick Lewis,KO/TKO,
2015-10-03,Yair Rodriguez,Dan Hooker,Yair Rodriguez,DEC,
2015-10-03,Daniel Cormier,Alexander Gustafsson,Daniel Cormier,DEC,
2015-10-03,Rose Namajunas,Angela Hill,Rose Namajunas,SUB,
2015-10-03,Alan Jouban,Albert Tumenov,Albert Tumenov,KO/TKO,
2015-10-03,Jessica Eye,Julianna Pena,Julianna Pena,DEC,
2015-10-03,Francisco Trevino,Sage Northcutt,Sage Northcutt,KO/TKO,
2015-10-03,Chris Cariaso,Sergio Pettis,Sergio Pettis,DEC,
2015-10-03,Joseph Benavidez,Ali Bagautinov,Joseph Benavidez,DEC,
2015-10-03,Abus Magomedov,Manuel Garcia,Abus Magomedov,,Merseburger Fight Night 8: MMA Tournament
2015-10-03,Shawn Jordan,Ruslan Magomedov,Ruslan Magomedov,DEC,
2015-10-03,Ryan Bader,Rashad Evans,Ryan Bader,DEC,
2015-10-03,Adriano Martins,Islam Makhachev,Adriano Martins,KO/TKO,
2015-10-04,Serghei Spivac,Dimitriy Mikutsa,Serghei Spivac,,N1 Pro: MMA Nomad
2015-10-10,Reinier de Ridder,Rene Hoppe,Reinier de Ridder,,
2015-10-10,Klidson Abreu,Johnny Walker,Klidson Abreu,,Samurai FC 12: Hearts on Fire
2015-10-10,Nasrat Haqparast,Fabrice Kindombe,Nasrat Haqparast,,WLMMA: We Love MMA 16
2015-10-17,Dominick Reyes,Kelly Gray,Dominick Reyes,,KOTC: Sinister Intentions
2015-10-17,Jonathan Valles,Marc-Andre Barriault,Jonathan Valles,,Hybrid Combat: Hybrid Pro Series 4
2015-10-17,Julien LeBlanc,Montoyia Swilling,Julien LeBlanc,,Hybrid Combat: Hybrid Pro Series 4
2015-10-23,Michael Page,Charlie Ontiveros,Michael Page,,Bellator 144: Halsey vs. Carvalho
2015-10-23,Azamat Murzakanov,Alexey Sidorenko,Azamat Murzakanov,,EFN: Fight Nights Petersburg
2015-10-24,Darren Elkins,Robert Whiteford,Darren Elkins,DEC,
2015-10-24,Mandel Nallo,Jose Rodriguez,Mandel Nallo,,Prestige FC 1: Atonement
2015-10-24,Stevie Ray,Mickael Lebout,Stevie Ray,DEC,
2015-10-24,Norman Parke,Reza Madadi,Norman Parke,DEC,
2015-10-24,Petr Yan,Murad Kalamov,Petr Yan,,ACB 24: Grand Prix Berkut 2015 Final
2015-10-24,Neil Seery,Jon Delos Reyes,Neil Seery,SUB,
2015-10-24,Mark Cherico,Nate Landwehr,Mark Cherico,,GOTC MMA: Glaidators of the Cage 19
2015-10-24,Cathal Pendred,Tom Breese,Tom Breese,KO/TKO,
2015-10-24,Bubba Bush,Garreth McLellan,Garreth McLellan,KO/TKO,
2015-10-24,Aisling Daly,Ericka Almeida,Aisling Daly,DEC,
2015-10-24,Paddy Holohan,Louis Smolka,Louis Smolka,SUB,
2015-10-24,Amanda Lemos,Carolina Cunha,Amanda Lemos,,
2015-10-24,Scott Askham,Krzysztof Jotko,Krzysztof Jotko,DEC,
2015-10-29,Felipe Lima,Tiago Santos,Felipe Lima,,Amazon Talent 3
2015-10-30,Yan Xiaonan,Bayarmaa Munkhgerel,Yan Xiaonan,,WKF: Zhong Wu Fight Night
2015-10-31,Mateusz Gamrot,Marif Piraev,Mateusz Gamrot,,KSW 32: Road to Wembley
2015-10-31,Katlyn Cerminara,Sijara Eubanks,Katlyn Cerminara,,CFFC 52: Horcher vs. Regman
2015-10-31,Salahdine Parnasse,Helder Fernandes,Salahdine Parnasse,,100% Fight: Contenders 30
2015-10-31,Salahdine Parnasse,Mathieu Guinard,Salahdine Parnasse,,100% Fight: Contenders 30
2015-11-06,Aoriqileng,Guoqing Zhong,Aoriqileng,,Chinese Kung Fu Championships: CKF 3
2015-11-06,Daniel Straus,Patricio Pitbull,Daniel Straus,,Bellator 145: Vengeance
2015-11-07,Pedro Munhoz,Jimmie Rivera,Jimmie Rivera,DEC,
2015-11-07,Viscardi Andrade,Gasan Umalatov,Viscardi Andrade,DEC,
2015-11-07,Vitor Belfort,Dan Henderson,Vitor Belfort,KO/TKO,
2015-11-07,Modestas Bukauskas,Kester Mamba,Modestas Bukauskas,,UCMMA 45: Ultimate Challenge MMA 45
2015-11-07,Bruno Korea,Matheus Nicolau,Matheus Nicolau,SUB,
2015-11-07,Clay Guida,Thiago Tavares,Thiago Tavares,SUB,
2015-11-07,Thomas Almeida,Anthony Birchak,Thomas Almeida,KO/TKO,
2015-11-07,Glover Teixeira,Patrick Cummins,Glover Teixeira,KO/TKO,
2015-11-07,Gleison Tibau,Abel Trujillo,Abel Trujillo,DQ,
2015-11-07,Alex Oliveira,Piotr Hallmann,Alex Oliveira,KO/TKO,
2015-11-07,Edimilson Souza,Chas Skelly,Chas Skelly,SUB,
2015-11-07,Gilbert Burns,Rashid Magomedov,Rashid Magomedov,DEC,
2015-11-07,Yan Cabral,Johnny Case,Johnny Case,DEC,
2015-11-07,Mikkel Parlo,Abus Magomedov,Mikkel Parlo,,German MMA Championship 7
2015-11-07,Fabio Maldonado,Corey Anderson,Corey Anderson,DEC,
2015-11-13,Leonardo Leite,Ryan Spann,Leonardo Leite,,LFC 48: Legacy Fighting Championship 48
2015-11-14,Joanna Jedrzejczyk,Valerie Letourneau,Joanna Jedrzejczyk,DEC,
2015-11-14,Jake Matthews,Akbarh Arreola,Jake Matthews,KO/TKO,
2015-11-14,Mark Hunt,Antonio Silva,Mark Hunt,KO/TKO,
2015-11-14,Richie Vaculik,Danny Martinez,Danny Martinez,DEC,
2015-11-14,James Moontasri,Anton Zafir,James Moontasri,KO/TKO,
2015-11-14,Ben Nguyen,Ryan Benoit,Ben Nguyen,SUB,
2015-11-14,Nathaniel Wood,Bryan Creighton,Nathaniel Wood,,BAMMA 23: Night of Champions
2015-11-14,Kyle Noke,Peter Sobotta,Kyle Noke,KO/TKO,
2015-11-14,Anthony Perosh,Gian Villante,Gian Villante,KO/TKO,
2015-11-14,Uriah Hall,Robert Whittaker,Robert Whittaker,DEC,
2015-11-14,Ronda Rousey,Holly Holm,Holly Holm,KO/TKO,
2015-11-14,Richard Walsh,Steve Kennedy,Richard Walsh,DEC,
2015-11-14,Stefan Struve,Jared Rosholt,Jared Rosholt,DEC,
2015-11-14,Daniel Kelly,Steve Montgomery,Daniel Kelly,DEC,
2015-11-19,Adam Antolin,Alex Perez,Adam Antolin,,TPF 25: Tachi Palace Fights 25
2015-11-19,Jamall Emmers,Ray Cervera,Jamall Emmers,,TPF 25: Tachi Palace Fights 25
2015-11-20,Chidi Njokuani,Ricky Rainey,Chidi Njokuani,,Bellator 146: Kato vs. Manhoef
2015-11-20,Alonzo Menifield,Zach Rosol,Alonzo Menifield,,Bellator 146: Kato vs. Manhoef
2015-11-21,Neil Magny,Kelvin Gastelum,Neil Magny,DEC,
2015-11-21,Efrain Escudero,Leandro Silva,Leandro Silva,DEC,
2015-11-21,Gabriel Benitez,Andre Fili,Andre Fili,KO/TKO,
2015-11-21,Hector Urbina,Bartosz Fabinski,Bartosz Fabinski,DEC,
2015-11-21,Ricardo Lamas,Diego Sanchez,Ricardo Lamas,DEC,
2015-11-21,Cesar Arzamendia,Marco Polo Reyes,Marco Polo Reyes,KO/TKO,
2015-11-21,Erick Montano,Enrique Marin,Erick Montano,DEC,
2015-11-21,Jussier Formiga,Henry Cejudo,Henry Cejudo,DEC,
2015-11-21,Horacio Gutierrez,Enrique Barzola,Enrique Barzola,DEC,
2015-11-21,Erik Perez,Taylor Lapilus,Erik Perez,DEC,
2015-11-21,Valmir Lazaro,Michel Prazeres,Michel Prazeres,DEC,
2015-11-21,Alejandro Perez,Scott Jorgensen,Alejandro Perez,KO/TKO,
2015-11-21,Ignacio Bahamondes,Craig McAlpine,Ignacio Bahamondes,,Square Ring Promotions: Island Fights 36
2015-11-21,Vernon Ramos Ho,Alvaro Herrera Mendoza,Alvaro Herrera Mendoza,KO/TKO,
2015-11-28,Tae Hyun Bang,Leo Kuntz,Tae Hyun Bang,DEC,
2015-11-28,Seo Hee Ham,Cortney Casey,Seo Hee Ham,DEC,
2015-11-28,Yao Zhikui,Fredy Serrano,Fredy Serrano,KO/TKO,
2015-11-28,Dustin Stoltzfus,Eugen Weber,Dustin Stoltzfus,,WLMMA: We Love MMA 17
2015-11-28,Dooho Choi,Sam Sicilia,Dooho Choi,KO/TKO,
2015-11-28,Taichi Nakajima,Dan Ige,Taichi Nakajima,,Pancrase: 272
2015-11-28,Yui Chul Nam,Mike de la Torre,Mike de la Torre,DEC,
2015-11-28,Guangyou Ning,Marco Beltran,Marco Beltran,DEC,
2015-11-28,Benson Henderson,Jorge Masvidal,Benson Henderson,DEC,
2015-11-28,Farés Ziam,Dominic Yeo,Farés Ziam,,WSFC 3: The Third Strike
2015-11-28,Modestas Bukauskas,Dave Rintoul,Modestas Bukauskas,,TMT MMA: Too Much Talent: Fight Night 6
2015-11-28,Dongi Yang,Jake Collier,Dongi Yang,KO/TKO,
2015-11-28,Yoshihiro Akiyama,Alberto Mina,Alberto Mina,DEC,
2015-11-28,Dong Hyun Kim,Dominic Waters,Dong Hyun Kim,KO/TKO,
2015-11-28,Daniel Lezama,Gianni Vazquez,Daniel Lezama,,JFL: Jasaji Fighting League 10
2015-11-28,Dominique Steele,Dong Hyun Ma,Dominique Steele,KO/TKO,
2015-12-04,Sean Brady,Aaron Jeffery,Sean Brady,,CFFC 53: Spohn vs. Anyanwu
2015-12-04,Alexander Volkanovski,Yusuke Yachi,Alexander Volkanovski,,PXC: Pacific Xtreme Combat 50
2015-12-05,Miles Johns,Omar Benjar,Miles Johns,,XKO: Xtreme Knockout 28
2015-12-06,Ismail Naurdiev,Asmir Sadikovic,Ismail Naurdiev,,NAAFS: Europe
2015-12-10,Danny Roberts,Nathan Coy,Danny Roberts,SUB,
2015-12-10,Rose Namajunas,Paige VanZant,Rose Namajunas,SUB,
2015-12-10,Tim Means,John Howard,Tim Means,KO/TKO,
2015-12-10,Kailin Curran,Emily Kagan,Kailin Curran,SUB,
2015-12-10,Sage Northcutt,Cody Pfister,Sage Northcutt,SUB,
2015-12-10,Omari Akhmedov,Sergio Moraes,Sergio Moraes,KO/TKO,
2015-12-10,Zubaira Tukhugov,Phillipe Nover,Zubaira Tukhugov,DEC,
2015-12-10,Santiago Ponzinibbio,Andreas Stahl,Santiago Ponzinibbio,KO/TKO,
2015-12-10,Aljamain Sterling,Johnny Eduardo,Aljamain Sterling,SUB,
2015-12-10,Jim Miller,Michael Chiesa,Michael Chiesa,SUB,
2015-12-10,Elias Theodorou,Thiago Santos,Thiago Santos,DEC,
2015-12-11,Julian Erosa,Marcin Wrzosek,Julian Erosa,DEC,
2015-12-11,Joby Sanchez,Geane Herrera,Geane Herrera,KO/TKO,
2015-12-11,Frankie Edgar,Chad Mendes,Frankie Edgar,KO/TKO,
2015-12-11,Chris Gruetzemacher,Abner Lloveras,Chris Gruetzemacher,DEC,
2015-12-11,Artem Lobov,Ryan Hall,Ryan Hall,DEC,
2015-12-11,Chris Padilla,Mike Segura,Chris Padilla,,RFA 33: Townsend vs. Chavez
2015-12-11,Joe Lauzon,Evan Dunham,Evan Dunham,DEC,
2015-12-11,Gabriel Gonzaga,Konstantin Erokhin,Gabriel Gonzaga,DEC,
2015-12-11,Tatsuya Kawajiri,Jason Knight,Tatsuya Kawajiri,DEC,
2015-12-11,Edson Barboza,Tony Ferguson,Tony Ferguson,SUB,
2015-12-11,Ryan LaFlare,Mike Pierce,Ryan LaFlare,DEC,
2015-12-12,Court McGee,Marcio Alexandre Junior,Court McGee,DEC,
2015-12-12,Joe Proctor,Magomed Mustafaev,Magomed Mustafaev,KO/TKO,
2015-12-12,Warlley Alves,Colby Covington,Warlley Alves,SUB,
2015-12-12,Jose Aldo,Conor McGregor,Conor McGregor,KO/TKO,
2015-12-12,Leonardo Santos,Kevin Lee,Leonardo Santos,KO/TKO,
2015-12-12,Ismail Naurdiev,Leonardo D'auria,Ismail Naurdiev,,AFC: Austrian Fight Challenge 2
2015-12-12,Marvin Vettori,Jack Mason,Marvin Vettori,,Venator FC 2: Schiavolin vs. Barnatt
2015-12-12,Movsar Evloev,Andrey Syrovatkin,Movsar Evloev,,M-1 Global: Battle in Nazran
2015-12-12,Jacare Souza,Yoel Romero,Yoel Romero,DEC,
2015-12-12,Alexander Belikh,Arman Tsarukyan,Alexander Belikh,,MFP: Eastern Rubicon
2015-12-12,John Makdessi,Yancy Medeiros,Yancy Medeiros,DEC,
2015-12-12,Tecia Pennington,Jocelyn Jones-Lybarger,Tecia Pennington,DEC,
2015-12-12,Urijah Faber,Frankie Saenz,Urijah Faber,DEC,
2015-12-12,Tai Tuivasa,Gul Pohatu,Tai Tuivasa,,UFN: Urban Fight Night 5
2015-12-12,Chris Weidman,Luke Rockhold,Luke Rockhold,KO/TKO,
2015-12-12,Max Holloway,Jeremy Stephens,Max Holloway,DEC,
2015-12-12,Demian Maia,Gunnar Nelson,Demian Maia,DEC,
2015-12-12,Esteban Ribovics,Lautaro Iturbe,Esteban Ribovics,,HFC: Noche de Campeones 14
2015-12-12,Robert Bryczek,Alexander Bergman,Robert Bryczek,,SFC: Special Edition
2015-12-13,Kai Asakura,Jong Hyun Kwak,Kai Asakura,,Rings: The Outsider 38
2015-12-16,John Castaneda,Federico Lopez,John Castaneda,,Combate Americas: Road to the Championship 2
2015-12-18,Gil Guardado,Giga Chikadze,Gil Guardado,,WSOF 26: Palmer vs. Almeida
2015-12-18,Henrique Gomes,Joanderson Brito,Henrique Gomes,,CFV - Clube Fight Vitoria
2015-12-19,CB Dollaway,Nate Marquardt,Nate Marquardt,KO/TKO,
2015-12-19,Ramazan Temirov,Saykhan Elmurzaev,Ramazan Temirov,,Emperor Fighting Championship 10
2015-12-19,Charles Oliveira,Myles Jury,Charles Oliveira,SUB,
2015-12-19,Josh Samman,Tamdan McCrory,Tamdan McCrory,SUB,
2015-12-19,Kamaru Usman,Leon Edwards,Kamaru Usman,DEC,
2015-12-19,Junior Dos Santos,Alistair Overeem,Alistair Overeem,KO/TKO,
2015-12-19,Rafael Dos Anjos,Donald Cerrone,Rafael Dos Anjos,KO/TKO,
2015-12-19,Hayder Hassan,Vicente Luque,Vicente Luque,SUB,
2015-12-19,Francis Ngannou,Luis Henrique,Francis Ngannou,KO/TKO,
2015-12-19,Michael Johnson,Nate Diaz,Nate Diaz,DEC,
2015-12-19,Nik Lentz,Danny Castillo,Nik Lentz,DEC,
2015-12-19,Randa Markos,Karolina Kowalkiewicz,Karolina Kowalkiewicz,DEC,
2015-12-19,Sarah Kaufman,Valentina Shevchenko,Valentina Shevchenko,DEC,
2015-12-20,Aoriqileng,Minghui Bai,Aoriqileng,,Chinese Kung Fu Championships: CKF: Day 2
2015-12-20,Martin Avetisyan,Morgan Charrière,Martin Avetisyan,,F&GB: Fight & Glory Brest
2015-12-24,Nursulton Ruziboev,Orzubek Seytimbetov,Nursulton Ruziboev,,Asian Fighting Championship Akhmat 2 - Battle in Samarkand
2015-12-26,Yan Xiaonan,Ye Hyun Nam,Yan Xiaonan,,Road FC 27: Road Fighting Championship 27
2015-12-31,Ding Meng,Shining Sun,Ding Meng,,
2016-01-02,Kyle Noke,Alex Morono,Alex Morono,DEC,
2016-01-02,Lorenz Larkin,Albert Tumenov,Albert Tumenov,DEC,
2016-01-02,Michael McDonald,Masanori Kanehara,Michael McDonald,SUB,
2016-01-02,Diego Brandao,Brian Ortega,Brian Ortega,SUB,
2016-01-02,Stipe Miocic,Andrei Arlovski,Stipe Miocic,KO/TKO,
2016-01-02,Robbie Lawler,Carlos Condit,Robbie Lawler,DEC,
2016-01-02,Abel Trujillo,Tony Sims,Abel Trujillo,SUB,
2016-01-02,Dustin Poirier,Joe Duffy,Dustin Poirier,DEC,
2016-01-02,Justine Kish,Nina Nunes,Justine Kish,DEC,
2016-01-02,Scott Holtzman,Drew Dober,Drew Dober,DEC,
2016-01-02,Joe Soto,Michinori Tanaka,Michinori Tanaka,DEC,
2016-01-02,Sheldon Westcott,Edgar Garcia,Sheldon Westcott,KO/TKO,
2016-01-09,Katlyn Cerminara,Isabelly Varela,Katlyn Cerminara,,CFFC 55: Chookagian vs. Varela
2016-01-09,Brendan Allen,Kory Moegenburg,Brendan Allen,,WFC: World Fighting Championships 46
2016-01-13,Sumudaerji,Seung Heon Lim,Sumudaerji,,WLF: E.P.I.C.: Elevation Power in Cage 1
2016-01-13,Song Yadong,Alexander Zaitsev,Song Yadong,,WLF: E.P.I.C.: Elevation Power in Cage 1
2016-01-13,Alatengheili,Emil Abasov,Alatengheili,,WLF: E.P.I.C.: Elevation Power in Cage 1
2016-01-16,Muslim Salikhov,Kurbanjiang Tuluosibake,Muslim Salikhov,,BFFC: Bullets Fly Fighting Championship 3
2016-01-17,Maximo Blanco,Luke Sanders,Luke Sanders,SUB,
2016-01-17,Travis Browne,Matt Mitrione,Travis Browne,KO/TKO,
2016-01-17,Rob Font,Joey Gomez,Rob Font,KO/TKO,
2016-01-17,Patrick Cote,Ben Saunders,Patrick Cote,KO/TKO,
2016-01-17,Ilir Latifi,Sean O'Connell,Ilir Latifi,KO/TKO,
2016-01-17,Ross Pearson,Francisco Trinaldo,Francisco Trinaldo,DEC,
2016-01-17,Francimar Barroso,Elvis Mutapcic,Francimar Barroso,DEC,
2016-01-17,Chris Wade,Mehdi Baghdad,Chris Wade,SUB,
2016-01-17,Charles Rosa,Kyle Bochniak,Charles Rosa,DEC,
2016-01-17,Anthony Pettis,Eddie Alvarez,Eddie Alvarez,DEC,
2016-01-17,Tim Boetsch,Ed Herman,Ed Herman,KO/TKO,
2016-01-17,Paul Felder,Daron Cruickshank,Paul Felder,SUB,
2016-01-17,TJ Dillashaw,Dominick Cruz,Dominick Cruz,DEC,
2016-01-28,Ding Meng,Yusheng Wang,Ding Meng,,
2016-01-29,Ding Meng,Nuerdebieke Bahetihan,Ding Meng,,
2016-01-29,Billy Quarantillo,Marc Stevens,Billy Quarantillo,,
2016-01-29,Grant Dawson,Bryce Logan,Grant Dawson,,VFC 47: Victory Fighting Championship 47
2016-01-30,Olivier Aubin-Mercier,Diego Ferreira,Diego Ferreira,DEC,
2016-01-30,Valesca Machado,Nayara Hemily Cascardo,,Draw,NCE 4: New Corpore Extreme 4
2016-01-30,Anthony Johnson,Ryan Bader,Anthony Johnson,KO/TKO,
2016-01-30,Sage Northcutt,Bryan Barberena,Bryan Barberena,SUB,
2016-01-30,Josh Barnett,Ben Rothwell,Ben Rothwell,SUB,
2016-01-30,George Sullivan,Alexander Yakovlev,Alexander Yakovlev,KO/TKO,
2016-01-30,Dustin Ortiz,Wilson Reis,Wilson Reis,DEC,
2016-01-30,Iuri Alcantara,Jimmie Rivera,Jimmie Rivera,DEC,
2016-01-30,Kuerbanjiang Tuluosibake,Ding Meng,Kuerbanjiang Tuluosibake,,
2016-01-30,Rafael Natal,Kevin Casey,Rafael Natal,KO/TKO,
2016-01-30,Anthony Rocco Martin,Felipe Olivieri,Anthony Rocco Martin,SUB,
2016-01-30,Alex Caceres,Masio Fullen,Alex Caceres,DEC,
2016-01-30,Matt Dwyer,Randy Brown,Randy Brown,DEC,
2016-01-30,Tarec Saffiedine,Jake Ellenberger,Tarec Saffiedine,DEC,
2016-01-31,Yan Xiaonan,Omnia Gamal,Yan Xiaonan,,IWFC Beat 365: Changbai Mountain Hero List
2016-01-31,Alatengheili,Min Seok Kwon,Alatengheili,,Road FC 28: Road Fighting Championship 28
2016-02-04,Farés Ziam,Jean Dutriaux,Farés Ziam,,100% Fight 27: Last Man Standing
2016-02-04,Morgan Charrière,Dryce Bouremel,Morgan Charrière,,100% Fight 27: Last Man Standing
2016-02-04,Salahdine Parnasse,William Gomis,Salahdine Parnasse,,100% Fight 27: Last Man Standing
2016-02-06,Joshua Burkman,KJ Noons,Joshua Burkman,DEC,
2016-02-06,Mickey Gall,Mike Jackson,Mickey Gall,SUB,
2016-02-06,Roy Nelson,Jared Rosholt,Roy Nelson,DEC,
2016-02-06,Ray Borg,Justin Scoggins,Justin Scoggins,DEC,
2016-02-06,Joseph Benavidez,Zach Makovsky,Joseph Benavidez,DEC,
2016-02-06,Misha Cirkunov,Alex Nicholson,Misha Cirkunov,SUB,
2016-02-06,Derrick Lewis,Damian Grabowski,Derrick Lewis,KO/TKO,
2016-02-06,Artem Lobov,Alex White,Alex White,DEC,
2016-02-06,Mike Pyle,Sean Spencer,Mike Pyle,KO/TKO,
2016-02-06,Johny Hendricks,Stephen Thompson,Stephen Thompson,KO/TKO,
2016-02-06,Noad Lahat,Diego Rivas,Diego Rivas,KO/TKO,
2016-02-06,Ovince Saint Preux,Rafael Cavalcante,Ovince Saint Preux,DEC,
2016-02-13,Marcio Barbosa,Celso Henrique Silva Susarte,Marcio Barbosa,,
2016-02-18,Rodrigo Vera,Carlos Diego Guado,Rodrigo Vera,,300 Sparta 9: Cordoba vs. Torres
2016-02-18,Drakkar Klose,Joshua Aveles,,Draw,TPF 26: Tachi Palace Fights 26
2016-02-19,Alexander Volkov,Denis Smoldarev,Alexander Volkov,,M-1 Challenge 64: Shlemenko vs. Vasilevsky
2016-02-19,Curtis Blaydes,Luis Cortez,Curtis Blaydes,,RFA 35: Castillo vs. Moises
2016-02-20,David Martinez,Erick Espitia,David Martinez,,Xtreme Kombat 31: Bonebreakers vs. A.D.A.M.
2016-02-20,Jalin Turner,Eric Steans,Jalin Turner,,WSOF 28: Moraes vs. Barajas
2016-02-20,Nasrat Haqparast,Lampros Pistikos,Nasrat Haqparast,,Ravage: Ravage Series 2
2016-02-21,Derek Brunson,Roan Carneiro,Derek Brunson,KO/TKO,
2016-02-21,Anthony Smith,Leonardo Guimaraes,Anthony Smith,DEC,
2016-02-21,Anthony Hamilton,Shamil Abdurakhimov,Shamil Abdurakhimov,DEC,
2016-02-21,Alatengheili,Kana Hyatt,Alatengheili,,Kunlun Fight 38: Clash of Titans 2
2016-02-21,Alex Garcia,Sean Strickland,Sean Strickland,KO/TKO,
2016-02-21,Cody Garbrandt,Augusto Mendes,Cody Garbrandt,KO/TKO,
2016-02-21,Dennis Bermudez,Tatsuya Kawajiri,Dennis Bermudez,DEC,
2016-02-21,Donald Cerrone,Alex Oliveira,Donald Cerrone,SUB,
2016-02-21,Lauren Murphy,Kelly Faszholz,Lauren Murphy,KO/TKO,
2016-02-21,James Krause,Shane Campbell,James Krause,DEC,
2016-02-21,Chris Camozzi,Joe Riggs,Chris Camozzi,KO/TKO,
2016-02-21,Marion Reneau,Ashlee Evans-Smith,Ashlee Evans-Smith,DEC,
2016-02-21,Daniel Sarafian,Oluwale Bamgbose,Oluwale Bamgbose,KO/TKO,
2016-02-21,Jonavin Webb,Nathan Coy,Nathan Coy,DEC,
2016-02-27,Davey Grant,Marlon Vera,Davey Grant,DEC,
2016-02-27,Norman Parke,Rustam Khabilov,Rustam Khabilov,DEC,
2016-02-27,Emmanuel Walo,Jeremiah Wells,Emmanuel Walo,,CFFC 56: Wells vs. Walo
2016-02-27,Serghei Spivac,Artem Cherkov,Serghei Spivac,,Eagles FC: Eagles Fighting Championship
2016-02-27,Francisco Rivera,Brad Pickett,Brad Pickett,DEC,
2016-02-27,Tom Breese,Keita Nakamura,Tom Breese,DEC,
2016-02-27,Sean Brady,Rocky Edwards,Sean Brady,,CFFC 56: Wells vs. Walo
2016-02-27,Scott Askham,Chris Dempsey,Scott Askham,KO/TKO,
2016-02-27,Ismail Naurdiev,David Mate,Ismail Naurdiev,,KHFN: KraftHerr Fight Night
2016-02-27,Teemu Packalen,Thibault Gouti,Teemu Packalen,SUB,
2016-02-27,Alan Philpott,Nathaniel Wood,Alan Philpott,,BAMMA 24: Kone vs. Phillips
2016-02-27,Brad Scott,Krzysztof Jotko,Krzysztof Jotko,DEC,
2016-02-27,Gegard Mousasi,Thales Leites,Gegard Mousasi,DEC,
2016-02-27,Daniel Omielanczuk,Jarjis Danho,Daniel Omielanczuk,DEC,
2016-02-27,David Teymur,Martin Svensson,David Teymur,KO/TKO,
2016-02-27,Mike Wilkinson,Makwan Amirkhani,Makwan Amirkhani,DEC,
2016-02-27,Arnold Allen,Yaotzin Meza,Arnold Allen,DEC,
2016-02-27,Anderson Silva,Michael Bisping,Michael Bisping,DEC,
2016-03-04,Anderson Dos Santos,Ricky Simon,Anderson Dos Santos,,Titan FC 37: Simon vs. Dos Santos
2016-03-04,Tanner Boser,Tim Hague,Tanner Boser,,Unified MMA 26
2016-03-04,Grant Dawson,Robert Washington,Grant Dawson,,Titan FC 37: Simon vs. Dos Santos
2016-03-04,Tim Elliott,Pedro Nobre,Tim Elliott,,Titan FC 37: Simon vs. Dos Santos
2016-03-05,Darren Elkins,Chas Skelly,Darren Elkins,DEC,
2016-03-05,Diego Sanchez,Jim Miller,Diego Sanchez,DEC,
2016-03-05,Erick Silva,Nordine Taleb,Nordine Taleb,KO/TKO,
2016-03-05,Holly Holm,Miesha Tate,Miesha Tate,SUB,
2016-03-05,Julian Erosa,Teruto Ishihara,Teruto Ishihara,KO/TKO,
2016-03-05,Farés Ziam,Laid Zerhouni,Farés Ziam,,GFA: Gladiator Fighting Arena 3
2016-03-05,Gian Villante,Ilir Latifi,Ilir Latifi,DEC,
2016-03-05,Brandon Thatch,Siyar Bahadurzada,Siyar Bahadurzada,SUB,
2016-03-05,Corey Anderson,Tom Lawlor,Corey Anderson,DEC,
2016-03-05,Conor McGregor,Nate Diaz,Nate Diaz,SUB,
2016-03-05,Amanda Nunes,Valentina Shevchenko,Amanda Nunes,DEC,
2016-03-05,Jason Saggo,Justin Salas,Jason Saggo,KO/TKO,
2016-03-05,Vitor Miranda,Marcelo Guimaraes,Vitor Miranda,KO/TKO,
2016-03-11,Ignacio Bahamondes,Rodrigo Tavares,Ignacio Bahamondes,,Square Ring Promotions: Island Fights 37
2016-03-11,Hannah Goldy,Gillian Robertson,Hannah Goldy,,Square Ring Promotions: Island Fights 37
2016-03-12,Joanderson Brito,Rogerio Furtado,Joanderson Brito,,HDH 69/Revelation FC: Hombres de Honor 69
2016-03-12,Xiao Long,Won Seok Jung,Xiao Long,,
2016-03-12,Nate Landwehr,Diego Saraiva,Nate Landwehr,,A&A Fight Time Promotions: A Night of Explosions
2016-03-12,Gregory Rodrigues,Marco Aurelio Ligerio,Gregory Rodrigues,,FTF 13: Batista vs. Teixeira
2016-03-13,Song Yadong,Artak Nazaryan,Song Yadong,,WLF: E.P.I.C.: Elevation Power in Cage 2
2016-03-13,Yusuke Uehara,Sumudaerji,Yusuke Uehara,,WLF: E.P.I.C.: Elevation Power in Cage 2
2016-03-13,Grigorii Popov,Aoriqileng,Grigorii Popov,,WLF: E.P.I.C.: Elevation Power in Cage 2
2016-03-19,Alan Patrick,Damien Brown,Alan Patrick,DEC,
2016-03-19,Mark Hunt,Frank Mir,Mark Hunt,KO/TKO,
2016-03-19,Hector Lombard,Neil Magny,Neil Magny,KO/TKO,
2016-03-19,Jake Matthews,Johnny Case,Jake Matthews,SUB,
2016-03-19,Brendan O'Reilly,Alan Jouban,Alan Jouban,KO/TKO,
2016-03-19,Dan Hooker,Mark Eddiva,Dan Hooker,SUB,
2016-03-19,Ross Pearson,Chad Laprise,Ross Pearson,DEC,
2016-03-19,Daniel Kelly,Antonio Carlos Junior,Daniel Kelly,KO/TKO,
2016-03-19,Bec Rawlings,Seo Hee Ham,Bec Rawlings,DEC,
2016-03-19,Alexander Volkanovski,Jamie Mullarkey,Alexander Volkanovski,,AFC 15: Wilkinson vs. Abdallah
2016-03-19,Leslie Smith,Rin Nakai,Leslie Smith,DEC,
2016-03-19,James Te Huna,Steve Bosse,Steve Bosse,KO/TKO,
2016-03-19,Richard Walsh,Viscardi Andrade,Viscardi Andrade,DEC,
2016-03-19,Katlyn Cerminara,Stephanie Bragayrac,Katlyn Cerminara,,CFFC 57: Gaudinot vs. Honorio
2016-03-25,Ryan Spann,Aaron Davis,Ryan Spann,,LFC 52: Legacy Fighting Championship 52
2016-03-25,Trevin Giles,Brendan Allen,Trevin Giles,,LFC 52: Legacy Fighting Championship 52
2016-03-26,Rongzhu,Roman Lutsenko,Rongzhu,,BFFC: Bullets Fly Fighting Championship 4
2016-03-26,Joseph Morales,Sammy Saunders,Joseph Morales,,Global Knockout 6
2016-03-26,Magomed Magomedov,Petr Yan,Magomed Magomedov,,ACB 32: Battle of Lions
2016-03-27,Morgan Charrière,Jonathan Hilderald,Morgan Charrière,,Oktogon: Luxury Fighter 1
2016-04-01,Merab Dvalishvili,Geoffrey Then,Merab Dvalishvili,,CES MMA 34: Curtis vs. Burrell
2016-04-01,Michel Quinones,Billy Quarantillo,Michel Quinones,,
2016-04-01,Roman Kopylov,Felipe Salvador Nsue Ayiugono,Roman Kopylov,,WCSA Combat League: Combat Ring 18 X-Fight
2016-04-02,Muslim Salikhov,Artem Shokalo,Muslim Salikhov,,Cage Fighting: Dagestan
2016-04-09,Kazbek Saidaliev,Tanner Boser,Kazbek Saidaliev,,WFCA 17: Grand Prix Akhmat
2016-04-10,Timothy Johnson,Marcin Tybura,Timothy Johnson,DEC,
2016-04-10,Nicolas Dalby,Zak Cummings,Zak Cummings,DEC,
2016-04-10,Mairbek Taisumov,Damir Hadzovic,Mairbek Taisumov,KO/TKO,
2016-04-10,Ben Rothwell,Junior Dos Santos,Junior Dos Santos,DEC,
2016-04-10,Filip Pejic,Damian Stasiak,Damian Stasiak,SUB,
2016-04-10,Alessio Di Chirico,Bojan Velickovic,Bojan Velickovic,DEC,
2016-04-10,Ian Entwistle,Alejandro Perez,Alejandro Perez,KO/TKO,
2016-04-10,Derrick Lewis,Gabriel Gonzaga,Derrick Lewis,KO/TKO,
2016-04-10,Igor Pokrajac,Jan Blachowicz,Jan Blachowicz,DEC,
2016-04-10,Robert Whiteford,Lucas Martins,Lucas Martins,DEC,
2016-04-10,Jared Cannonier,Cyril Asker,Jared Cannonier,KO/TKO,
2016-04-10,Maryna Moroz,Cristina Stanciu,Maryna Moroz,DEC,
2016-04-10,Francis Ngannou,Curtis Blaydes,Francis Ngannou,KO/TKO,
2016-04-16,Bethe Correia,Raquel Pennington,Raquel Pennington,DEC,
2016-04-16,Rose Namajunas,Tecia Pennington,Rose Namajunas,DEC,
2016-04-16,Randy Brown,Michael Graves,Michael Graves,SUB,
2016-04-16,Alatengheili,Fumiya Sasaki,Alatengheili,,Road FC 30: Road Fighting Championship 30
2016-04-16,Brandon Moreno,Isaac Camarillo,Brandon Moreno,,WFF: World Fighting Federation 27
2016-04-16,Oluwale Bamgbose,Cezar Ferreira,Cezar Ferreira,DEC,
2016-04-16,Beneil Dariush,Michael Chiesa,Michael Chiesa,SUB,
2016-04-16,John Dodson,Manvel Gamburyan,John Dodson,KO/TKO,
2016-04-16,Elizeu Zaleski dos Santos,Omari Akhmedov,Elizeu Zaleski dos Santos,KO/TKO,
2016-04-16,Khabib Nurmagomedov,Darrell Horcher,Khabib Nurmagomedov,KO/TKO,
2016-04-16,Court McGee,Santiago Ponzinibbio,Santiago Ponzinibbio,KO/TKO,
2016-04-16,Glover Teixeira,Rashad Evans,Glover Teixeira,KO/TKO,
2016-04-16,Cub Swanson,Hacran Dias,Cub Swanson,DEC,
2016-04-16,Yan Xiaonan,Seo Hee Lim,Yan Xiaonan,,Road FC 30: Road Fighting Championship 30
2016-04-16,Dan Ige,James Jones,Dan Ige,,SF: Shogun Fights 14
2016-04-17,Morgan Charrière,Banjougou Sidibe,Morgan Charrière,,Luxury Fighter 2: La Finale
2016-04-17,Morgan Charrière,Ivan Dutchak,Morgan Charrière,,Luxury Fighter 2: La Finale
2016-04-22,Michael Page,Jeremie Holloway,Michael Page,,Bellator 153: Koreshkov vs. Henderson
2016-04-22,Patricio Pitbull,Henry Corrales,Patricio Pitbull,,Bellator 153: Koreshkov vs. Henderson
2016-04-23,Carla Esparza,Juliana Lima,Carla Esparza,DEC,
2016-04-23,Mandel Nallo,Shawn Wallace,Mandel Nallo,,Elite 1: Meltdown
2016-04-23,Robert Whittaker,Rafael Natal,Robert Whittaker,DEC,
2016-04-23,Daisuke Yamaguchi,Xiao Long,Daisuke Yamaguchi,,
2016-04-23,Glaico Franca Moreira,James Vick,James Vick,DEC,
2016-04-23,Sumudaerji,Leonid Malozemov,Sumudaerji,,WLF: E.P.I.C.: Elevation Power in Cage 3
2016-04-23,Marcos Rogerio de Lima,Clint Hester,Marcos Rogerio de Lima,SUB,
2016-04-23,Walt Harris,Cody East,Walt Harris,KO/TKO,
2016-04-23,Demetrious Johnson,Henry Cejudo,Demetrious Johnson,KO/TKO,
2016-04-23,Anthony Pettis,Edson Barboza,Edson Barboza,DEC,
2016-04-23,Danny Roberts,Dominique Steele,Danny Roberts,DEC,
2016-04-23,Rongzhu,Vadim Khristoforov,Rongzhu,,WLF: E.P.I.C.: Elevation Power in Cage 3
2016-04-23,Sergio Pettis,Chris Kelades,Sergio Pettis,DEC,
2016-04-23,Jon Jones,Ovince Saint Preux,Jon Jones,DEC,
2016-04-23,Yair Rodriguez,Andre Fili,Yair Rodriguez,KO/TKO,
2016-04-23,Efrain Escudero,Kevin Lee,Kevin Lee,DEC,
2016-04-25,John Castaneda,Gabriel Solorio,John Castaneda,,Combate Americas: Road to the Championship 4
2016-04-30,Hugh Pulley,Grant Dawson,Hugh Pulley,,Cageside Promotions: KC Fighting Alliance 18
2016-05-01,Elves Brener,Thales Moraes,Elves Brener,,Mr. Cage 22
2016-05-04,Husiman Siwuhaer,Aoriqileng,Husiman Siwuhaer,,CKF 65
2016-05-06,Arman Tsarukyan,Ali Khaibulaev,Arman Tsarukyan,,MFP: Cup Of Administration In Modern Pankration
2016-05-07,Pavel Doroftei,Modestas Bukauskas,Pavel Doroftei,,UCMMA 47: Ultimate Challenge MMA 47
2016-05-07,Movsar Evloev,Dulustaan Akimov,Movsar Evloev,,M-1 Global: Battle in Nazran 3
2016-05-07,Valesca Machado,Cleudilene Costa,Valesca Machado,,FF: Fury Fight
2016-05-08,Karolina Kowalkiewicz,Heather Clark,Karolina Kowalkiewicz,DEC,
2016-05-08,Alistair Overeem,Andrei Arlovski,Alistair Overeem,KO/TKO,
2016-05-08,Yuta Sasaki,Willie Gates,Yuta Sasaki,SUB,
2016-05-08,Germaine de Randamie,Anna Elmose,Germaine de Randamie,KO/TKO,
2016-05-08,Albert Tumenov,Gunnar Nelson,Gunnar Nelson,SUB,
2016-05-08,Antonio Silva,Stefan Struve,Stefan Struve,KO/TKO,
2016-05-08,Nikita Krylov,Francimar Barroso,Nikita Krylov,SUB,
2016-05-08,Yan Cabral,Reza Madadi,Reza Madadi,KO/TKO,
2016-05-08,Kyoji Horiguchi,Neil Seery,Kyoji Horiguchi,DEC,
2016-05-08,Magnus Cedenblad,Garreth McLellan,Magnus Cedenblad,KO/TKO,
2016-05-08,Rustam Khabilov,Chris Wade,Rustam Khabilov,DEC,
2016-05-08,Jon Tuck,Josh Emmett,Josh Emmett,DEC,
2016-05-08,Leon Edwards,Dominic Waters,Leon Edwards,DEC,
2016-05-14,Rogerio Nogueira,Patrick Cummins,Rogerio Nogueira,KO/TKO,
2016-05-14,Alexey Polpudnikov,Song Yadong,Alexey Polpudnikov,,Kunlun Fight 44: Mayor's Cup 2016
2016-05-14,Pierre Sauvage,Morgan Charrière,Pierre Sauvage,,100% Fight 28: Fights for the Belts
2016-05-14,Azamat Murzakanov,Eric Ellerbee,Azamat Murzakanov,,GPG 24: Fighting for Wounded Soldiers
2016-05-14,John Lineker,Rob Font,John Lineker,DEC,
2016-05-14,Warlley Alves,Bryan Barberena,Bryan Barberena,DEC,
2016-05-14,Cristiane Justino,Leslie Smith,Cristiane Justino,KO/TKO,
2016-05-14,Mauricio Rua,Corey Anderson,Mauricio Rua,DEC,
2016-05-14,Francisco Trinaldo,Yancy Medeiros,Francisco Trinaldo,DEC,
2016-05-14,Renato Moicano,Zubaira Tukhugov,Renato Moicano,DEC,
2016-05-14,Demian Maia,Matt Brown,Demian Maia,SUB,
2016-05-14,Thiago Santos,Nate Marquardt,Thiago Santos,KO/TKO,
2016-05-14,Alatengheili,Mu Song Choi,Alatengheili,,Road FC 31: Road Fighting Championship 31
2016-05-14,Jacare Souza,Vitor Belfort,Jacare Souza,KO/TKO,
2016-05-14,Fabricio Werdum,Stipe Miocic,Stipe Miocic,KO/TKO,
2016-05-14,Brendan Allen,Charlie Rader,Brendan Allen,,WFC: World Fighting Championships 52
2016-05-19,Jared Papazian,Alex Perez,Jared Papazian,,TPF 27: Tachi Palace Fights 27
2016-05-21,Muslim Salikhov,Gang Zhang,Muslim Salikhov,,SF: Superstar Fight 3
2016-05-21,Louis Jourdain,William Caron,Louis Jourdain,,Quebec Mixed Martial Arts League 5
2016-05-21,Marvin Vettori,Igor Araujo,Marvin Vettori,,Venator FC: Venator FC 3
2016-05-21,Marc-Andre Barriault,Martin Leblanc,Marc-Andre Barriault,,Quebec Mixed Martial Arts League 5
2016-05-21,Reinier de Ridder,Michaelis Efstratiou,Reinier de Ridder,,
2016-05-21,Deiveson Figueiredo,Antonio Santos de Miranda,Deiveson Figueiredo,,Jungle Fight 87
2016-05-21,Abus Magomedov,Raymond Jarman,Abus Magomedov,,Superior FC 14: The Comeback
2016-05-21,Johnny Walker,Fabio Augusto de Assis Vasconcelos,Johnny Walker,,Imortal FC 4: Dynamite
2016-05-21,Charles Jourdain,Thomas Sumantri,Charles Jourdain,,Quebec Mixed Martial Arts League 5
2016-05-22,Esteban Ribovics,Fernando Garcia,Esteban Ribovics,,Battle Cage: Ortiz vs. Braganza
2016-05-27,Mateusz Gamrot,Mansour Barnaoui,Mateusz Gamrot,,KSW 35: Khalidov vs. Karaoglu
2016-05-27,Movsar Evloev,Alexander Krupenkin,Movsar Evloev,,M-1 Challenge 66: Nemkov vs. Yusupov
2016-05-28,Rongzhu,Andrey Sapa,Rongzhu,,WLF: E.P.I.C.: Elevation Power in Cage 4
2016-05-28,Chad Anheliger,Cory Chambers,Chad Anheliger,,Saturday Night Fights: Round 11
2016-05-29,Jorge Masvidal,Lorenz Larkin,Lorenz Larkin,DEC,
2016-05-29,Joshua Burkman,Paul Felder,Paul Felder,DEC,
2016-05-29,Chris Camozzi,Vitor Miranda,Chris Camozzi,DEC,
2016-05-29,Erik Koch,Shane Campbell,Erik Koch,SUB,
2016-05-29,Sara McMann,Jessica Eye,Sara McMann,DEC,
2016-05-29,Thomas Almeida,Cody Garbrandt,Cody Garbrandt,KO/TKO,
2016-05-29,Aljamain Sterling,Bryan Caraway,Bryan Caraway,DEC,
2016-05-29,Renan Barao,Jeremy Stephens,Jeremy Stephens,DEC,
2016-05-29,Chris de la Rocha,Adam Milstead,Adam Milstead,KO/TKO,
2016-05-29,Jake Collier,Alberto Uda,Jake Collier,KO/TKO,
2016-05-29,Abel Trujillo,Jordan Rinaldi,Abel Trujillo,DEC,
2016-05-29,Tarec Saffiedine,Rick Story,Rick Story,DEC,
2016-06-03,Thiago Moises,Jamall Emmers,Thiago Moises,,RFA 38: Moises vs. Emmers
2016-06-03,Tanner Boser,Tony Lopez,Tanner Boser,,Unified MMA 27
2016-06-03,Charles Johnson,Austin Reed Ward,Charles Johnson,,TBC: Ultimate Blue Corner Battles
2016-06-03,Jason Gonzalez,Chris Padilla,Jason Gonzalez,,RFA 38: Moises vs. Emmers
2016-06-04,Beneil Dariush,James Vick,Beneil Dariush,KO/TKO,
2016-06-04,Max Holloway,Ricardo Lamas,Max Holloway,DEC,
2016-06-04,Dan Henderson,Hector Lombard,Dan Henderson,KO/TKO,
2016-06-04,Joanderson Brito,Jefson Castor,,Draw,Arena Kombat FC 2 - Arena Kombat Fight Championship 2
2016-06-04,Dominick Cruz,Urijah Faber,Dominick Cruz,DEC,
2016-06-04,Jonathan Wilson,Henrique da Silva,Henrique da Silva,KO/TKO,
2016-06-04,Sean Strickland,Tom Breese,Sean Strickland,DEC,
2016-06-04,Jessica Penne,Jessica Andrade,Jessica Andrade,KO/TKO,
2016-06-04,Marco Polo Reyes,Dong Hyun Ma,Marco Polo Reyes,KO/TKO,
2016-06-04,Luke Rockhold,Michael Bisping,Michael Bisping,KO/TKO,
2016-06-04,Cole Miller,Alex Caceres,Alex Caceres,DEC,
2016-06-04,Dustin Poirier,King Green,Dustin Poirier,KO/TKO,
2016-06-04,Brian Ortega,Clay Guida,Brian Ortega,KO/TKO,
2016-06-06,Ding Meng,Wenquan Qiao,Ding Meng,,
2016-06-07,Ding Meng,Peng Yang,Ding Meng,,
2016-06-10,Merab Dvalishvili,Matt Tullos,Merab Dvalishvili,,CES MMA 36: Andrews vs. Muro
2016-06-10,Preston Parsons,Ignacio Bahamondes,Preston Parsons,,Titan FC 39: Cavalcante vs. Healy
2016-06-10,Jalin Turner,Adrian Ajoleza,Jalin Turner,,BAMMA Badbeat 20: Saunders vs. Culley
2016-06-11,Francesco Nuzzi,Alban Sinani,Francesco Nuzzi,,
2016-06-16,Alexander Volkov,Attila Vegh,Alexander Volkov,,M-1 Challenge 68: Shlemenko vs. Vasilevsky 2
2016-06-17,Jack Jenkins,Alan Hartley,Jack Jenkins,,
2016-06-17,Raoni Barcelos,Bobby Moffett,Raoni Barcelos,,RFA 39: Barcelos vs. Moffett
2016-06-17,Chidi Njokuani,Thiago Goncalves,Chidi Njokuani,,Bellator 156: Galvao vs. Dantas 2
2016-06-18,Elias Theodorou,Sam Alvey,Elias Theodorou,DEC,
2016-06-18,Jason Saggo,Leandro Silva,Jason Saggo,DEC,
2016-06-18,Olivier Aubin-Mercier,Thibault Gouti,Olivier Aubin-Mercier,SUB,
2016-06-18,Donald Cerrone,Patrick Cote,Donald Cerrone,KO/TKO,
2016-06-18,Chris Beal,Joe Soto,Joe Soto,SUB,
2016-06-18,Ali Bagautinov,Geane Herrera,Ali Bagautinov,DEC,
2016-06-18,Rory MacDonald,Stephen Thompson,Stephen Thompson,DEC,
2016-06-18,Tai Tuivasa,Brandon Sosoli,Tai Tuivasa,,AFC 16: Sosoli vs. Tuivasa
2016-06-18,Valerie Letourneau,Joanne Wood,Joanne Wood,KO/TKO,
2016-06-18,Randa Markos,Jocelyn Jones-Lybarger,Randa Markos,DEC,
2016-06-18,Colby Covington,Jonathan Meunier,Colby Covington,SUB,
2016-06-18,Misha Cirkunov,Ion Cutelaba,Misha Cirkunov,SUB,
2016-06-18,Steve Bosse,Sean O'Connell,Steve Bosse,DEC,
2016-06-18,Tamdan McCrory,Krzysztof Jotko,Krzysztof Jotko,KO/TKO,
2016-06-24,Miles Johns,Eliazar Rodriguez,Miles Johns,,LFC 56: Legacy Fighting Championship 56
2016-06-24,Joaquin Buckley,Chris Heatherly,Joaquin Buckley,,Bellator 157: Dynamite 2
2016-06-25,Henrique da Silva Lopes,Johnny Walker,Henrique da Silva Lopes,,Jungle Fight 88
2016-06-25,Amanda Lemos,Mayra Cantuaria,Amanda Lemos,,Jungle Fight 88
2016-06-26,Yan Xiaonan,Xuanzhen Luo,Yan Xiaonan,,Zhenghan Wind Cup
2016-06-29,Sumudaerji,Isaias Celiva,Sumudaerji,,WLF: E.P.I.C.: Elevation Power in Cage 5
2016-07-01,Hong Gang Tu,Xiao Long,Hong Gang Tu,,
2016-07-01,Dan Ige,Craig Campbell,Dan Ige,,LFC 57: Legacy Fighting Championship 57
2016-07-02,Kai Asakura,Xiaoyang Liu,Kai Asakura,,Road FC 32: Road Fighting Championship 32
2016-07-06,Sergey Lesnikov,Ding Meng,Sergey Lesnikov,,
2016-07-07,Marco Beltran,Reginaldo Vieira,Marco Beltran,SUB,
2016-07-07,Rafael Dos Anjos,Eddie Alvarez,Eddie Alvarez,KO/TKO,
2016-07-07,John Makdessi,Mehdi Baghdad,John Makdessi,DEC,
2016-07-07,Mike Pyle,Alberto Mina,Alberto Mina,KO/TKO,
2016-07-07,Anthony Birchak,Dileno Lopes,Anthony Birchak,DEC,
2016-07-07,Felipe Arantes,Jerrod Sanders,Felipe Arantes,SUB,
2016-07-07,Russell Doane,Pedro Munhoz,Pedro Munhoz,SUB,
2016-07-07,Joe Duffy,Mitch Clarke,Joe Duffy,SUB,
2016-07-07,Roy Nelson,Derrick Lewis,Derrick Lewis,DEC,
2016-07-07,Gilbert Burns,Lukasz Sajewski,Gilbert Burns,SUB,
2016-07-07,Vicente Luque,Alvaro Herrera Mendoza,Vicente Luque,SUB,
2016-07-07,Alan Jouban,Belal Muhammad,Alan Jouban,DEC,
2016-07-08,Alexander Volkanovski,Jai Bradney,Alexander Volkanovski,,WW: Wollongong Wars 4
2016-07-08,Andrew Sanchez,Khalil Rountree Jr.,Andrew Sanchez,DEC,
2016-07-08,Tatiana Suarez,Amanda Cooper,Tatiana Suarez,SUB,
2016-07-08,Gray Maynard,Fernando Bruno,Gray Maynard,DEC,
2016-07-08,Cory Hendricks,Josh Stansbury,Josh Stansbury,DEC,
2016-07-08,Li Jingliang,Anton Zafir,Li Jingliang,KO/TKO,
2016-07-08,Jake Matthews,Kevin Lee,Kevin Lee,KO/TKO,
2016-07-08,Ross Pearson,Will Brooks,Will Brooks,DEC,
2016-07-08,Cezar Ferreira,Anthony Smith,Cezar Ferreira,DEC,
2016-07-08,John Moraga,Matheus Nicolau,Matheus Nicolau,DEC,
2016-07-08,Joel Álvarez,Jose Luis Bravo,Joel Álvarez,,MMA Casino Fights: Alvarez vs Bravo
2016-07-08,Joanna Jedrzejczyk,Claudia Gadelha,Joanna Jedrzejczyk,DEC,
2016-07-08,John Redmond,Modestas Bukauskas,John Redmond,,CWFC 77: Cage Warriors Fighting Championship 77
2016-07-08,Dooho Choi,Thiago Tavares,Dooho Choi,KO/TKO,
2016-07-08,Joaquim Silva,Andrew Holbrook,Joaquim Silva,KO/TKO,
2016-07-09,Cain Velasquez,Travis Browne,Cain Velasquez,KO/TKO,
2016-07-09,Jim Miller,Takanori Gomi,Jim Miller,KO/TKO,
2016-07-09,Sage Northcutt,Enrique Marin,Sage Northcutt,DEC,
2016-07-09,TJ Dillashaw,Raphael Assuncao,TJ Dillashaw,DEC,
2016-07-09,Esteban Ribovics,Didier Nahuel,Esteban Ribovics,,CLC: Cage League Championship 1
2016-07-09,Johny Hendricks,Kelvin Gastelum,Kelvin Gastelum,DEC,
2016-07-09,Miesha Tate,Amanda Nunes,Amanda Nunes,SUB,
2016-07-09,Gegard Mousasi,Thiago Santos,Gegard Mousasi,KO/TKO,
2016-07-09,Cat Zingano,Julianna Pena,Julianna Pena,DEC,
2016-07-09,Daniel Cormier,Anderson Silva,Daniel Cormier,DEC,
2016-07-09,Jose Aldo,Frankie Edgar,Jose Aldo,DEC,
2016-07-09,Diego Sanchez,Joe Lauzon,Joe Lauzon,KO/TKO,
2016-07-10,José Montanha,Roberio Luiz,José Montanha,,
2016-07-10,Adrian Claudiu Iancu,Francesco Nuzzi,Adrian Claudiu Iancu,,
2016-07-13,Louis Smolka,Ben Nguyen,Louis Smolka,KO/TKO,
2016-07-13,Tim Boetsch,Josh Samman,Tim Boetsch,KO/TKO,
2016-07-13,Eric Spicely,Sam Alvey,Sam Alvey,SUB,
2016-07-13,Michael McDonald,John Lineker,John Lineker,KO/TKO,
2016-07-13,Tony Ferguson,Lando Vannata,Tony Ferguson,SUB,
2016-07-13,Rani Yahya,Matthew Lopez,Rani Yahya,SUB,
2016-07-13,Kyle Noke,Keita Nakamura,Keita Nakamura,SUB,
2016-07-13,Lauren Murphy,Katlyn Cerminara,Katlyn Cerminara,DEC,
2016-07-13,Scott Holtzman,Cody Pfister,Scott Holtzman,DEC,
2016-07-13,Cortney Casey,Cristina Stanciu,Cortney Casey,KO/TKO,
2016-07-13,Aleksei Oleinik,Daniel Omielanczuk,Daniel Omielanczuk,DEC,
2016-07-13,Devin Clark,Alex Nicholson,Alex Nicholson,KO/TKO,
2016-07-15,Petr Yan,Ed Arthur,Petr Yan,,ACB 41: Path to Triumph
2016-07-16,Grant Dawson,Christian Camp,Grant Dawson,,VFC 52: Kayne vs. Pitolo
2016-07-16,Nathaniel Wood,Chase Morton,Nathaniel Wood,,Bellator 158: Daley vs. Lima
2016-07-16,Michael Page,Evangelista Santos,Michael Page,,Bellator 158: Daley vs. Lima
2016-07-22,Robert Drysdale,Ryan Spann,Robert Drysdale,,LFC 58: Legacy Fighting Championship 58
2016-07-22,Mackenzie Dern,Kenia Rosas,Mackenzie Dern,,
2016-07-22,Brendan Allen,Clovis Hancock,Brendan Allen,,LFC 58: Legacy Fighting Championship 58
2016-07-23,Darren Elkins,Godofredo Pepey,Darren Elkins,DEC,
2016-07-23,Jim Alers,Jason Knight,Jason Knight,DEC,
2016-07-23,Kamaru Usman,Alexander Yakovlev,Kamaru Usman,DEC,
2016-07-23,Azamat Murzakanov,Bogdan Bulakh,Azamat Murzakanov,,Gladiator MMA Nalchik: Battle of Champions
2016-07-23,Song Yadong,Vachagan Nikogosyan,Song Yadong,,WLF: E.P.I.C.: Elevation Power in Cage 6
2016-07-23,Holly Holm,Valentina Shevchenko,Valentina Shevchenko,DEC,
2016-07-23,Luis Henrique,Dmitrii Smoliakov,Luis Henrique,SUB,
2016-07-23,David Martinez,Josue Lopez,David Martinez,,Panama Fight League: Ultimate Combat Challenge 30
2016-07-23,Edson Barboza,Gilbert Melendez,Edson Barboza,DEC,
2016-07-23,Francis Ngannou,Bojan Mihajlovic,Francis Ngannou,KO/TKO,
2016-07-23,Felice Herrig,Kailin Curran,Felice Herrig,SUB,
2016-07-23,Alex Oliveira,James Moontasri,Alex Oliveira,DEC,
2016-07-23,Rae Yoon Ok,Ding Meng,Rae Yoon Ok,,
2016-07-23,Rongzhu,Semen Galushko,Rongzhu,,WLF: E.P.I.C.: Elevation Power in Cage 6
2016-07-23,Frankie Saenz,Eddie Wineland,Eddie Wineland,KO/TKO,
2016-07-23,Michel Prazeres,JC Cottrell,Michel Prazeres,DEC,
2016-07-29,Alexa Grasso,Jodie Esquibel,Alexa Grasso,,Invicta FC 18: Grasso vs. Esquibel
2016-07-29,Jamall Emmers,Rivaldo Junior,Jamall Emmers,,RFA 41: Clark vs. Giles
2016-07-30,Wilson Reis,Hector Sandoval,Wilson Reis,SUB,
2016-07-30,Nikita Krylov,Ed Herman,Nikita Krylov,KO/TKO,
2016-07-30,Matt Brown,Jake Ellenberger,Jake Ellenberger,KO/TKO,
2016-07-30,Rose Namajunas,Karolina Kowalkiewicz,Karolina Kowalkiewicz,DEC,
2016-07-30,Robbie Lawler,Tyron Woodley,Tyron Woodley,KO/TKO,
2016-07-30,Francisco Rivera,Erik Perez,Erik Perez,DEC,
2016-07-30,Cesar Arzamendia,Damien Brown,Damien Brown,KO/TKO,
2016-07-30,Xiao Long,Jian Hu,Xiao Long,,
2016-07-30,Ryan Benoit,Fredy Serrano,Ryan Benoit,DEC,
2016-07-30,Ronnie Borja,Jalin Turner,Ronnie Borja,,CFL: California Fight League 8
2016-07-30,Anthony Hamilton,Damian Grabowski,Anthony Hamilton,KO/TKO,
2016-07-30,Ross Pearson,Jorge Masvidal,Jorge Masvidal,DEC,
2016-07-31,Jingnan Xiong,Mona Samir,Jingnan Xiong,,
2016-08-06,Court McGee,Dominique Steele,Court McGee,DEC,
2016-08-06,Robert Bryczek,Grzegorz Siwy,Robert Bryczek,,Spartan Fight 4: Bryczek vs. Siwy
2016-08-06,Thales Leites,Chris Camozzi,Thales Leites,SUB,
2016-08-06,Teruto Ishihara,Horacio Gutierrez,Teruto Ishihara,KO/TKO,
2016-08-06,David Teymur,Jason Novelli,David Teymur,KO/TKO,
2016-08-06,Sean Brady,Chauncey Foxworth,Sean Brady,,CFFC 60: Webb vs. Steele
2016-08-06,Chase Sherman,Justin Ledet,Justin Ledet,DEC,
2016-08-06,Santiago Ponzinibbio,Zak Cummings,Santiago Ponzinibbio,DEC,
2016-08-06,Trevor Smith,Joseph Gigliotti,Trevor Smith,DEC,
2016-08-06,Dennis Bermudez,Rony Jason,Dennis Bermudez,DEC,
2016-08-06,Maryna Moroz,Danielle Taylor,Maryna Moroz,DEC,
2016-08-06,Yair Rodriguez,Alex Caceres,Yair Rodriguez,DEC,
2016-08-06,Cub Swanson,Tatsuya Kawajiri,Cub Swanson,DEC,
2016-08-06,Viktor Pesta,Marcin Tybura,Marcin Tybura,KO/TKO,
2016-08-11,John Castaneda,Angel Luis Cruz,John Castaneda,,Combate Americas: Combate Ocho
2016-08-13,Ignacio Bahamondes,Dion Rizzuto,Ignacio Bahamondes,,Square Ring Promotions: Island Fights 38
2016-08-13,Gillian Robertson,Monica Medina,Gillian Robertson,,FFI: Blood and Sand 20
2016-08-18,Louis Jourdain,Sam Debalke,Louis Jourdain,,Wreck MMA Pro Series
2016-08-19,Alex Perez,Ray Elizalde,Alex Perez,,RFA 42: Giagos vs. Estrazulas
2016-08-20,Cody Garbrandt,Takeya Mizugaki,Cody Garbrandt,KO/TKO,
2016-08-20,Artem Lobov,Chris Avila,Artem Lobov,DEC,
2016-08-20,Tim Means,Sabah Homasi,Tim Means,KO/TKO,
2016-08-20,Alberto Uda,Marvin Vettori,Marvin Vettori,SUB,
2016-08-20,Nate Diaz,Conor McGregor,Conor McGregor,DEC,
2016-08-20,Ding Meng,Sung Won Son,Ding Meng,,
2016-08-20,Raquel Pennington,Elizabeth Phillips,Raquel Pennington,DEC,
2016-08-20,Colby Covington,Max Griffin,Colby Covington,KO/TKO,
2016-08-20,Randa Markos,Cortney Casey,Cortney Casey,SUB,
2016-08-20,Anthony Johnson,Glover Teixeira,Anthony Johnson,KO/TKO,
2016-08-20,Hyun Gyu Lim,Mike Perry,Mike Perry,KO/TKO,
2016-08-20,Rick Story,Donald Cerrone,Donald Cerrone,KO/TKO,
2016-08-20,Neil Magny,Lorenz Larkin,Lorenz Larkin,KO/TKO,
2016-08-21,Roman Kopylov,Jose Aparecido Santos Gomes,Roman Kopylov,,League S-70: Plotforma 7th
2016-08-26,Benson Henderson,Patricio Pitbull,Benson Henderson,,Bellator 160: Henderson vs. Freire
2016-08-27,Chad Laprise,Thibault Gouti,Chad Laprise,KO/TKO,
2016-08-27,Joseph Morales,Gerald Bailey,Joseph Morales,,Global Knockout 7
2016-08-27,Sam Alvey,Kevin Casey,Sam Alvey,KO/TKO,
2016-08-27,Shane Campbell,Felipe Silva,Felipe Silva,KO/TKO,
2016-08-27,Ismail Naurdiev,Daniel Skibinski,Ismail Naurdiev,,WFC 20: Exclusive Fight Night
2016-08-27,Demian Maia,Carlos Condit,Demian Maia,SUB,
2016-08-27,Jeremy Kennedy,Alex Ricci,Jeremy Kennedy,DEC,
2016-08-27,Anthony Pettis,Charles Oliveira,Anthony Pettis,SUB,
2016-08-27,Anthony Hernandez,Jumoke Hunter,Anthony Hernandez,,Global Knockout 7
2016-08-27,Paige VanZant,Bec Rawlings,Paige VanZant,KO/TKO,
2016-08-27,Enrique Barzola,Kyle Bochniak,Kyle Bochniak,DEC,
2016-08-27,Garreth McLellan,Alessio Di Chirico,Alessio Di Chirico,DEC,
2016-08-27,Joe Lauzon,Jim Miller,Jim Miller,DEC,
2016-09-01,Elves Brener,Eurides Bandeira,Elves Brener,,Amazon Talent 5
2016-09-03,Scott Askham,Jack Hermansson,Jack Hermansson,DEC,
2016-09-03,Peter Sobotta,Nicolas Dalby,Peter Sobotta,DEC,
2016-09-03,Jessin Ayari,Jim Wallhead,Jessin Ayari,DEC,
2016-09-03,Taylor Lapilus,Leandro Issa,Taylor Lapilus,DEC,
2016-09-03,Ashlee Evans-Smith,Veronica Hardy,Ashlee Evans-Smith,KO/TKO,
2016-09-03,Deiveson Figueiredo,Denis Araujo,Deiveson Figueiredo,,Jungle Fight 90
2016-09-03,Ryan Bader,Ilir Latifi,Ryan Bader,KO/TKO,
2016-09-03,Nick Hein,Tae Hyun Bang,Nick Hein,DEC,
2016-09-03,Rustam Khabilov,Leandro Silva,Rustam Khabilov,DEC,
2016-09-03,Alexander Gustafsson,Jan Blachowicz,Alexander Gustafsson,DEC,
2016-09-03,Norma Dumont,Tainara Lisboa,Norma Dumont,,Jungle Fight 90
2016-09-03,Andrei Arlovski,Josh Barnett,Josh Barnett,SUB,
2016-09-04,Kai Asakura,Yoichi Oi,Kai Asakura,,Rings: The Outsider 42
2016-09-09,Alonzo Menifield,Brock Combs,Alonzo Menifield,,RFA 43: Camozzi vs. Barnes
2016-09-10,Drew Dober,Jason Gonzalez,Drew Dober,KO/TKO,
2016-09-10,CM Punk,Mickey Gall,Mickey Gall,SUB,
2016-09-10,Brad Tavares,Caio Magalhaes,Brad Tavares,DEC,
2016-09-10,Urijah Faber,Jimmie Rivera,Jimmie Rivera,DEC,
2016-09-10,José Montanha,Rodrigo Maia,José Montanha,,
2016-09-10,Jessica Andrade,Joanne Wood,Jessica Andrade,SUB,
2016-09-10,Stipe Miocic,Alistair Overeem,Stipe Miocic,KO/TKO,
2016-09-10,Yancy Medeiros,Sean Spencer,Yancy Medeiros,SUB,
2016-09-10,Jingnan Xiong,Julia Borisova,Jingnan Xiong,,
2016-09-10,Fabricio Werdum,Travis Browne,Fabricio Werdum,DEC,
2016-09-10,Jessica Eye,Bethe Correia,Bethe Correia,DEC,
2016-09-10,Gabriel Bonfim,Kleverson Cruz,Gabriel Bonfim,,BMMAL: Brazilian MMA League 11
2016-09-10,Nik Lentz,Michael McBride,Nik Lentz,KO/TKO,
2016-09-15,Andrew Lagdaan,Jalin Turner,Andrew Lagdaan,,Smash Global 4: Fight Bullying
2016-09-17,Augusto Montano,Belal Muhammad,Belal Muhammad,KO/TKO,
2016-09-17,JJ Aldrich,Kathina Lowe,JJ Aldrich,,FCF: Freestyle Cage Fighting 53
2016-09-17,Erick Montano,Randy Brown,Randy Brown,SUB,
2016-09-17,Chas Skelly,Maximo Blanco,Chas Skelly,SUB,
2016-09-17,Dustin Poirier,Michael Johnson,Michael Johnson,KO/TKO,
2016-09-17,Roan Carneiro,Kenny Robertson,Roan Carneiro,DEC,
2016-09-17,Evan Dunham,Ricky Glenn,Evan Dunham,DEC,
2016-09-17,Chris Wade,Islam Makhachev,Islam Makhachev,DEC,
2016-09-17,Uriah Hall,Derek Brunson,Derek Brunson,KO/TKO,
2016-09-17,Antonio Carlos Junior,Leonardo Guimaraes,Antonio Carlos Junior,SUB,
2016-09-17,Jose Quinonez,Joey Gomez,Jose Quinonez,DEC,
2016-09-17,Gabriel Benitez,Sam Sicilia,Gabriel Benitez,SUB,
2016-09-18,Mauricio Ruffy,Marlon de Souza,Mauricio Ruffy,,PFC: Premium Fight Championship 6
2016-09-18,Dominick Reyes,Tyler Smith,Dominick Reyes,,KOTC: Martial Law
2016-09-22,Xiao Long,Xuwei Yan,Xiao Long,,
2016-09-23,Merab Dvalishvili,Paul Grant,Merab Dvalishvili,,ROC 56: Ring of Combat 56
2016-09-23,Abus Magomedov,Ivica Truscek,Abus Magomedov,,FFC 26: Final Fight Championship 26
2016-09-23,Brendan Allen,Matt Jones,Brendan Allen,,MCF Productions: MCFP 2
2016-09-24,Billy Quarantillo,Matt DiMarcantonio,Billy Quarantillo,,
2016-09-24,Vicente Luque,Hector Urbina,Vicente Luque,KO/TKO,
2016-09-24,Gilbert Burns,Michel Prazeres,Michel Prazeres,DEC,
2016-09-24,Alan Patrick,Stevie Ray,Alan Patrick,DEC,
2016-09-24,Godofredo Pepey,Mike de la Torre,Godofredo Pepey,SUB,
2016-09-24,Thiago Santos,Eric Spicely,Eric Spicely,SUB,
2016-09-24,Renan Barao,Phillipe Nover,Renan Barao,DEC,
2016-09-24,Glaico Franca Moreira,Gregor Gillespie,Gregor Gillespie,DEC,
2016-09-24,Rani Yahya,Michinori Tanaka,Rani Yahya,DEC,
2016-09-24,Rashid Magomadov,Farés Ziam,Rashid Magomadov,,ACB 46: Young Eagles 13
2016-09-24,Cristiane Justino,Lina Lansberg,Cristiane Justino,KO/TKO,
2016-09-24,Jussier Formiga,Dustin Ortiz,Jussier Formiga,DEC,
2016-09-24,Roy Nelson,Antonio Silva,Roy Nelson,KO/TKO,
2016-09-24,Francisco Trinaldo,Paul Felder,Francisco Trinaldo,KO/TKO,
2016-09-24,Erick Silva,Luan Chagas,Erick Silva,SUB,
2016-09-28,Ding Meng,Batyrmurat Hojamuradov,Ding Meng,,
2016-09-28,Aoriqileng,Rishat Kharisov,Aoriqileng,,WLF: E.P.I.C.: Elevation Power in Cage 8
2016-09-28,Sumudaerji,Teimur Rahimov,Sumudaerji,,WLF: E.P.I.C.: Elevation Power in Cage 8
2016-09-30,Sean Woodson,Kevin Brown Jr.,Sean Woodson,,RFA 44: Moises vs. Freeman
2016-09-30,Tanner Boser,Joe Yager,Tanner Boser,,Unified MMA 28
2016-09-30,Drakkar Klose,Hugh Pulley,Drakkar Klose,,RFA 44: Moises vs. Freeman
2016-10-01,Shamil Abdurakhimov,Walt Harris,Shamil Abdurakhimov,DEC,
2016-10-01,Louis Smolka,Brandon Moreno,Brandon Moreno,SUB,
2016-10-01,Jonathan Wilson,Ion Cutelaba,Ion Cutelaba,DEC,
2016-10-01,Grant Dawson,Mike Plazola,Grant Dawson,,Cageside Promotions: KC Fighting Alliance 20
2016-10-01,Kelly Faszholz,Ketlen Vieira,Ketlen Vieira,DEC,
2016-10-01,Will Brooks,Alex Oliveira,Alex Oliveira,KO/TKO,
2016-10-01,Keita Nakamura,Elizeu Zaleski dos Santos,Elizeu Zaleski dos Santos,DEC,
2016-10-01,Henrique da Silva,Joachim Christensen,Henrique da Silva,SUB,
2016-10-01,John Lineker,John Dodson,John Lineker,DEC,
2016-10-01,Joshua Burkman,Zak Ottow,Zak Ottow,DEC,
2016-10-01,Cody East,Curtis Blaydes,Curtis Blaydes,KO/TKO,
2016-10-01,Nate Marquardt,Tamdan McCrory,Nate Marquardt,KO/TKO,
2016-10-01,Hacran Dias,Andre Fili,Andre Fili,DEC,
2016-10-01,Mateusz Gamrot,Renato Gomes Gabriel,Mateusz Gamrot,,KSW 36: Materla vs. Palhares
2016-10-02,Azamat Murzakanov,Andre Muniz,Azamat Murzakanov,,Tech-Krep FC: International Caucasian Fight Championship
2016-10-02,Nursulton Ruziboev,Vladimir Katykhin,Nursulton Ruziboev,,N1 Pro Nomad MMA: Asian Fighter Tournament 2016
2016-10-08,Joel Álvarez,Moncef Ed Doukani,Joel Álvarez,,MMA Casino Fights: Alvarez vs Ed Doukani
2016-10-08,Ovince Saint Preux,Jimi Manuwa,Jimi Manuwa,KO/TKO,
2016-10-08,Stefan Struve,Daniel Omielanczuk,Stefan Struve,SUB,
2016-10-08,Valesca Machado,Elaine Leal,Valesca Machado,,Champions Fight 5 - Diego vs. Jose Nildo
2016-10-08,Leon Edwards,Albert Tumenov,Leon Edwards,SUB,
2016-10-08,Danny Roberts,Mike Perry,Mike Perry,KO/TKO,
2016-10-08,Vitor Belfort,Gegard Mousasi,Gegard Mousasi,KO/TKO,
2016-10-08,Brad Pickett,Iuri Alcantara,Iuri Alcantara,SUB,
2016-10-08,Lukasz Sajewski,Marc Diakiese,Marc Diakiese,KO/TKO,
2016-10-08,Michael Bisping,Dan Henderson,Michael Bisping,DEC,
2016-10-08,Gabriel Bonfim,Lucas Eduardo Silva,Gabriel Bonfim,,Aspera Fighting Championship 45
2016-10-08,Davey Grant,Damian Stasiak,Damian Stasiak,SUB,
2016-10-08,Leonardo Santos,Adriano Martins,Leonardo Santos,DEC,
2016-10-08,Djorden Santos,Eduardo Silva,Djorden Santos,,Aspera Fighting Championship 45
2016-10-08,Mirsad Bektic,Russell Doane,Mirsad Bektic,SUB,
2016-10-14,Ding Meng,Byung Ha Lim,Ding Meng,,
2016-10-14,John Castaneda,Gustavo Lopez,John Castaneda,,Combate Americas: Empire Rising
2016-10-14,Xiao Long,Bowen Liu,Xiao Long,,
2016-10-14,Mackenzie Dern,Montana De La Rosa,Mackenzie Dern,,LFC 61: Legacy Fighting Championship 61
2016-10-15,Marc-Andre Barriault,Strahinja Gavrilovic,Marc-Andre Barriault,,Hybrid Combat: Hybrid Pro Series 5
2016-10-15,Nasrat Haqparast,Patrik Berisha,Nasrat Haqparast,,WLMMA: We Love MMA 24
2016-10-15,Julien LeBlanc,Gabriel Rossi,Julien LeBlanc,,Hybrid Combat: Hybrid Pro Series 5
2016-10-15,Tai Tuivasa,James McSweeney,Tai Tuivasa,,AFC 17: Australian Fighting Championship 17
2016-10-15,Ding Meng,Farzad Ghaderi,Ding Meng,,
2016-10-15,Charles Johnson,Alex Stephens,Charles Johnson,,Tru Rev MMA: True Revelation MMA 31
2016-10-15,Esteban Ribovics,Maximiliano Ortiz,Esteban Ribovics,,HFC: Noche de Campeones 18
2016-10-16,Ismail Naurdiev,Garik Shahbabyan,Ismail Naurdiev,,Aggrelin 14: Cage Fight Salzburg
2016-10-21,Muslim Salikhov,Ivan Jorge,Muslim Salikhov,,Kunlun Fight: Cage Series 6
2016-10-21,Arman Tsarukyan,Alexander Merezhko,Arman Tsarukyan,,MFP: Governor's Pankration Cup 2016
2016-10-22,Daniyar Abdibaev,Nursulton Ruziboev,Daniyar Abdibaev,,WEF: Grand Prix 2016
2016-10-22,Gillian Robertson,Miki Rogers,Gillian Robertson,,AF: Atlas Fights 29
2016-10-24,Shamil Nasrudinov,Rongzhu,Shamil Nasrudinov,,WLF: E.P.I.C.: Elevation Power in Cage 9
2016-10-24,Aoriqileng,Ahmad Davlatov,Aoriqileng,,WLF: E.P.I.C.: Elevation Power in Cage 9
2016-10-24,Ding Meng,Artur Temishev,Ding Meng,,
2016-10-24,Renat Ondar,Song Yadong,Renat Ondar,,WLF: E.P.I.C.: Elevation Power in Cage 9
2016-10-27,Elves Brener,Bruno Quintanilha,Elves Brener,,Amazon Talent 6
2016-10-28,Raoni Barcelos,Dan Moret,Raoni Barcelos,,RFA 45: Meerschaert vs. Waldon
2016-10-29,Abus Magomedov,Mathias Schuck,Abus Magomedov,,Superior FC 15: Superior Fighting Championship 15
2016-10-29,Reinier de Ridder,Alexander Heinrich,Reinier de Ridder,,
2016-11-04,Robert Bryczek,Artur Kaminski,Robert Bryczek,,PLMMA 70 - Championships Torwar
2016-11-04,Charles Jourdain,Marc-Antoine Lidji,Charles Jourdain,,TKO 36: Resurrection
2016-11-04,Louis Jourdain,Binaebi Otoru,Louis Jourdain,,TKO 36: Resurrection
2016-11-05,Diego Sanchez,Marcin Held,Diego Sanchez,DEC,
2016-11-05,Nate Landwehr,Solon Staley,Nate Landwehr,,A&A Fight Time Promotions: November to Remember
2016-11-05,Rafael Dos Anjos,Tony Ferguson,Tony Ferguson,DEC,
2016-11-05,Enrique Barzola,Chris Avila,Enrique Barzola,DEC,
2016-11-05,Alexa Grasso,Heather Clark,Alexa Grasso,DEC,
2016-11-05,Ricardo Lamas,Charles Oliveira,Ricardo Lamas,SUB,
2016-11-05,Erik Perez,Felipe Arantes,Erik Perez,DEC,
2016-11-05,Martin Bravo,Claudio Puelles,Martin Bravo,KO/TKO,
2016-11-05,Kennedy Nzechukwu,Matt Foster,Kennedy Nzechukwu,,
2016-11-05,Beneil Dariush,Rashid Magomedov,Beneil Dariush,DEC,
2016-11-05,Erick Montano,Max Griffin,Max Griffin,KO/TKO,
2016-11-05,Sam Alvey,Alex Nicholson,Sam Alvey,DEC,
2016-11-05,Marco Polo Reyes,Jason Novelli,Marco Polo Reyes,DEC,
2016-11-05,Henry Briones,Douglas Silva de Andrade,Douglas Silva de Andrade,KO/TKO,
2016-11-05,Arman Tsarukyan,Dmitriy Shkrabiy,Arman Tsarukyan,,MFP 204: International Pankration Tournament
2016-11-05,Marco Beltran,Joe Soto,Joe Soto,SUB,
2016-11-06,Xiao Long,Qingtuan Wu,Xiao Long,,
2016-11-10,Jackie Gosh,Joaquin Buckley,Jackie Gosh,,Bellator 164: Koreshkov vs. Lima 2
2016-11-11,Dan Ige,Diego Pichilingue,Dan Ige,,LFC 62: Legacy Fighting Championship 62
2016-11-12,Jim Miller,Thiago Alves,Jim Miller,DEC,
2016-11-12,Ignacio Bahamondes,Rafael Carolino,Ignacio Bahamondes,,Guerra Campal 3 - Bahamondes vs. Carolino
2016-11-12,Eddie Alvarez,Conor McGregor,Conor McGregor,KO/TKO,
2016-11-12,Miesha Tate,Raquel Pennington,Raquel Pennington,DEC,
2016-11-12,Vicente Luque,Belal Muhammad,Vicente Luque,KO/TKO,
2016-11-12,Rafael Natal,Tim Boetsch,Tim Boetsch,KO/TKO,
2016-11-12,Joanna Jedrzejczyk,Karolina Kowalkiewicz,Joanna Jedrzejczyk,DEC,
2016-11-12,Khabib Nurmagomedov,Michael Johnson,Khabib Nurmagomedov,SUB,
2016-11-12,Liz Carmouche,Katlyn Cerminara,Liz Carmouche,DEC,
2016-11-12,Morgan Charrière,Alex Kherfallah,Morgan Charrière,,OFC: Octagon Fighting Club 16
2016-11-12,Frankie Edgar,Jeremy Stephens,Frankie Edgar,DEC,
2016-11-12,Chris Weidman,Yoel Romero,Yoel Romero,KO/TKO,
2016-11-18,JJ Aldrich,Lynn Alvarez,JJ Aldrich,,Invicta FC 20: Evinger vs. Kunitskaya
2016-11-18,Merab Dvalishvili,Tony Gravely,Merab Dvalishvili,,ROC 57: Ring of Combat 57
2016-11-18,Gregory Rodrigues,Robert Reed,Gregory Rodrigues,,Square Ring Promotions: Island Fights 39
2016-11-19,Yan Xiaonan,Emi Fujino,,Draw,Road FC 34: Road Fighting Championship 34
2016-11-19,Alatengheili,Nam Jin Jo,,Draw,Road FC 34: Road Fighting Championship 34
2016-11-19,Artem Lobov,Teruto Ishihara,Artem Lobov,DEC,
2016-11-19,Timothy Johnson,Alexander Volkov,Alexander Volkov,DEC,
2016-11-19,Marcos Rogerio de Lima,Gadzhimurad Antigulov,Gadzhimurad Antigulov,SUB,
2016-11-19,Brett Johns,Kwan Ho Kwak,Brett Johns,DEC,
2016-11-19,Charlie Ward,Abdul Razak Alhassan,Abdul Razak Alhassan,KO/TKO,
2016-11-19,Cynthia Calvillo,Gillian Robertson,Cynthia Calvillo,,Global Knockout 8
2016-11-19,Anna Elmose,Amanda Cooper,Amanda Cooper,DEC,
2016-11-19,Ryan Bader,Rogerio Nogueira,Ryan Bader,KO/TKO,
2016-11-19,Warlley Alves,Kamaru Usman,Kamaru Usman,DEC,
2016-11-19,Farés Ziam,Damien Lapilus,Farés Ziam,,Lyon Fighting Championship 7
2016-11-19,Ross Pearson,Stevie Ray,Stevie Ray,DEC,
2016-11-19,Joseph Morales,Josh Paiva,Joseph Morales,,Global Knockout 8
2016-11-19,Claudia Gadelha,Cortney Casey,Claudia Gadelha,DEC,
2016-11-19,Luis Henrique,Christian Colombo,Luis Henrique,SUB,
2016-11-19,Zak Cummings,Alexander Yakovlev,Zak Cummings,SUB,
2016-11-19,Justin Ledet,Mark Godbeer,Justin Ledet,SUB,
2016-11-19,Thales Leites,Krzysztof Jotko,Krzysztof Jotko,DEC,
2016-11-19,Alexander Volkov,Tim Johnson,Alexander Volkov,,
2016-11-19,Kyoji Horiguchi,Ali Bagautinov,Kyoji Horiguchi,DEC,
2016-11-19,Jean Silva,Lorenzo Rodrigues,Jean Silva,,AFC: Aspera Fighting Championship 48
2016-11-19,Kevin Lee,Magomed Mustafaev,Kevin Lee,SUB,
2016-11-19,Cezar Ferreira,Jack Hermansson,Cezar Ferreira,SUB,
2016-11-19,Pedro Munhoz,Justin Scoggins,Pedro Munhoz,SUB,
2016-11-19,Johnny Eduardo,Manvel Gamburyan,Johnny Eduardo,KO/TKO,
2016-11-19,Thomas Almeida,Albert Morales,Thomas Almeida,KO/TKO,
2016-11-19,Magnus Cedenblad,Jack Marshman,Jack Marshman,KO/TKO,
2016-11-19,Marion Reneau,Milana Dudieva,Marion Reneau,KO/TKO,
2016-11-19,Michael Page,Fernando Gonzalez,Michael Page,,Bellator 165: Chandler vs. Henderson
2016-11-19,Sergio Moraes,Zak Ottow,Sergio Moraes,DEC,
2016-11-19,Gegard Mousasi,Uriah Hall,Gegard Mousasi,KO/TKO,
2016-11-26,Khalil Rountree Jr.,Tyson Pedro,Tyson Pedro,SUB,
2016-11-26,Cam Rowston,Reza Almasi,Cam Rowston,,BRACE 45
2016-11-26,Djorden Santos,Cristiano Bonis,Djorden Santos,,Federal Gladiators Combat 2
2016-11-26,Marlon Vera,Guangyou Ning,Marlon Vera,DEC,
2016-11-26,Seo Hee Ham,Danielle Taylor,Danielle Taylor,DEC,
2016-11-26,Roman Kopylov,Islam Gugov,Roman Kopylov,,ACB 49: Rostov Onslaught
2016-11-26,Dan Hooker,Jason Knight,Jason Knight,DEC,
2016-11-26,Daniel Kelly,Chris Camozzi,Daniel Kelly,DEC,
2016-11-26,Ding Meng,Brokken Howell,Ding Meng,,
2016-11-26,Dustin Stoltzfus,David Moscatelli,Dustin Stoltzfus,,WLMMA: We Love MMA 26
2016-11-26,Morgan Charrière,William Gomis,Morgan Charrière,,100% Fight: Contenders 33
2016-11-26,Richard Walsh,Jonathan Meunier,Jonathan Meunier,DEC,
2016-11-26,Jake Matthews,Andrew Holbrook,Andrew Holbrook,DEC,
2016-11-26,Yusuke Kasuya,Alexander Volkanovski,Alexander Volkanovski,KO/TKO,
2016-11-26,Ben Nguyen,Geane Herrera,Ben Nguyen,DEC,
2016-11-26,Song Yadong,Shamil Nasrudinov,Song Yadong,,WLF: W.A.R.S. 10
2016-11-26,Yao Zhikui,Jenel Lausa,Jenel Lausa,DEC,
2016-11-26,Kyle Noke,Omari Akhmedov,Omari Akhmedov,DEC,
2016-11-26,Damien Brown,Jon Tuck,Damien Brown,DEC,
2016-11-26,Robert Whittaker,Derek Brunson,Robert Whittaker,KO/TKO,
2016-11-27,Nursulton Ruziboev,Suyarbek Saifov,Nursulton Ruziboev,,TFC Danghara 2016: Battle For The Title Of Ismoil Somoni 5
2016-11-27,Francesco Nuzzi,Alessio Esposito,Francesco Nuzzi,,
2016-12-01,Tim Elliott,Hiromasa Ougikubo,Tim Elliott,,
2016-12-01,Deiveson Figueiredo,Ricardo Socorro da Silva,Deiveson Figueiredo,,SMF: Salvaterra Marajo Fight 5
2016-12-02,Vadim Buseev,Xiao Long,Vadim Buseev,,
2016-12-02,Jack Jenkins,George Milliaras,Jack Jenkins,,
2016-12-02,Chad Anheliger,James Mancini,Chad Anheliger,,Havoc Fighting Championship: HFC 11
2016-12-02,Rodrigo Vera,Diego Leksander,Rodrigo Vera,,300 Sparta 14: Instinto vs. Pitbull
2016-12-02,Brendan Allen,Sidney Wheeler,Brendan Allen,,Valor Fights 39: Wheeler vs. Allen
2016-12-03,Chidi Njokuani,Andre Fialho,Chidi Njokuani,,Bellator 167: Taimanglo vs. Caldwell 2
2016-12-03,Dong Hyun Ma,Brendan O'Reilly,Dong Hyun Ma,DEC,
2016-12-03,Ion Cutelaba,Jared Cannonier,Jared Cannonier,DEC,
2016-12-03,Sara McMann,Alexis Davis,Sara McMann,SUB,
2016-12-03,Brandon Moreno,Ryan Benoit,Brandon Moreno,DEC,
2016-12-03,Édgar Cháirez,Enrique Diarte,Édgar Cháirez,,WCF 8: Warrior Championship Fighting 8
2016-12-03,Rafa Garcia,Jovany Amador,Rafa Garcia,,WCF 8: Warrior Championship Fighting 8
2016-12-03,Gray Maynard,Ryan Hall,Ryan Hall,DEC,
2016-12-03,Demetrious Johnson,Tim Elliott,Demetrious Johnson,DEC,
2016-12-03,Elvis Mutapcic,Anthony Smith,Anthony Smith,KO/TKO,
2016-12-03,Rob Font,Matt Schnell,Rob Font,KO/TKO,
2016-12-03,Joseph Benavidez,Henry Cejudo,Joseph Benavidez,DEC,
2016-12-03,Jake Ellenberger,Jorge Masvidal,Jorge Masvidal,KO/TKO,
2016-12-03,Kailin Curran,Jamie Moyle,Jamie Moyle,DEC,
2016-12-03,Josh Stansbury,Devin Clark,Devin Clark,DEC,
2016-12-09,Corey Anderson,Sean O'Connell,Corey Anderson,KO/TKO,
2016-12-09,Keith Berish,Ryan Janes,Ryan Janes,DEC,
2016-12-09,Movsar Evloev,Lee Morrison,Movsar Evloev,,M-1 Challenge 73: Battle of Narts
2016-12-09,Derrick Lewis,Shamil Abdurakhimov,Derrick Lewis,KO/TKO,
2016-12-09,Andrew Sanchez,Trevor Smith,Andrew Sanchez,DEC,
2016-12-09,Francis Ngannou,Anthony Hamilton,Francis Ngannou,SUB,
2016-12-09,Tiago dos Santos e Silva,Shane Burgos,Shane Burgos,DEC,
2016-12-09,Juliana Lima,JJ Aldrich,Juliana Lima,DEC,
2016-12-09,Justine Kish,Ashley Yoder,Justine Kish,DEC,
2016-12-09,Frankie Perez,Marc Diakiese,Marc Diakiese,DEC,
2016-12-09,Gian Villante,Saparbeg Safarov,Gian Villante,KO/TKO,
2016-12-09,Roman Dolidze,Alexander Kovbel,Roman Dolidze,,RFP: West Fight 23
2016-12-09,Randy Brown,Brian Camozzi,Randy Brown,KO/TKO,
2016-12-09,Joseph Gigliotti,Gerald Meerschaert,Gerald Meerschaert,SUB,
2016-12-10,Mitch Gagnon,Matthew Lopez,Matthew Lopez,DEC,
2016-12-10,Valerie Letourneau,Viviane Pereira,Viviane Pereira,DEC,
2016-12-10,Zach Makovsky,Dustin Ortiz,Dustin Ortiz,DEC,
2016-12-10,Donald Cerrone,Matt Brown,Donald Cerrone,KO/TKO,
2016-12-10,John Makdessi,Lando Vannata,Lando Vannata,KO/TKO,
2016-12-10,Arman Tsarukyan,Alexander Belikh,Arman Tsarukyan,,MFP: Eastern Rubicon 2
2016-12-10,Cub Swanson,Dooho Choi,Cub Swanson,DEC,
2016-12-10,Jordan Mein,Emil Meek,Emil Meek,DEC,
2016-12-10,Olivier Aubin-Mercier,Drew Dober,Olivier Aubin-Mercier,SUB,
2016-12-10,Eduardo Chapolin,Wilherson Rithieri,Eduardo Chapolin,,
2016-12-10,Max Holloway,Anthony Pettis,Max Holloway,KO/TKO,
2016-12-10,Jason Saggo,Rustam Khabilov,Rustam Khabilov,DEC,
2016-12-10,Nikita Krylov,Misha Cirkunov,Misha Cirkunov,SUB,
2016-12-10,Tim Kennedy,Kelvin Gastelum,Kelvin Gastelum,KO/TKO,
2016-12-15,Haotian Wu,Farés Ziam,Haotian Wu,,Kunlun Fight: Kunlun Fight MMA 7
2016-12-15,Jingnan Xiong,Alena Gondasova,Jingnan Xiong,,
2016-12-16,Tanner Boser,Rakim Cleveland,Tanner Boser,,Unified MMA 29
2016-12-16,Umar Nurmagomedov,Rishat Kharisov,Umar Nurmagomedov,,EFN: Fight Nights Global 57
2016-12-17,Eddie Wineland,Takeya Mizugaki,Eddie Wineland,KO/TKO,
2016-12-17,Josh Emmett,Scott Holtzman,Josh Emmett,DEC,
2016-12-17,Urijah Faber,Brad Pickett,Urijah Faber,DEC,
2016-12-17,Leslie Smith,Irene Aldana,Leslie Smith,DEC,
2016-12-17,James Moontasri,Alex Morono,Alex Morono,DEC,
2016-12-17,Sage Northcutt,Mickey Gall,Mickey Gall,SUB,
2016-12-17,Henrique da Silva,Paul Craig,Paul Craig,SUB,
2016-12-17,Aoriqileng,Martial Seguy,Aoriqileng,,100% Fight - Contenders 34: France vs. China
2016-12-17,Bryan Barberena,Colby Covington,Colby Covington,DEC,
2016-12-17,Ismail Naurdiev,Laszlo Szogyenyi,Ismail Naurdiev,,WFC 21 - Olimp: Road to KSW
2016-12-17,Alan Jouban,Mike Perry,Alan Jouban,DEC,
2016-12-17,Giga Chikadze,Joe Bear,Giga Chikadze,,Gladiator Challenge: Season's Beatings
2016-12-17,Aoriqileng,Willy Zancanaro,Aoriqileng,,100% Fight - Contenders 34: France vs. China
2016-12-17,Bojan Velickovic,Sultan Aliev,Sultan Aliev,DEC,
2016-12-17,Hector Sandoval,Fredy Serrano,Hector Sandoval,DEC,
2016-12-17,Cole Miller,Mizuto Hirota,Mizuto Hirota,DEC,
2016-12-17,Paige VanZant,Michelle Waterson-Gomez,Michelle Waterson-Gomez,SUB,
2016-12-18,Alex Perez,Ralph Acosta,Alex Perez,,KOTC: Warranted Aggression
2016-12-18,Kauê Fernandes,Eduardo Santiago,Kauê Fernandes,,
2016-12-18,Christian Aguilera,Chris Padilla,Christian Aguilera,,KOTC: Warranted Aggression
2016-12-22,Elves Brener,Janaildo De Oliveira,Elves Brener,,Mr. Cage Championship: Mr. Cage 25
2016-12-30,Johny Hendricks,Neil Magny,Neil Magny,DEC,
2016-12-30,Dong Hyun Kim,Tarec Saffiedine,Dong Hyun Kim,DEC,
2016-12-30,Amanda Nunes,Ronda Rousey,Amanda Nunes,KO/TKO,
2016-12-30,Louis Smolka,Ray Borg,Ray Borg,DEC,
2016-12-30,TJ Dillashaw,John Lineker,TJ Dillashaw,DEC,
2016-12-30,Antonio Carlos Junior,Marvin Vettori,Antonio Carlos Junior,DEC,
2016-12-30,Mike Pyle,Alex Garcia,Alex Garcia,KO/TKO,
2016-12-30,Dominick Cruz,Cody Garbrandt,Cody Garbrandt,DEC,
2016-12-30,Brandon Thatch,Niko Price,Niko Price,SUB,
2017-01-05,Umar Nurmagomedov,Ulukbek Amanbaev,Umar Nurmagomedov,,Fight Star: Battle on Sura 6
2017-01-07,Ding Meng,Kuerbanjiang Tuluosibake,Ding Meng,,
2017-01-07,Renat Ondar,Song Yadong,Renat Ondar,,WLF: WLF World Championships
2017-01-07,Charles Johnson,Ray Allard,Charles Johnson,,FHMMA: Fight Hard MMA
2017-01-07,Xiao Long,Getumuji Wu,Xiao Long,,
2017-01-08,Rongzhu,Fengkai Niu,Rongzhu,,"CWM MMA: Chin Woo Men 2016-17 Season, Stage 3"
2017-01-13,Sumudaerji,Junye Gao,Sumudaerji,,WLF: WLF World Championship
2017-01-13,Tyler Wilson,Louis Jourdain,Tyler Wilson,,TKO 37: Rivals
2017-01-13,Charles Jourdain,Michael Cyr,Charles Jourdain,,TKO 37: Rivals
2017-01-15,Dmitrii Smoliakov,Cyril Asker,Cyril Asker,KO/TKO,
2017-01-15,Joe Lauzon,Marcin Held,Joe Lauzon,DEC,
2017-01-15,Anthony Rocco Martin,Alex White,Anthony Rocco Martin,DEC,
2017-01-15,Yair Rodriguez,BJ Penn,Yair Rodriguez,KO/TKO,
2017-01-15,Court McGee,Ben Saunders,Ben Saunders,DEC,
2017-01-15,Devin Powell,Drakkar Klose,Drakkar Klose,DEC,
2017-01-15,Frankie Saenz,Augusto Mendes,Augusto Mendes,DEC,
2017-01-15,Bojan Mihajlovic,Joachim Christensen,Joachim Christensen,KO/TKO,
2017-01-15,Aleksei Oleinik,Viktor Pesta,Aleksei Oleinik,SUB,
2017-01-15,Jocelyn Jones-Lybarger,Nina Nunes,Nina Nunes,SUB,
2017-01-15,Walt Harris,Chase Sherman,Walt Harris,KO/TKO,
2017-01-15,John Moraga,Sergio Pettis,Sergio Pettis,DEC,
2017-01-19,Rafa Garcia,Raul Najera Ocampo,Rafa Garcia,,Combate Americas: Combate 10
2017-01-21,Ismail Naurdiev,Andrei Vasinca,Ismail Naurdiev,,ACB 52: Another Level of MMA Fighting
2017-01-21,Jalin Turner,Gabe Green,Jalin Turner,,Bellator 170: Sonnen vs. Ortiz
2017-01-24,Aoriqileng,Max Leali,Aoriqileng,,KFWC: Kung Fu World Cup 2017: Day 1
2017-01-24,Francesco Nuzzi,Chenjin Wei,Francesco Nuzzi,,
2017-01-25,Salahdine Parnasse,Jose Luis Verdugo,Salahdine Parnasse,,KFWC: Kung Fu World Cup 2017: Day 2
2017-01-27,Chidi Njokuani,Melvin Guillard,Chidi Njokuani,,Bellator 171: Guillard vs. Njokuani
2017-01-28,Valentina Shevchenko,Julianna Pena,Valentina Shevchenko,SUB,
2017-01-28,Marcos Rogerio de Lima,Jeremy Kimball,Marcos Rogerio de Lima,KO/TKO,
2017-01-28,Sean Woodson,Coltin Cole,Sean Woodson,,Shamrock FC: Shamrock 283
2017-01-28,Punahele Soriano,Jon Ferrell,Punahele Soriano,,X-1 45: Live
2017-01-28,Bobby Nash,Li Jingliang,Li Jingliang,KO/TKO,
2017-01-28,Andrei Arlovski,Francis Ngannou,Francis Ngannou,KO/TKO,
2017-01-28,Alex Caceres,Jason Knight,Jason Knight,SUB,
2017-01-28,Henrique da Silva,Jordan Johnson,Jordan Johnson,DEC,
2017-01-28,Donald Cerrone,Jorge Masvidal,Jorge Masvidal,KO/TKO,
2017-01-28,Jason Gonzalez,JC Cottrell,Jason Gonzalez,SUB,
2017-01-28,Alexandre Pantoja,Eric Shelton,Alexandre Pantoja,DEC,
2017-01-28,Raphael Assuncao,Aljamain Sterling,Raphael Assuncao,DEC,
2017-01-28,Nate Marquardt,Sam Alvey,Sam Alvey,DEC,
2017-01-28,Eric Spicely,Alessio Di Chirico,Eric Spicely,SUB,
2017-01-28,Ramiz Brahimaj,David Lopez,Ramiz Brahimaj,,XKO: Xtreme Knockout 34
2017-01-28,Kennedy Nzechukwu,Thai Walwyn,Kennedy Nzechukwu,,
2017-02-02,Alex Perez,Andrew Natividad,Alex Perez,,TPF 30: Tachi Palace Fights 30
2017-02-03,Rodrigo Vera,Oscar Eduardo Aragon Poma,Rodrigo Vera,,300 Sparta 16: Instinto vs. Minotauro
2017-02-03,Mike Malott,Craig Shintani,Mike Malott,,XFFC 13: Future Stars
2017-02-04,Ricky Simon,Eduardo Torres,Ricky Simon,,KOTC: Heavy Trauma
2017-02-04,Ovince Saint Preux,Volkan Oezdemir,Volkan Oezdemir,DEC,
2017-02-04,Ricardo Ramos,Michinori Tanaka,Ricardo Ramos,DEC,
2017-02-04,Chas Skelly,Chris Gruetzemacher,Chas Skelly,SUB,
2017-02-04,Jessica Andrade,Angela Hill,Jessica Andrade,DEC,
2017-02-04,Dennis Bermudez,Chan Sung Jung,Chan Sung Jung,KO/TKO,
2017-02-04,Anthony Hamilton,Marcel Fortuna,Marcel Fortuna,KO/TKO,
2017-02-04,Alexa Grasso,Felice Herrig,Felice Herrig,DEC,
2017-02-04,Daniel Jolly,Khalil Rountree Jr.,Khalil Rountree Jr.,KO/TKO,
2017-02-04,Abel Trujillo,James Vick,James Vick,SUB,
2017-02-04,Tecia Pennington,Bec Rawlings,Tecia Pennington,DEC,
2017-02-05,Curtis Blaydes,Adam Milstead,,Draw,
2017-02-10,Rodolfo Vieira,Zarylbek Daniyar,Rodolfo Vieira,,AFGC: Arzalet Fighting Globe Championship
2017-02-10,Trevin Giles,Ryan Spann,Trevin Giles,,LFA 3: Giles vs. Spann
2017-02-10,Brendan Allen,Jon Kirk,Brendan Allen,,LFA 3: Giles vs. Spann
2017-02-11,Holly Holm,Germaine de Randamie,Germaine de Randamie,DEC,
2017-02-11,Anderson Silva,Derek Brunson,Anderson Silva,DEC,
2017-02-11,Glover Teixeira,Jared Cannonier,Glover Teixeira,DEC,
2017-02-11,Randy Brown,Belal Muhammad,Belal Muhammad,DEC,
2017-02-11,Jacare Souza,Tim Boetsch,Jacare Souza,SUB,
2017-02-11,Dominick Reyes,Marcus Govan,Dominick Reyes,,HFC 32: Hoosier Fight Club 32
2017-02-11,Wilson Reis,Yuta Sasaki,Wilson Reis,DEC,
2017-02-11,Ricky Glenn,Phillipe Nover,Ricky Glenn,DEC,
2017-02-11,Ryan LaFlare,Roan Carneiro,Ryan LaFlare,DEC,
2017-02-11,Nik Lentz,Islam Makhachev,Islam Makhachev,DEC,
2017-02-11,Dustin Poirier,Jim Miller,Dustin Poirier,DEC,
2017-02-18,Rongzhu,Shanati Shamaiti,Rongzhu,,"CWM MMA: Chin Woo Men 2016-17 Season, Stage 5"
2017-02-18,Xiao Long,Huositan Nuerxiati,Xiao Long,,
2017-02-18,Kyle Daukaus,Dino Juklo,Kyle Daukaus,,AFL: Asylum Fight League 53
2017-02-19,Sam Sicilia,Gavin Tucker,Gavin Tucker,DEC,
2017-02-19,Jack Marshman,Thiago Santos,Thiago Santos,KO/TKO,
2017-02-19,Elias Theodorou,Cezar Ferreira,Elias Theodorou,DEC,
2017-02-19,Carla Esparza,Randa Markos,Randa Markos,DEC,
2017-02-19,Sara McMann,Gina Mazany,Sara McMann,SUB,
2017-02-19,Paul Felder,Alex Ricci,Paul Felder,KO/TKO,
2017-02-19,Aiemann Zahabi,Reginaldo Vieira,Aiemann Zahabi,DEC,
2017-02-19,Johny Hendricks,Hector Lombard,Johny Hendricks,DEC,
2017-02-19,Derrick Lewis,Travis Browne,Derrick Lewis,KO/TKO,
2017-02-19,Nordine Taleb,Santiago Ponzinibbio,Santiago Ponzinibbio,DEC,
2017-02-19,Gerald Meerschaert,Ryan Janes,Gerald Meerschaert,SUB,
2017-02-23,Roman Kopylov,Artem Shokalo,Roman Kopylov,,FNG: Fight Nights Global 59
2017-02-24,Jamall Emmers,Cory Sandhagen,Jamall Emmers,,LFA 5: Edwards vs. Townsend
2017-02-24,Merab Dvalishvili,Suhrob Aydarbekov,Merab Dvalishvili,,ROC 58: Ring of Combat 58
2017-02-25,Edmen Shahbazyan,Selah Williams,Edmen Shahbazyan,,CXF 6: Meryl Streep Showcase
2017-02-25,Billy Quarantillo,Ryan Fillingame,Billy Quarantillo,,
2017-03-03,Ramazan Temirov,Ru Ze,Ramazan Temirov,,WLF: W.A.R.S. 11
2017-03-04,Marcin Tybura,Luis Henrique,Marcin Tybura,KO/TKO,
2017-03-04,Arman Tsarukyan,Gustavo Wurlitzer,Arman Tsarukyan,,OFS 11: Octagon Fighting Sensation 11
2017-03-04,Alistair Overeem,Mark Hunt,Alistair Overeem,KO/TKO,
2017-03-04,Tyron Woodley,Stephen Thompson,Tyron Woodley,DEC,
2017-03-04,Amanda Cooper,Cynthia Calvillo,Cynthia Calvillo,SUB,
2017-03-04,Felipe Lima,Dionatan Carvalho,Felipe Lima,,AT: Amazon Talent 7
2017-03-04,Tyson Pedro,Paul Craig,Tyson Pedro,KO/TKO,
2017-03-04,Mirsad Bektic,Darren Elkins,Darren Elkins,KO/TKO,
2017-03-04,Mark Godbeer,Daniel Spitz,Mark Godbeer,DEC,
2017-03-04,Iuri Alcantara,Luke Sanders,Iuri Alcantara,SUB,
2017-03-04,Rashad Evans,Daniel Kelly,Daniel Kelly,DEC,
2017-03-04,Elves Brener,Samuel Silva,Elves Brener,,AT: Amazon Talent 7
2017-03-04,Albert Morales,Andre Soukhamthath,Albert Morales,DEC,
2017-03-04,Lando Vannata,David Teymur,David Teymur,DEC,
2017-03-10,Joanderson Brito,Wanderley Junior,Joanderson Brito,,Ultimate Reborn Fight 5
2017-03-10,Mackenzie Dern,Katherine Roy,Mackenzie Dern,,
2017-03-11,Garreth McLellan,Paulo Costa,Paulo Costa,KO/TKO,
2017-03-11,Sergio Moraes,Davi Ramos,Sergio Moraes,DEC,
2017-03-11,Michel Prazeres,Joshua Burkman,Michel Prazeres,SUB,
2017-03-11,Rogelio Andres Gonzalez Rojas,Ding Meng,Rogelio Andres Gonzalez Rojas,,
2017-03-11,Rony Jason,Jeremy Kennedy,Jeremy Kennedy,DEC,
2017-03-11,Rani Yahya,Joe Soto,Joe Soto,DEC,
2017-03-11,Jussier Formiga,Ray Borg,Ray Borg,DEC,
2017-03-11,Reinier de Ridder,Marcus Plodek,Reinier de Ridder,,
2017-03-11,Abus Magomedov,Aires Benrois,Abus Magomedov,,Superior FC 16: Superior Fighting Championship 16
2017-03-11,Kai Asakura,Alatengheili,Kai Asakura,,Road Fighting Championship 37
2017-03-11,Mauricio Rua,Gian Villante,Mauricio Rua,KO/TKO,
2017-03-11,Aoriqileng,Kirill Tropinin,Aoriqileng,,WLF: W.A.R.S. 12
2017-03-11,Alex Oliveira,Tim Means,Alex Oliveira,SUB,
2017-03-11,Mukhomad Vakhaev,Tanner Boser,Mukhomad Vakhaev,,ACB 54: Supersonic
2017-03-11,Edson Barboza,Beneil Dariush,Edson Barboza,KO/TKO,
2017-03-11,Francisco Trinaldo,Kevin Lee,Kevin Lee,SUB,
2017-03-17,Salahdine Parnasse,Morgan Charrière,Salahdine Parnasse,,100% Fight 29: Killer Instinct
2017-03-17,Chad Anheliger,Josh Smith,Chad Anheliger,,HKFC: Hard Knocks 54
2017-03-17,Salahdine Parnasse,Suleiman Bouhata,Salahdine Parnasse,,100% Fight 29: Killer Instinct
2017-03-17,Morgan Charrière,Ciro Ruotolo,Morgan Charrière,,100% Fight 29: Killer Instinct
2017-03-18,Lina Lansberg,Lucie Pudilova,Lina Lansberg,DEC,
2017-03-18,Leon Edwards,Vicente Luque,Leon Edwards,DEC,
2017-03-18,Brad Scott,Scott Askham,Brad Scott,DEC,
2017-03-18,Jacob Malkoun,Cam Rowston,Jacob Malkoun,,Brace 47: Christakos vs. Mills
2017-03-18,Arnold Allen,Makwan Amirkhani,Arnold Allen,DEC,
2017-03-18,Darren Stewart,Francimar Barroso,Francimar Barroso,DEC,
2017-03-18,Jean Silva,Anderson Renan Kraus,Jean Silva,,AFC: Aspera Fighting Championship 50
2017-03-18,Marc Diakiese,Teemu Packalen,Marc Diakiese,KO/TKO,
2017-03-18,Brad Pickett,Marlon Vera,Marlon Vera,KO/TKO,
2017-03-18,Gunnar Nelson,Alan Jouban,Gunnar Nelson,SUB,
2017-03-18,Joe Duffy,Reza Madadi,Joe Duffy,DEC,
2017-03-18,Anthony Hernandez,Mike Persons,Anthony Hernandez,,GKO 9: Global Knockout 9
2017-03-18,Jimi Manuwa,Corey Anderson,Jimi Manuwa,KO/TKO,
2017-03-18,Daniel Omielanczuk,Timothy Johnson,Timothy Johnson,DEC,
2017-03-18,Joel Álvarez,Anthony Muller,Joel Álvarez,,FNS: Fight Night Series 2
2017-03-23,Wei Xie,Xiao Long,Wei Xie,,
2017-03-24,Vadim Buseev,Xiao Long,Vadim Buseev,,
2017-03-24,Gilbert Urbina,Noel Ligon,Gilbert Urbina,,LFA 7: Mai vs. Sanchez
2017-03-25,Giga Chikadze,Anthony Ross,Giga Chikadze,,Gladiator Challenge: Absolute Beatdown
2017-03-25,Joseph Morales,Sean Santella,Joseph Morales,,Cage Fury Fighting Championships 64
2017-03-25,Alex Perez,Tyler Bialecki,Alex Perez,,Cage Fury Fighting Championships 64
2017-03-25,Dan Ige,Fernando Padilla,Dan Ige,,Cage Fury Fighting Championships 64
2017-03-25,Johnny Walker,Luiz Guilherme de Andrade,Johnny Walker,,Katana Fight: Gold Edition 3/25
2017-03-26,Francesco Nuzzi,Adrian Claudiu Iancu,Francesco Nuzzi,,
2017-03-29,Roman Dolidze,Remi Delcampe,Roman Dolidze,,WWFC: Cage Encounter 6
2017-03-29,Serghei Spivac,Luke Morton,Serghei Spivac,,WWFC: Cage Encounter 6
2017-03-30,Édgar Cháirez,Oscar Quintero,Édgar Cháirez,,Combate Americas: Combate 12
2017-03-31,Djorden Santos,Jeronimo Oliveira,Djorden Santos,,Zero 11 Bar: Zero 11 Fight
2017-03-31,Umar Nurmagomedov,Alym Isabaev,Umar Nurmagomedov,,FNG: Fight Nights Global 62
2017-03-31,Joaquin Buckley,Justin Patterson,Joaquin Buckley,,Bellator 175: Jackson vs. Lawal 2
2017-03-31,Jack Jenkins,Jordan Wallace,Jack Jenkins,,
2017-04-01,Nathaniel Wood,Vaughan Lee,Nathaniel Wood,,CW 82: Cage Warriors Fighting Championship 82
2017-04-06,Song Yadong,Edgars Skrivers,Song Yadong,,KLF: Kunlun Fight 10
2017-04-07,Marc-Andre Barriault,Yacine Bandoui,Marc-Andre Barriault,,TKO 38: Ascension
2017-04-07,Sumudaerji,Pengshuai Liu,Sumudaerji,,"CWM MMA: Chin Woo Men 2016-17 Season, Stage 6"
2017-04-07,Wulijiburen,Rongzhu,Wulijiburen,,"CWM MMA: Chin Woo Men 2016-17 Season, Stage 6"
2017-04-07,Charles Jourdain,Mathieu Morciano,Charles Jourdain,,TKO 38: Ascension
2017-04-08,Daniel Cormier,Anthony Johnson,Daniel Cormier,SUB,
2017-04-08,Jenel Lausa,Bibulatov Magomed,Bibulatov Magomed,DEC,
2017-04-08,Patrick Cummins,Jan Blachowicz,Patrick Cummins,DEC,
2017-04-08,Rodrigo Vera,Sebastian Noriega,Rodrigo Vera,,Dojo Fights 1
2017-04-08,Will Brooks,Charles Oliveira,Charles Oliveira,SUB,
2017-04-08,Kamaru Usman,Sean Strickland,Kamaru Usman,DEC,
2017-04-08,Reinier de Ridder,Lamine Talbi,Reinier de Ridder,,
2017-04-08,Thiago Alves,Patrick Cote,Thiago Alves,DEC,
2017-04-08,Gregor Gillespie,Andrew Holbrook,Gregor Gillespie,KO/TKO,
2017-04-08,Katlyn Cerminara,Irene Aldana,Katlyn Cerminara,DEC,
2017-04-08,Myles Jury,Mike de la Torre,Myles Jury,KO/TKO,
2017-04-08,Josh Emmett,Desmond Green,Desmond Green,DEC,
2017-04-08,Cynthia Calvillo,Pearl Gonzalez,Cynthia Calvillo,SUB,
2017-04-08,Shane Burgos,Charles Rosa,Shane Burgos,KO/TKO,
2017-04-08,Chris Weidman,Gegard Mousasi,Gegard Mousasi,KO/TKO,
2017-04-08,Michael Aljarouj,Charly Hoang,Michael Aljarouj,SUB,100% FIGHT
2017-04-14,Xiao Long,Chris Wase,Xiao Long,,
2017-04-14,Matt McKeon,Ignacio Bahamondes,Matt McKeon,,Square Ring Promotions: Island Fights 40
2017-04-15,Ashlee Evans-Smith,Ketlen Vieira,Ketlen Vieira,DEC,
2017-04-15,Petr Yan,Magomed Magomedov,Petr Yan,,ACB 57: Yan vs. Magomedov
2017-04-15,Jacare Souza,Robert Whittaker,Robert Whittaker,KO/TKO,
2017-04-15,Patrick Williams,Tom Duquesnoy,Tom Duquesnoy,KO/TKO,
2017-04-15,Zak Cummings,Nathan Coy,Zak Cummings,SUB,
2017-04-15,Aljamain Sterling,Augusto Mendes,Aljamain Sterling,DEC,
2017-04-15,Anthony Smith,Andrew Sanchez,Anthony Smith,KO/TKO,
2017-04-15,Jeremy Stephens,Renato Moicano,Renato Moicano,DEC,
2017-04-15,Marcio Barbosa,Iwanderson da Silva Caldas,Marcio Barbosa,,
2017-04-15,Azamat Murzakanov,Georgy Sakaev,Azamat Murzakanov,,ACB 57: Yan vs. Magomedov
2017-04-15,King Green,Rashid Magomedov,Rashid Magomedov,DEC,
2017-04-15,Devin Clark,Jake Collier,Devin Clark,DEC,
2017-04-15,Alexander Volkov,Roy Nelson,Alexander Volkov,DEC,
2017-04-15,Rose Namajunas,Michelle Waterson-Gomez,Rose Namajunas,SUB,
2017-04-15,Louis Smolka,Tim Elliott,Tim Elliott,DEC,
2017-04-15,Demetrious Johnson,Wilson Reis,Demetrious Johnson,SUB,
2017-04-21,Patricio Pitbull,Daniel Straus,Patricio Pitbull,,Bellator 178: Straus vs. Freire 4
2017-04-22,Jessica Penne,Danielle Taylor,Danielle Taylor,DEC,
2017-04-22,Movsar Evloev,Alexey Nevzorov,Movsar Evloev,,M-1 Challenge 76: Nevzorov vs. Evloev
2017-04-22,Cub Swanson,Artem Lobov,Cub Swanson,DEC,
2017-04-22,Dustin Ortiz,Brandon Moreno,Brandon Moreno,SUB,
2017-04-22,John Dodson,Eddie Wineland,John Dodson,DEC,
2017-04-22,Jake Ellenberger,Mike Perry,Mike Perry,KO/TKO,
2017-04-22,Al Iaquinta,Diego Sanchez,Al Iaquinta,KO/TKO,
2017-04-22,Bryan Barberena,Joe Proctor,Bryan Barberena,KO/TKO,
2017-04-22,Thales Leites,Sam Alvey,Thales Leites,DEC,
2017-04-22,Joe Lauzon,Stevie Ray,Stevie Ray,DEC,
2017-04-22,Alexis Davis,Cindy Dandois,Alexis Davis,DEC,
2017-04-22,Abus Magomedov,Sergio Souza,Abus Magomedov,,FFC 29: Ljubljana
2017-04-22,Hector Sandoval,Matt Schnell,Hector Sandoval,KO/TKO,
2017-04-22,Dustin Stoltzfus,Mario Wittmann,Dustin Stoltzfus,,WLMMA: We Love MMA 30
2017-04-22,Scott Holtzman,Michael McBride,Scott Holtzman,DEC,
2017-04-22,Ovince Saint Preux,Marcos Rogerio de Lima,Ovince Saint Preux,SUB,
2017-04-29,Farés Ziam,Artem Tanshyn,Farés Ziam,,WWFC: Road to WWFC 4
2017-04-29,Edmen Shahbazyan,Dearmie Street,Edmen Shahbazyan,,CXF 7: Locked and Loaded
2017-05-05,John Castaneda,Chris Beal,John Castaneda,,Combate Americas: Combate 14
2017-05-12,Julien LeBlanc,Mike Kent,Julien LeBlanc,,PFC: Prestige Fighting Championship 8
2017-05-13,Chase Sherman,Rashad Coulter,Chase Sherman,KO/TKO,
2017-05-13,Krzysztof Jotko,David Branch,David Branch,DEC,
2017-05-13,Gillian Robertson,Hannah Cifers,Gillian Robertson,,Next Level Fight Club 7
2017-05-13,Jessica Aguilar,Cortney Casey,Cortney Casey,DEC,
2017-05-13,Joanna Jedrzejczyk,Jessica Andrade,Joanna Jedrzejczyk,DEC,
2017-05-13,Ismail Naurdiev,Ben Alloway,Ismail Naurdiev,,ACB 60: Agujev vs. Devent
2017-05-13,Ryan Spann,Roman Pizzolato,Ryan Spann,,WFC 72: World Fighting Championships 72
2017-05-13,Joachim Christensen,Gadzhimurad Antigulov,Gadzhimurad Antigulov,SUB,
2017-05-13,Gabriel Benitez,Enrique Barzola,Enrique Barzola,DEC,
2017-05-13,Demian Maia,Jorge Masvidal,Demian Maia,DEC,
2017-05-13,Frankie Edgar,Yair Rodriguez,Frankie Edgar,KO/TKO,
2017-05-13,James Vick,Marco Polo Reyes,James Vick,KO/TKO,
2017-05-13,Stipe Miocic,Junior Dos Santos,Stipe Miocic,KO/TKO,
2017-05-13,Chas Skelly,Jason Knight,Jason Knight,KO/TKO,
2017-05-13,Arman Tsarukyan,Nizamuddin Ramazanov,Arman Tsarukyan,,MFP 209: Mayor's Cup 2017
2017-05-13,Cam Rowston,Jye Wyllie,Cam Rowston,,BRACE 50
2017-05-13,Esteban Ribovics,Juan Jose Ibanez,Esteban Ribovics,,Power Fight: La Batalla del Puente
2017-05-18,Jalin Turner,Paradise Vaovasa,Jalin Turner,,TPF 31: Tachi Palace Fights 31
2017-05-19,Dan Ige,Ronildo Augusto Braga,Dan Ige,,Titan FC 44: Sharipov vs. Torres
2017-05-20,Nursulton Ruziboev,Artem Reznikov,Nursulton Ruziboev,,AFCA / Fight Club 777 - Fight Show 777
2017-05-20,Nursulton Ruziboev,Arman Alimov,Nursulton Ruziboev,,AFCA / Fight Club 777 - Fight Show 777
2017-05-20,Nursulton Ruziboev,Ramazan Gimbatov,Nursulton Ruziboev,,AFCA / Fight Club 777 - Fight Show 777
2017-05-20,Nasrat Haqparast,Ruslan Kalyniuk,Nasrat Haqparast,,Superior FC 17: Superior Fighting Championship 17
2017-05-20,Denis Smoldarev,Tanner Boser,Denis Smoldarev,,ACB 61: Balaev vs. Bataev
2017-05-20,Sean Brady,Tanner Saraceno,Sean Brady,,CFFC 65: Brady vs. Saraceno
2017-05-20,Kai Kara-France,Aoriqileng,Kai Kara-France,,WLF: W.A.R.S. 14
2017-05-20,Michael Aljarouj,Ulrich Agbessi,Michael Aljarouj,SUB,100% FIGHT
2017-05-21,Pedro Henrique,Jean Silva,Pedro Henrique,,AFC: Aspera Fighting Championship 52
2017-05-25,Muslim Salikhov,Johannes Akoundou Epelet Evy,Muslim Salikhov,,International Pro Fighting Championship: YunFeng Showdown
2017-05-26,Joanderson Brito,Leandro Compri,Joanderson Brito,,Araca Fight Combat - Araca Fight 2017
2017-05-27,Mateusz Gamrot,Norman Parke,Mateusz Gamrot,,KSW 39: Colosseum
2017-05-27,Ricky Simon,Charon Spain,Ricky Simon,,KOTC: Headstrong
2017-05-27,Reinier de Ridder,Jaouad Ikan,Reinier de Ridder,,
2017-05-28,Alexander Gustafsson,Glover Teixeira,Alexander Gustafsson,KO/TKO,
2017-05-28,Nicholas Musoke,Bojan Velickovic,Bojan Velickovic,KO/TKO,
2017-05-28,Reza Madadi,Joaquim Silva,Joaquim Silva,DEC,
2017-05-28,Trevor Smith,Chris Camozzi,Trevor Smith,DEC,
2017-05-28,Marcin Held,Damir Hadzovic,Damir Hadzovic,KO/TKO,
2017-05-28,Jack Hermansson,Alex Nicholson,Jack Hermansson,KO/TKO,
2017-05-28,Oliver Enkamp,Nordine Taleb,Nordine Taleb,DEC,
2017-05-28,Pedro Munhoz,Damian Stasiak,Pedro Munhoz,DEC,
2017-05-28,Peter Sobotta,Ben Saunders,Peter Sobotta,KO/TKO,
2017-05-28,Abdul Razak Alhassan,Omari Akhmedov,Omari Akhmedov,DEC,
2017-05-28,Volkan Oezdemir,Misha Cirkunov,Volkan Oezdemir,KO/TKO,
2017-05-28,Darren Till,Jessin Ayari,Darren Till,DEC,
2017-06-01,Muslim Salikhov,Melvin Guillard,Muslim Salikhov,,KLF: Kunlun Fight 12
2017-06-02,Alonzo Menifield,Khadzhi Bestaev,Alonzo Menifield,,LFA 13: Holland vs. Millender
2017-06-02,Merab Dvalishvili,Raufeon Stots,Merab Dvalishvili,,ROC 59: Ring of Combat 59
2017-06-02,Dominick Reyes,Jordan Powell,Dominick Reyes,,LFA 13: Holland vs. Millender
2017-06-02,Sean Woodson,Rashard Lovelace,Sean Woodson,,Shamrock FC: Shamrock 290
2017-06-02,Nikita Krylov,Stjepan Bekavac,Nikita Krylov,,FNG: Fight Nights Global 68
2017-06-02,Nathaniel Wood,Marko Kovacevic,Nathaniel Wood,,CW 84: Wood vs. Kovacevic
2017-06-03,Raphael Assuncao,Marlon Moraes,Raphael Assuncao,DEC,
2017-06-03,Vitor Belfort,Nate Marquardt,Vitor Belfort,DEC,
2017-06-03,Paulo Costa,Oluwale Bamgbose,Paulo Costa,KO/TKO,
2017-06-03,Erick Silva,Yancy Medeiros,Yancy Medeiros,KO/TKO,
2017-06-03,Jose Aldo,Max Holloway,Max Holloway,KO/TKO,
2017-06-03,Johnny Eduardo,Matthew Lopez,Matthew Lopez,KO/TKO,
2017-06-03,Luan Chagas,Jim Wallhead,Luan Chagas,SUB,
2017-06-03,Antonio Carlos Junior,Eric Spicely,Antonio Carlos Junior,SUB,
2017-06-03,Joel Álvarez,Jekson Poleza Dos Santos,Joel Álvarez,,AFL 12: Warcelona
2017-06-03,Marco Beltran,Deiveson Figueiredo,Deiveson Figueiredo,KO/TKO,
2017-06-03,Iuri Alcantara,Brian Kelleher,Brian Kelleher,SUB,
2017-06-03,Claudia Gadelha,Karolina Kowalkiewicz,Claudia Gadelha,SUB,
2017-06-03,Viviane Pereira,Jamie Moyle,Viviane Pereira,DEC,
2017-06-10,Giga Chikadze,Julian Hernandez,Giga Chikadze,,Gladiator Challenge: Summer Feud
2017-06-10,Derrick Lewis,Mark Hunt,Mark Hunt,KO/TKO,
2017-06-10,Damien Brown,Vinc Pichel,Vinc Pichel,KO/TKO,
2017-06-10,Ramiz Brahimaj,Andrew Sosa,Ramiz Brahimaj,,XKO: Xtreme Knockout 36
2017-06-10,Maimaitituoheti Keremuaili,Xiao Long,Maimaitituoheti Keremuaili,,
2017-06-10,Alexander Volkanovski,Mizuto Hirota,Alexander Volkanovski,DEC,
2017-06-10,Derek Brunson,Daniel Kelly,Derek Brunson,KO/TKO,
2017-06-10,Kiichi Kunimoto,Zak Ottow,Zak Ottow,DEC,
2017-06-10,Tim Elliott,Ben Nguyen,Ben Nguyen,SUB,
2017-06-10,JJ Aldrich,Chan-Mi Jeon,JJ Aldrich,DEC,
2017-06-10,Jae Hoon Moon,Kai Asakura,Jae Hoon Moon,,Road Fighting Championship 39
2017-06-10,Dan Hooker,Ross Pearson,Dan Hooker,KO/TKO,
2017-06-10,Maria Oliveira,Valesca Machado,Maria Oliveira,,A&FC - Angels & Fight Contest
2017-06-10,Luke Jumeau,Dominique Steele,Luke Jumeau,DEC,
2017-06-10,John Moraga,Ashkan Mokhtarian,John Moraga,DEC,
2017-06-10,Ion Cutelaba,Henrique da Silva,Ion Cutelaba,KO/TKO,
2017-06-11,JJ Aldrich,Chanmi Jeon,JJ Aldrich,,
2017-06-14,Roman Dolidze,Ilyas Abdullaev,Roman Dolidze,,WWFC: Cage Encounter 7
2017-06-14,Serghei Spivac,Travis Fulton,Serghei Spivac,,WWFC: Cage Encounter 7
2017-06-16,Louis Jourdain,Tony Laramie,Louis Jourdain,,TKO 39: Ultimatum
2017-06-16,Marc-Andre Barriault,Jonathan Valles,Marc-Andre Barriault,,TKO 39: Ultimatum
2017-06-16,Charles Jourdain,Will Romero,Charles Jourdain,,TKO 39: Ultimatum
2017-06-17,Kwan Ho Kwak,Russell Doane,Russell Doane,KO/TKO,
2017-06-17,Cyril Asker,Walt Harris,Walt Harris,KO/TKO,
2017-06-17,Andrei Arlovski,Marcin Tybura,Marcin Tybura,DEC,
2017-06-17,Naoki Inoue,Carls John De Tomas,Naoki Inoue,DEC,
2017-06-17,Tarec Saffiedine,Rafael Dos Anjos,Rafael Dos Anjos,DEC,
2017-06-17,Li Jingliang,Frank Camacho,Li Jingliang,DEC,
2017-06-17,Edmen Shahbazyan,Dejon Daniels,Edmen Shahbazyan,,CXF 8: Cali Kings
2017-06-17,Takanori Gomi,Jon Tuck,Jon Tuck,SUB,
2017-06-17,Alex Caceres,Rolando Dy,Alex Caceres,KO/TKO,
2017-06-17,Holly Holm,Bethe Correia,Holly Holm,KO/TKO,
2017-06-17,Dong Hyun Kim,Colby Covington,Colby Covington,DEC,
2017-06-17,Richard LeRoy,Jalin Turner,Richard LeRoy,,CXF 8: Cali Kings
2017-06-17,Ji Yeon Kim,Lucie Pudilova,Lucie Pudilova,DEC,
2017-06-17,Justin Scoggins,Yuta Sasaki,Yuta Sasaki,SUB,
2017-06-19,Rongzhu,Ruslan Khairulin,Rongzhu,,WLF: W.A.R.S. 15
2017-06-19,Umidjon Musaev,Aoriqileng,Umidjon Musaev,,WLF: W.A.R.S. 15
2017-06-23,Charles Johnson,Michael Graves,Charles Johnson,,GFS: Gateway Fighting Series 9: Inferno
2017-06-23,Eryk Anders,Brendan Allen,Eryk Anders,,LFA 14: Allen vs. Anders
2017-06-24,Montel Jackson,Josh Wiseman,Montel Jackson,,Pure FC 7: Lemminger vs. Schuman
2017-06-24,Zach Freeman,Aaron Pico,Zach Freeman,,Bellator NYC: Sonnen vs. Silva
2017-06-25,Felice Herrig,Justine Kish,Felice Herrig,DEC,
2017-06-25,Tim Boetsch,Johny Hendricks,Tim Boetsch,KO/TKO,
2017-06-25,Vitor Miranda,Marvin Vettori,Marvin Vettori,DEC,
2017-06-25,Devin Powell,Darrell Horcher,Darrell Horcher,DEC,
2017-06-25,Joachim Christensen,Dominick Reyes,Dominick Reyes,KO/TKO,
2017-06-25,BJ Penn,Dennis Siver,Dennis Siver,DEC,
2017-06-25,Josh Stansbury,Jeremy Kimball,Jeremy Kimball,KO/TKO,
2017-06-25,Michael Chiesa,Kevin Lee,Kevin Lee,SUB,
2017-06-25,Carla Esparza,Maryna Moroz,Carla Esparza,DEC,
2017-06-25,Tim Means,Alex Garcia,Tim Means,DEC,
2017-06-25,Jared Gordon,Michel Quinones,Jared Gordon,KO/TKO,
2017-06-25,Clay Guida,Erik Koch,Clay Guida,DEC,
2017-06-25,Anthony Rocco Martin,Johnny Case,Anthony Rocco Martin,DEC,
2017-06-30,Édgar Cháirez,Erick Villaluz Orellano,Édgar Cháirez,,Combate Americas: Combate 15
2017-06-30,Roman Kopylov,Jacob Ortiz,Roman Kopylov,,FNG: Fight Nights Global 69
2017-07-01,Elves Brener,Alan Soares,Elves Brener,,Mr. Cage Championship: Mr. Cage 28
2017-07-01,Kyle Daukaus,Kyle Walker,Kyle Daukaus,,KOTC: Regulator
2017-07-01,Mathieu Morciano,Michael Aljarouj,Mathieu Morciano,DEC,HFC
2017-07-02,Nursulton Ruziboev,Aylchi Sultanali,Nursulton Ruziboev,,WEF 35: WEF Selection 11: Akbars Cup
2017-07-07,Dhiego Lima,Jesse Taylor,Jesse Taylor,SUB,
2017-07-07,Gray Maynard,Teruto Ishihara,Gray Maynard,DEC,
2017-07-07,Tecia Pennington,Juliana Lima,Tecia Pennington,SUB,
2017-07-07,Brad Tavares,Elias Theodorou,Brad Tavares,DEC,
2017-07-07,Angela Hill,Ashley Yoder,Angela Hill,DEC,
2017-07-07,Ed Herman,CB Dollaway,CB Dollaway,DEC,
2017-07-07,Marc Diakiese,Drakkar Klose,Drakkar Klose,DEC,
2017-07-07,Jordan Johnson,Marcel Fortuna,Jordan Johnson,DEC,
2017-07-07,Jared Cannonier,Nick Roehrick,Jared Cannonier,KO/TKO,
2017-07-07,James Krause,Tom Gallicchio,James Krause,DEC,
2017-07-07,Michael Johnson,Justin Gaethje,Justin Gaethje,KO/TKO,
2017-07-08,Chad Laprise,Brian Camozzi,Chad Laprise,KO/TKO,
2017-07-08,Thiago Santos,Gerald Meerschaert,Thiago Santos,KO/TKO,
2017-07-08,Trevin Giles,James Bochnovic,Trevin Giles,KO/TKO,
2017-07-08,Travis Browne,Aleksei Oleinik,Aleksei Oleinik,SUB,
2017-07-08,Yoel Romero,Robert Whittaker,Robert Whittaker,DEC,
2017-07-08,Rob Font,Douglas Silva de Andrade,Rob Font,SUB,
2017-07-08,Jordan Mein,Belal Muhammad,Belal Muhammad,DEC,
2017-07-08,Cody Stamann,Terrion Ware,Cody Stamann,DEC,
2017-07-08,Daniel Omielanczuk,Curtis Blaydes,Curtis Blaydes,DEC,
2017-07-08,Lucas Fernando,Mateus Silva,Lucas Fernando,,
2017-07-08,Anthony Pettis,Jim Miller,Anthony Pettis,DEC,
2017-07-08,Fabricio Werdum,Alistair Overeem,Alistair Overeem,DEC,
2017-07-14,Miles Johns,Levi Mowles,Miles Johns,,LFA 16: Bedford vs. Flick
2017-07-15,Norma Dumont,Patricia Borges Fernandes,Norma Dumont,,Jungle Fight 91
2017-07-15,Ignacio Bahamondes,Francisco Javier Etchart Diaz,Ignacio Bahamondes,,CNC 3 - Champions Nights Challengers 3
2017-07-16,Danny Henry,Daniel Teymur,Danny Henry,DEC,
2017-07-16,Stevie Ray,Paul Felder,Paul Felder,KO/TKO,
2017-07-16,Rodolfo Bellato,Guido Guido,Rodolfo Bellato,,Leoes da Luta: War Heroes
2017-07-16,Jack Marshman,Ryan Janes,Jack Marshman,DEC,
2017-07-16,Brett Johns,Albert Morales,Brett Johns,DEC,
2017-07-16,Gunnar Nelson,Santiago Ponzinibbio,Santiago Ponzinibbio,KO/TKO,
2017-07-16,Khalil Rountree Jr.,Paul Craig,Khalil Rountree Jr.,KO/TKO,
2017-07-16,Alexandre Pantoja,Neil Seery,Alexandre Pantoja,SUB,
2017-07-16,James Mulheron,Justin Willis,Justin Willis,DEC,
2017-07-16,Joanne Wood,Cynthia Calvillo,Cynthia Calvillo,DEC,
2017-07-16,Aoriqileng,Vitalii Vitalii,Aoriqileng,,Fight King Gold Belt Contest
2017-07-16,Charlie Ward,Galore Bofando,Galore Bofando,KO/TKO,
2017-07-16,Leslie Smith,Amanda Lemos,Leslie Smith,KO/TKO,
2017-07-16,Danny Roberts,Bobby Nash,Danny Roberts,KO/TKO,
2017-07-22,Timothy Johnson,Junior Albini,Junior Albini,KO/TKO,
2017-07-22,Shane Burgos,Godofredo Pepey,Shane Burgos,DEC,
2017-07-22,Xiao Long,Vladimir Vivdych,Xiao Long,,
2017-07-22,Ding Meng,Viktor Kokhno,Ding Meng,,
2017-07-22,Lyman Good,Elizeu Zaleski dos Santos,Elizeu Zaleski dos Santos,DEC,
2017-07-22,Damian Grabowski,Chase Sherman,Chase Sherman,DEC,
2017-07-22,Jimmie Rivera,Thomas Almeida,Jimmie Rivera,DEC,
2017-07-22,Movsar Evloev,Pavel Vitruk,Movsar Evloev,,M-1 Challenge 81: Vitruk vs. Evloev
2017-07-22,Patrick Cummins,Gian Villante,Patrick Cummins,DEC,
2017-07-22,Brian Kelleher,Marlon Vera,Marlon Vera,SUB,
2017-07-22,Dennis Bermudez,Darren Elkins,Darren Elkins,DEC,
2017-07-22,Ryan LaFlare,Alex Oliveira,Alex Oliveira,KO/TKO,
2017-07-22,Rafael Natal,Eryk Anders,Eryk Anders,KO/TKO,
2017-07-22,Frankie Perez,Chris Wade,Chris Wade,DEC,
2017-07-22,Chris Weidman,Kelvin Gastelum,Chris Weidman,SUB,
2017-07-22,Kyle Bochniak,Jeremy Kennedy,Jeremy Kennedy,DEC,
2017-07-25,Dan Ige,Luis Gomez,Dan Ige,,
2017-07-25,Alonzo Menifield,Daniel Jolly,Alonzo Menifield,,
2017-07-25,Karl Roberson,Ryan Spann,Karl Roberson,,
2017-07-29,Punahele Soriano,Jon Gover,Punahele Soriano,,PFL 2: Harrison vs. Rodriguez
2017-07-29,Jimi Manuwa,Volkan Oezdemir,Volkan Oezdemir,KO/TKO,
2017-07-29,Robbie Lawler,Donald Cerrone,Robbie Lawler,DEC,
2017-07-29,Felipe Lima,Isaias Monteiro da Silva,Felipe Lima,,AFC: Arena Fight Championship 3
2017-07-29,Kailin Curran,Aleksandra Albu,Aleksandra Albu,DEC,
2017-07-29,Chris Padilla,Ivan Castillo,Chris Padilla,,Brave CF 7
2017-07-29,Cristiane Justino,Tonya Evinger,Cristiane Justino,KO/TKO,
2017-07-29,Eric Shelton,Jarred Brooks,Jarred Brooks,DEC,
2017-07-29,Tyron Woodley,Demian Maia,Tyron Woodley,DEC,
2017-07-29,Ricardo Lamas,Jason Knight,Ricardo Lamas,KO/TKO,
2017-07-29,Umar Nurmagomedov,Valisher Rakhmonov,Umar Nurmagomedov,,FNG: Fight Nights Global 71
2017-07-29,Brian Ortega,Renato Moicano,Brian Ortega,SUB,
2017-07-29,Joshua Burkman,Drew Dober,Drew Dober,KO/TKO,
2017-07-29,Andre Fili,Calvin Kattar,Calvin Kattar,DEC,
2017-07-29,Aljamain Sterling,Renan Barao,Aljamain Sterling,DEC,
2017-07-30,Nursulton Ruziboev,Eler Narmurzaev,,Draw,Legion Fighting Championship: Universal Battle
2017-07-30,Ramazan Temirov,Alexey Krutoy,Ramazan Temirov,,Legion Fighting Championship: Universal Battle
2017-08-01,John Castaneda,Cheyden Leialoha,John Castaneda,,
2017-08-04,Brendan Allen,Chris Harris,Brendan Allen,,LFA 18: Aguilar vs. Rader
2017-08-05,Henry Briones,Rani Yahya,Rani Yahya,SUB,
2017-08-05,Randa Markos,Alexa Grasso,Alexa Grasso,DEC,
2017-08-05,Sergio Pettis,Brandon Moreno,Sergio Pettis,DEC,
2017-08-05,Alan Jouban,Niko Price,Niko Price,KO/TKO,
2017-08-05,Sam Alvey,Rashad Evans,Sam Alvey,DEC,
2017-08-05,Alvaro Herrera Mendoza,Jordan Rinaldi,Jordan Rinaldi,SUB,
2017-08-05,Brad Scott,Jack Hermansson,Jack Hermansson,KO/TKO,
2017-08-05,Joseph Morales,Robert Sanchez,Joseph Morales,SUB,
2017-08-05,Joseph Morales,Roberto Sanchez,Joseph Morales,,
2017-08-05,Alejandro Perez,Andre Soukhamthath,Alejandro Perez,DEC,
2017-08-05,Dustin Ortiz,Hector Sandoval,Dustin Ortiz,KO/TKO,
2017-08-05,Jose Quinonez,Diego Rivas,Jose Quinonez,DEC,
2017-08-05,Martin Bravo,Humberto Bandenay,Humberto Bandenay,KO/TKO,
2017-08-08,Roman Kopylov,Luiz Gustavo Dutra da Silva,Roman Kopylov,,League S-70: Plotforma S-70 2017
2017-08-08,Ricky Simon,Donavon Frelow,Ricky Simon,,
2017-08-08,Alex Perez,Kevin Gray,Alex Perez,,
2017-08-08,Arman Tsarukyan,Marcio Breno,Arman Tsarukyan,,League S-70: Plotforma S-70 2017
2017-08-10,Aoriqileng,Nakouzi Nakouzi,Aoriqileng,,Guan Sheng - International Wushu Culture Festival
2017-08-12,Johnny Walker,Rodrigo Jesus,Johnny Walker,,Brave CF 8
2017-08-12,Ramiz Brahimaj,Josh Sturgill,Ramiz Brahimaj,,XKO: Xtreme Knockout 37
2017-08-16,Grant Dawson,Adrian Diaz,Grant Dawson,,
2017-08-19,Billy Quarantillo,Eric Reynolds,Billy Quarantillo,,
2017-08-19,Montel Jackson,Sean Huffman,Montel Jackson,,Pure FC: Pure Fight Night 1
2017-08-23,Kennedy Nzechukwu,Anton Berzin,Kennedy Nzechukwu,,
2017-08-25,Andrey Koreshkov,Chidi Njokuani,Andrey Koreshkov,,Bellator 182: Koreshkov vs. Njokuani
2017-08-26,Luis Felipe Dias,Paulo Cesar dos Santos,Luis Felipe Dias,,Gold Fight 9: Gabriel vs. Escurr
2017-08-26,Mauricio Ruffy,Wendson Santos,Mauricio Ruffy,,Gold Fight 9: Gabriel vs. Escurr
2017-08-26,Nikita Krylov,Maro Perak,Nikita Krylov,,United Donbass Cup 2017
2017-08-26,Dzhokhar Duraev,Nursulton Ruziboev,Dzhokhar Duraev,,ACB 68: Dushanbe: Young Eagles 21
2017-08-27,Rodolfo Vieira,Fagner Rakchal,Rodolfo Vieira,,Shooto Brazil: Shooto Brazil 74
2017-09-01,Rodrigo Vera,Junior Chate Roman,Rodrigo Vera,,300 Sparta 20: Soncora vs. Baiano
2017-09-01,Ignacio Bahamondes,Oziel Rodriguez Lopez,Ignacio Bahamondes,,Combate Extremo: Flores vs. Baltazar
2017-09-01,Jesse Medina,Jack Jenkins,Jesse Medina,,
2017-09-01,Charles Johnson,Jeremiah Cullum,Charles Johnson,,LFA 21: Noblitt vs. Branjao
2017-09-02,Bojan Mihajlovic,Abdul-Kerim Edilov,Abdul-Kerim Edilov,KO/TKO,
2017-09-02,Mike Santiago,Zabit Magomedsharipov,Zabit Magomedsharipov,SUB,
2017-09-02,Michel Prazeres,Mads Burnell,Michel Prazeres,SUB,
2017-09-02,Leon Edwards,Bryan Barberena,Leon Edwards,DEC,
2017-09-02,Siyar Bahadurzada,Rob Wilkinson,Siyar Bahadurzada,KO/TKO,
2017-09-02,Jalin Turner,Vytautas Sadauskas,Jalin Turner,,KOTC: Never Quit
2017-09-02,Thibault Gouti,Andrew Holbrook,Thibault Gouti,KO/TKO,
2017-09-02,Francimar Barroso,Aleksandar Rakic,Aleksandar Rakic,DEC,
2017-09-02,Alexander Volkov,Stefan Struve,Alexander Volkov,KO/TKO,
2017-09-02,Darren Till,Bojan Velickovic,Darren Till,DEC,
2017-09-02,Mairbek Taisumov,Felipe Silva,Mairbek Taisumov,KO/TKO,
2017-09-02,Rustam Khabilov,Desmond Green,Rustam Khabilov,DEC,
2017-09-02,Marion Reneau,Talita Bernardo,Marion Reneau,KO/TKO,
2017-09-04,Nursulton Ruziboev,Magomed Abdulvagabov,,Draw,FNG: Fight Nights Global 73
2017-09-08,Atsushi Fujino,Louis Jourdain,Atsushi Fujino,,TKO 40: Denouement
2017-09-08,Nursulton Ruziboev,Almanbet Nuraly,Nursulton Ruziboev,,WEF 38: WEF Global 9
2017-09-08,Marc-Andre Barriault,Todd Stoute,Marc-Andre Barriault,,TKO 40: Denouement
2017-09-09,Saifullah Dzhabrailov,Lerryan Douglas,Saifullah Dzhabrailov,,
2017-09-09,Gavin Tucker,Ricky Glenn,Ricky Glenn,DEC,
2017-09-09,Henry Cejudo,Wilson Reis,Henry Cejudo,KO/TKO,
2017-09-09,Ilir Latifi,Tyson Pedro,Ilir Latifi,DEC,
2017-09-09,Luis Henrique,Arjan Bhullar,Arjan Bhullar,DEC,
2017-09-09,Jeremy Stephens,Gilbert Melendez,Jeremy Stephens,DEC,
2017-09-09,Elves Brener,Joaquim Polonia,Elves Brener,,Mr. Cage Championship: Mr. Cage 29
2017-09-09,Mitch Clarke,Alex White,Alex White,KO/TKO,
2017-09-09,Amanda Nunes,Valentina Shevchenko,Amanda Nunes,DEC,
2017-09-09,Sara McMann,Ketlen Vieira,Ketlen Vieira,SUB,
2017-09-09,Sarah Moras,Ashlee Evans-Smith,Sarah Moras,SUB,
2017-09-09,Kajan Johnson,Adriano Martins,Kajan Johnson,KO/TKO,
2017-09-09,Neil Magny,Rafael Dos Anjos,Rafael Dos Anjos,SUB,
2017-09-10,Rizvan Kuniev,Charles Andrade,Rizvan Kuniev,,ProFC 63: Gluhov vs. Wallace
2017-09-10,Gisele Moreira,Denise Gomes,Gisele Moreira,,AFC: Aspera Fighting Championship 57
2017-09-15,Rafa Garcia,Marcos Bonilla,Rafa Garcia,,Combate Americas: El Grito en La Jaula
2017-09-16,Baxier Tenuliuer,Xiao Long,Baxier Tenuliuer,,
2017-09-16,Sumudaerji,Jomar Manlangit,Sumudaerji,,WLF: W.A.R.S. 17
2017-09-16,Anthony Hamilton,Daniel Spitz,Daniel Spitz,KO/TKO,
2017-09-16,Hector Lombard,Anthony Smith,Anthony Smith,KO/TKO,
2017-09-16,Kamaru Usman,Sergio Moraes,Kamaru Usman,KO/TKO,
2017-09-16,Luke Rockhold,David Branch,Luke Rockhold,KO/TKO,
2017-09-16,Krzysztof Jotko,Uriah Hall,Uriah Hall,KO/TKO,
2017-09-16,Nathaniel Wood,Josh Reed,Nathaniel Wood,,CW 86: Wood vs. Reed
2017-09-16,Aoriqileng,Bu Huo You Ga,Aoriqileng,,WLF: W.A.R.S. 17
2017-09-16,Abus Magomedov,Dan Hope,Abus Magomedov,,Superior FC 18: Superior Fighting Championship 18
2017-09-16,Justin Ledet,Azunna Anyanwu,Justin Ledet,DEC,
2017-09-16,Gregor Gillespie,Jason Gonzalez,Gregor Gillespie,SUB,
2017-09-16,Mike Perry,Alex Reyes,Mike Perry,KO/TKO,
2017-09-16,Norma Dumont,Erica Leidianny Ribeiro,Norma Dumont,,FMMAMG: Federacao Fight 5
2017-09-16,Anthony Rocco Martin,Olivier Aubin-Mercier,Olivier Aubin-Mercier,DEC,
2017-09-16,Jason Saggo,Gilbert Burns,Gilbert Burns,KO/TKO,
2017-09-16,Rongzhu,Vincenzo Tagliamonte,Rongzhu,,WLF: W.A.R.S. 17
2017-09-16,Ding Meng,Pascal Brice,Ding Meng,,
2017-09-22,Ovince Saint Preux,Yushin Okami,Ovince Saint Preux,SUB,
2017-09-22,Sean Woodson,Seth Basler,Sean Woodson,,Shamrock FC: Shamrock 295
2017-09-22,Teruto Ishihara,Rolando Dy,Teruto Ishihara,DEC,
2017-09-22,Jussier Formiga,Yuta Sasaki,Jussier Formiga,SUB,
2017-09-22,Gokhan Saki,Henrique da Silva,Gokhan Saki,KO/TKO,
2017-09-22,Claudia Gadelha,Jessica Andrade,Jessica Andrade,DEC,
2017-09-22,Keita Nakamura,Alex Morono,Keita Nakamura,DEC,
2017-09-22,Takanori Gomi,Dong Hyun Ma,Dong Hyun Ma,KO/TKO,
2017-09-22,Shinsho Anzai,Luke Jumeau,Shinsho Anzai,DEC,
2017-09-22,Ryan Spann,LeMarcus Tucker,Ryan Spann,,LFA 23: Krantz vs. Nakashima
2017-09-22,Daichi Abe,Hyun Gyu Lim,Daichi Abe,DEC,
2017-09-22,Syuri Kondo,Chan-Mi Jeon,Syuri Kondo,DEC,
2017-09-23,Ismael de Jesus,Ismail Naurdiev,Ismael de Jesus,,ACB 70: Barnatt vs. Askham
2017-09-23,Aaron Pico,Justin Linn,Aaron Pico,,Bellator 183: Henderson vs. Freire
2017-09-23,Nate Landwehr,Mikhail Korobkov,Nate Landwehr,,M-1 Challenge 83: Ragozin vs. Halsey
2017-09-23,Monique Adriane,Julia Polastri,Monique Adriane,,SCF: Super Combat Fight 6
2017-09-23,Nursulton Ruziboev,Artem Kazbanov,Nursulton Ruziboev,,City Innovative Technologies / Sech Pro: GIT Crimea 2017
2017-09-27,Farés Ziam,Alexey Valivakhin,Farés Ziam,,WWFC: Cage Encounter 8
2017-09-30,Marcio Barbosa,Willian Martins,Marcio Barbosa,,
2017-09-30,Petr Yan,Matheus Mattos,Petr Yan,,ACB 71: Moscow
2017-10-07,Mara Romero Borella,Kalindra Faria,Mara Romero Borella,SUB,
2017-10-07,Tony Ferguson,Kevin Lee,Tony Ferguson,SUB,
2017-10-07,Dustin Stoltzfus,Selim Agaev,Dustin Stoltzfus,,Fair FC 7: Fair Fighting Championship 7
2017-10-07,Demetrious Johnson,Ray Borg,Demetrious Johnson,SUB,
2017-10-07,Edmen Shahbazyan,Anthony Thomas,Edmen Shahbazyan,,Gladiator Challenge: Fight Club
2017-10-07,Matt Schnell,Marco Beltran,Matt Schnell,DEC,
2017-10-07,Tom Duquesnoy,Cody Stamann,Cody Stamann,DEC,
2017-10-07,Fabricio Werdum,Walt Harris,Fabricio Werdum,SUB,
2017-10-07,Pearl Gonzalez,Poliana Botelho,Poliana Botelho,DEC,
2017-10-07,John Moraga,Bibulatov Magomed,John Moraga,KO/TKO,
2017-10-07,Thales Leites,Brad Tavares,Brad Tavares,DEC,
2017-10-08,Umar Nurmagomedov,Nauruz Dzamikhov,Umar Nurmagomedov,,FNG: Fight Nights Global 76
2017-10-13,Mackenzie Dern,Mandy Polk,Mackenzie Dern,,
2017-10-13,Nikita Krylov,Emanuel Newton,Nikita Krylov,,FNG: Fight Nights Global 77
2017-10-14,Joel Álvarez,Francisco Gonzalez,Joel Álvarez,,AFL 13: Alvarez vs Gonzalez
2017-10-14,Salahdine Parnasse,Hyram Rodriguez,Salahdine Parnasse,,EBD 2: European Beatdown 2
2017-10-14,Mason Jones,Shaun Luther,Mason Jones,,CW 87: Long vs. Soldic
2017-10-14,Tanner Boser,Dave Cryer,Tanner Boser,,ACB 72: Makovsky vs. Sherbatov
2017-10-20,Joaquin Buckley,Vinicius de Jesus,Joaquin Buckley,,Bellator 185: Mousasi vs. Shlemenko
2017-10-21,Sam Alvey,Ramazan Emeev,Ramazan Emeev,DEC,
2017-10-21,Sean Brady,Mike Jones,Sean Brady,,Cage Fury Fighting Championships 68
2017-10-21,Artem Lobov,Andre Fili,Andre Fili,DEC,
2017-10-21,Salim Touahri,Warlley Alves,Warlley Alves,DEC,
2017-10-21,Lina Lansberg,Aspen Ladd,Aspen Ladd,KO/TKO,
2017-10-21,Donald Cerrone,Darren Till,Darren Till,KO/TKO,
2017-10-21,Felipe Arantes,Josh Emmett,Josh Emmett,DEC,
2017-10-21,Damian Stasiak,Brian Kelleher,Brian Kelleher,KO/TKO,
2017-10-21,Reinier de Ridder,Shota Gvasalia,Reinier de Ridder,,
2017-10-21,Jan Blachowicz,Devin Clark,Jan Blachowicz,SUB,
2017-10-21,Julia Polastri,Nathielly Santos Campahy,Julia Polastri,,NCE 19: New Corpore Extreme
2017-10-21,Gregory Rodrigues,Umar Gaisumov,Gregory Rodrigues,,ACB 73: Silva vs. Makoev
2017-10-21,Marcin Held,Nasrat Haqparast,Marcin Held,DEC,
2017-10-21,Rodolfo Bellato,Maycon Silva,Rodolfo Bellato,,Impacto Fight: Impacto Fight Night
2017-10-21,Karolina Kowalkiewicz,Jodie Esquibel,Karolina Kowalkiewicz,DEC,
2017-10-21,Oskar Piechota,Jonathan Wilson,Oskar Piechota,DEC,
2017-10-28,Rongzhu,Takuma Watanabe,Rongzhu,,WLF: W.A.R.S. 18
2017-10-28,Arman Tsarukyan,KyeungPyo Kim,Arman Tsarukyan,,Road Fighting Championship 43
2017-10-28,Pedro Munhoz,Rob Font,Pedro Munhoz,SUB,
2017-10-28,Thiago Santos,Jack Hermansson,Thiago Santos,KO/TKO,
2017-10-28,Vicente Luque,Niko Price,Vicente Luque,SUB,
2017-10-28,Sumudaerji,Ryota Kobayashi,Sumudaerji,,WLF: W.A.R.S. 18
2017-10-28,John Lineker,Marlon Vera,John Lineker,DEC,
2017-10-28,Francisco Trinaldo,Jim Miller,Francisco Trinaldo,DEC,
2017-10-28,Demian Maia,Colby Covington,Colby Covington,DEC,
2017-10-28,Hacran Dias,Jared Gordon,Jared Gordon,DEC,
2017-10-28,Cam Rowston,Dan Currie,Cam Rowston,,BRACE 51
2017-10-28,Morgan Charrière,Geysim Derouiche,Morgan Charrière,,OFC: Octagon Fighting Club 17
2017-10-28,Deiveson Figueiredo,Jarred Brooks,Deiveson Figueiredo,DEC,
2017-10-28,Marcelo Golm,Christian Colombo,Marcelo Golm,SUB,
2017-10-28,Antonio Carlos Junior,Jack Marshman,Antonio Carlos Junior,SUB,
2017-10-28,Song Yadong,Makato Yoshida,Song Yadong,,WLF: W.A.R.S. 18
2017-10-28,Derek Brunson,Lyoto Machida,Derek Brunson,KO/TKO,
2017-10-28,Elizeu Zaleski dos Santos,Max Griffin,Elizeu Zaleski dos Santos,DEC,
2017-10-28,Michael Aljarouj,Ulrich Agbessi,Michael Aljarouj,KO/TKO,100% FIGHT
2017-10-28,Michael Aljarouj,Franck Lebouyon,Michael Aljarouj,KO/TKO,100% FIGHT
2017-11-04,Johny Hendricks,Paulo Costa,Paulo Costa,KO/TKO,
2017-11-04,Aiemann Zahabi,Ricardo Ramos,Ricardo Ramos,KO/TKO,
2017-11-04,Cody Garbrandt,TJ Dillashaw,TJ Dillashaw,KO/TKO,
2017-11-04,James Vick,Joe Duffy,James Vick,KO/TKO,
2017-11-04,Stephen Thompson,Jorge Masvidal,Stephen Thompson,DEC,
2017-11-04,Michael Bisping,Georges St-Pierre,Georges St-Pierre,SUB,
2017-11-04,Walt Harris,Mark Godbeer,Mark Godbeer,DQ,
2017-11-04,Aleksei Oleinik,Curtis Blaydes,Curtis Blaydes,KO/TKO,
2017-11-04,Randy Brown,Mickey Gall,Randy Brown,DEC,
2017-11-04,Jamall Emmers,Chris Avila,Jamall Emmers,,GKO 11: Global Knockout 11
2017-11-04,Ovince Saint Preux,Corey Anderson,Ovince Saint Preux,KO/TKO,
2017-11-04,Joanna Jedrzejczyk,Rose Namajunas,Rose Namajunas,KO/TKO,
2017-11-10,Chad Anheliger,Randy Turner,Chad Anheliger,,Wreck MMA: Pro Series 2
2017-11-10,Ryan Spann,Myron Dennis,Ryan Spann,,LFA 27: Watley vs. Wilson
2017-11-10,Nate Landwehr,Viktor Kolesnik,Nate Landwehr,,M-1 Challenge 85: Ismagulov vs. Karranca
2017-11-10,Julien LeBlanc,Drayton Angus,Julien LeBlanc,,Wreck MMA: Pro Series 2
2017-11-11,John Castaneda,Kevin Moreyra,John Castaneda,,Combate Americas: Copa Combate 2017
2017-11-11,Matt Brown,Diego Sanchez,Matt Brown,KO/TKO,
2017-11-11,Tatiana Suarez,Viviane Pereira,Tatiana Suarez,DEC,
2017-11-11,Aoriqileng,Kana Hyatt,Aoriqileng,,WLF: W.A.R.S. 19
2017-11-11,Sage Northcutt,Michel Quinones,Sage Northcutt,DEC,
2017-11-11,Jake Collier,Marcel Fortuna,Jake Collier,DEC,
2017-11-11,John Dodson,Marlon Moraes,Marlon Moraes,DEC,
2017-11-11,Court McGee,Sean Strickland,Sean Strickland,DEC,
2017-11-11,Angela Hill,Nina Nunes,Nina Nunes,DEC,
2017-11-11,Darren Stewart,Karl Roberson,Karl Roberson,SUB,
2017-11-11,Dustin Poirier,Anthony Pettis,Dustin Poirier,KO/TKO,
2017-11-11,Levy Saul Marroquín Salazar,John Castaneda,Levy Saul Marroquín Salazar,,Combate Americas: Copa Combate 2017
2017-11-11,John Castaneda,Marc Gomez Sariol,John Castaneda,,Combate Americas: Copa Combate 2017
2017-11-11,Raphael Assuncao,Matthew Lopez,Raphael Assuncao,KO/TKO,
2017-11-11,Junior Albini,Andrei Arlovski,Andrei Arlovski,DEC,
2017-11-11,Felipe Lima,Sebastiao da Silva Calixto,Felipe Lima,,RDSC: Rei da Selva Combat 10
2017-11-11,Nate Marquardt,Cezar Ferreira,Cezar Ferreira,DEC,
2017-11-11,Joe Lauzon,Clay Guida,Clay Guida,KO/TKO,
2017-11-12,Ding Meng,Qihao Wei,Ding Meng,,
2017-11-12,Rodolfo Bellato,Rafael Calcidoni,Rodolfo Bellato,,Leoes da Luta Championship 1: Ibiuna Edition
2017-11-18,Tim Means,Belal Muhammad,Belal Muhammad,DEC,
2017-11-18,Jenel Lausa,Eric Shelton,Eric Shelton,DEC,
2017-11-18,Ismail Naurdiev,Georgi Valentinov,Ismail Naurdiev,,ACB 74: Agujev vs Townsend
2017-11-18,Nik Lentz,Will Brooks,Nik Lentz,SUB,
2017-11-18,Ryan Benoit,Ashkan Mokhtarian,Ryan Benoit,KO/TKO,
2017-11-18,Rashad Coulter,Tai Tuivasa,Tai Tuivasa,KO/TKO,
2017-11-18,Damien Brown,Frank Camacho,Frank Camacho,DEC,
2017-11-18,Nursulton Ruziboev,Amhad Dzhanchuraev,Nursulton Ruziboev,,AFC/Ratiborets: Ambitions Fighting Championship 21/Ratiborets 11
2017-11-18,Fabricio Werdum,Marcin Tybura,Fabricio Werdum,DEC,
2017-11-18,Anthony Hamilton,Adam Wieczorek,Adam Wieczorek,DEC,
2017-11-18,Alexander Volkanovski,Shane Young,Alexander Volkanovski,DEC,
2017-11-18,Elias Theodorou,Daniel Kelly,Elias Theodorou,DEC,
2017-11-18,Jake Matthews,Bojan Velickovic,Jake Matthews,DEC,
2017-11-18,Alex Chambers,Nadia Kassem,Nadia Kassem,DEC,
2017-11-18,Bec Rawlings,Jessica-Rose Clark,Jessica-Rose Clark,DEC,
2017-11-22,Nursulton Ruziboev,Erbolot Omurzakov,,Draw,WEF 44: WEF Global 10
2017-11-25,Song Yadong,Bharat Kandare,Song Yadong,SUB,
2017-11-25,Kailin Curran,Yan Xiaonan,Yan Xiaonan,DEC,
2017-11-25,Cyril Asker,Hu Yaozong,Cyril Asker,SUB,
2017-11-25,Muslim Salikhov,Alex Garcia,Alex Garcia,SUB,
2017-11-25,Chase Sherman,Shamil Abdurakhimov,Shamil Abdurakhimov,KO/TKO,
2017-11-25,Li Jingliang,Zak Ottow,Li Jingliang,KO/TKO,
2017-11-25,Wu Yanan,Gina Mazany,Gina Mazany,DEC,
2017-11-25,Sumudaerji,Kirill Kirill,Sumudaerji,,International Pro Fighting Championship: YunFeng Showdown 7
2017-11-25,Michael Bisping,Kelvin Gastelum,Kelvin Gastelum,KO/TKO,
2017-11-25,Lucas Fernando,Dailon Farias,Lucas Fernando,,
2017-11-25,Wang Guan,Alex Caceres,Wang Guan,DEC,
2017-11-25,Zabit Magomedsharipov,Sheymon Moraes,Zabit Magomedsharipov,SUB,
2017-11-25,Wulijiburen,Rolando Dy,Rolando Dy,DEC,
2017-11-25,Song Kenan,Bobby Nash,Song Kenan,KO/TKO,
2017-11-26,Marcela Giantomassi,Valesca Machado,Marcela Giantomassi,,Shooto Brazil 78
2017-12-01,Sean O'Malley,Terrion Ware,Sean O'Malley,DEC,
2017-12-01,Nicco Montano,Roxanne Modafferi,Nicco Montano,DEC,
2017-12-01,Ignacio Bahamondes,Gerardo Chaparro,Ignacio Bahamondes,,Combate Extremo: Loco vs. Gallito
2017-12-01,Chidi Njokuani,Hisaki Kato,Chidi Njokuani,,Bellator 189: Budd vs. Blencowe 2
2017-12-01,Andrew Sanchez,Ryan Janes,Ryan Janes,KO/TKO,
2017-12-01,Mandel Nallo,Alec Williams,Mandel Nallo,,Bellator 189: Budd vs. Blencowe 2
2017-12-01,Eric Spicely,Gerald Meerschaert,Gerald Meerschaert,KO/TKO,
2017-12-01,Joe Soto,Brett Johns,Brett Johns,SUB,
2017-12-01,Barb Honchak,Lauren Murphy,Lauren Murphy,DEC,
2017-12-01,Christina Marks,Montana De La Rosa,Montana De La Rosa,SUB,
2017-12-01,Gillian Robertson,Emily Whitmire,Gillian Robertson,SUB,
2017-12-01,Karine Gevorgyan,Rachael Ostovich,Rachael Ostovich,SUB,
2017-12-01,Ariel Beck,Shana Dobson,Shana Dobson,KO/TKO,
2017-12-02,Jeremy Kimball,Dominick Reyes,Dominick Reyes,SUB,
2017-12-02,Henry Cejudo,Sergio Pettis,Henry Cejudo,DEC,
2017-12-02,Tecia Pennington,Michelle Waterson-Gomez,Tecia Pennington,DEC,
2017-12-02,Charles Oliveira,Paul Felder,Paul Felder,KO/TKO,
2017-12-02,Felice Herrig,Cortney Casey,Felice Herrig,DEC,
2017-12-02,Sabah Homasi,Abdul Razak Alhassan,Abdul Razak Alhassan,KO/TKO,
2017-12-02,Max Holloway,Jose Aldo,Max Holloway,KO/TKO,
2017-12-02,Alex Oliveira,Yancy Medeiros,Yancy Medeiros,KO/TKO,
2017-12-02,Justin Willis,Allen Crowder,Justin Willis,KO/TKO,
2017-12-02,David Teymur,Drakkar Klose,David Teymur,DEC,
2017-12-02,Alistair Overeem,Francis Ngannou,Francis Ngannou,KO/TKO,
2017-12-02,Eddie Alvarez,Justin Gaethje,Eddie Alvarez,KO/TKO,
2017-12-02,Arman Tsarukyan,Takenori Sato,Arman Tsarukyan,,MFP 214: Governor's Cup 2017
2017-12-02,Amanda Cooper,Angela Magana,Amanda Cooper,KO/TKO,
2017-12-07,Ozzy Diaz,Saad Ul-Hasan,Ozzy Diaz,,FCOC: Fight Club OC
2017-12-08,Marc-Andre Barriault,Strahinja Gavrilovic,Marc-Andre Barriault,,TKO 41: Champions
2017-12-08,Alonzo Menifield,Jose Otavio dos Santos Lacerda,Alonzo Menifield,,LFA 28: Jackson vs. Luna
2017-12-08,Ramiz Brahimaj,Ben Simons,Ramiz Brahimaj,,LFA 28: Jackson vs. Luna
2017-12-08,Mackenzie Dern,Kaline Medeiros,Mackenzie Dern,,
2017-12-08,Miles Johns,Caio Machado,Miles Johns,,LFA 28: Jackson vs. Luna
2017-12-08,TJ Laramie,Charles Jourdain,TJ Laramie,,TKO 41: Champions
2017-12-09,Alejandro Perez,Iuri Alcantara,Alejandro Perez,DEC,
2017-12-09,Jingnan Xiong,April Osenio,Jingnan Xiong,,
2017-12-09,Chris Gruetzemacher,Davi Ramos,Davi Ramos,SUB,
2017-12-09,Carls John De Tomas,Alex Perez,Alex Perez,SUB,
2017-12-09,Eryk Anders,Markus Perez,Eryk Anders,DEC,
2017-12-09,Albert Morales,Benito Lopez,Benito Lopez,DEC,
2017-12-09,Mason Jones,Brett Hassett,Mason Jones,,AFN - Adrenaline Fight Nights
2017-12-09,Frankie Saenz,Merab Dvalishvili,Frankie Saenz,DEC,
2017-12-09,Luke Sanders,Andre Soukhamthath,Andre Soukhamthath,KO/TKO,
2017-12-09,Aoriqileng,Ailiyaer Didaer,Aoriqileng,,"CWM MMA: Chin Woo Men 2017-18 Season, Stage 1"
2017-12-09,Antonio Braga Neto,Trevin Giles,Trevin Giles,KO/TKO,
2017-12-09,Cub Swanson,Brian Ortega,Brian Ortega,SUB,
2017-12-09,Jason Knight,Gabriel Benitez,Gabriel Benitez,DEC,
2017-12-09,Marlon Moraes,Aljamain Sterling,Marlon Moraes,KO/TKO,
2017-12-09,Scott Holtzman,Darrell Horcher,Scott Holtzman,DEC,
2017-12-09,Alexis Davis,Liz Carmouche,Alexis Davis,DEC,
2017-12-10,Kauê Fernandes,Evandro Barbosa,Kauê Fernandes,,
2017-12-14,Morgan Charrière,Alexey Oleinik,Morgan Charrière,,WWFC: Cage Encounter 9
2017-12-14,Roman Dolidze,Amirali Joroev,Roman Dolidze,,WWFC: Cage Encounter 9
2017-12-15,Ricky Simon,Chico Camus,Ricky Simon,,LFA 29: Camus vs. Simon
2017-12-15,Diyar Nurgozhay,Almanbet Nuraly,Diyar Nurgozhay,,WEF ProfFight 17: Asian Youth Against Drugs
2017-12-15,Vanessa Demopoulos,Emme Weber,Vanessa Demopoulos,,Iron Tiger Fight Series / Alliance MMA - IT Fight Series 79
2017-12-16,Gexi Sanlang,Ramazan Temirov,Gexi Sanlang,,WLF: W.A.R.S. 20
2017-12-16,Giga Chikadze,Kevin Gratts,Giga Chikadze,,Gladiator Challenge: Season's Beatings
2017-12-16,Alessio Di Chirico,Oluwale Bamgbose,Alessio Di Chirico,KO/TKO,
2017-12-16,Glover Teixeira,Misha Cirkunov,Glover Teixeira,KO/TKO,
2017-12-16,Jared Cannonier,Jan Blachowicz,Jan Blachowicz,DEC,
2017-12-16,Chad Laprise,Galore Bofando,Chad Laprise,KO/TKO,
2017-12-16,Julian Marquez,Darren Stewart,Julian Marquez,SUB,
2017-12-16,Nordine Taleb,Danny Roberts,Nordine Taleb,KO/TKO,
2017-12-16,Jordan Mein,Erick Silva,Jordan Mein,DEC,
2017-12-16,John Makdessi,Abel Trujillo,John Makdessi,DEC,
2017-12-16,Kyle Daukaus,Tyler Bayer,Kyle Daukaus,,CFFC 69: Sabatini vs. Isata
2017-12-16,Robbie Lawler,Rafael Dos Anjos,Rafael Dos Anjos,DEC,
2017-12-16,Ramazan Temirov,Zhe Li,Ramazan Temirov,,WLF: W.A.R.S. 20
2017-12-16,Jean Silva,Lucas Vinicius Razalkiewicz,Jean Silva,,Blackout FC 5
2017-12-16,Ricardo Lamas,Josh Emmett,Josh Emmett,KO/TKO,
2017-12-16,Santiago Ponzinibbio,Mike Perry,Santiago Ponzinibbio,DEC,
2017-12-17,Nursulton Ruziboev,Igor Bayer,Nursulton Ruziboev,,WFCA 44: Grozny Battle
2017-12-22,Joanderson Brito,Cicero Coutinho,Joanderson Brito,,Thunder Fight 13: Gameth vs. Wagnao
2017-12-23,Salahdine Parnasse,Lukasz Rajewski,Salahdine Parnasse,,KSW 41: Mankowski vs. Soldic
2017-12-24,Rizvan Kuniev,Konstantin Andreitsev,Rizvan Kuniev,,ProFC 64: Tibilov vs. Shvets
2017-12-29,Kai Asakura,Kizaemon Saiga,Kai Asakura,,Rizin FF: Rizin World Grand Prix 2017 2nd Round
2017-12-30,Cristiane Justino,Holly Holm,Cristiane Justino,DEC,
2017-12-30,Myles Jury,Ricky Glenn,Myles Jury,DEC,
2017-12-30,Dan Hooker,Marc Diakiese,Dan Hooker,SUB,
2017-12-30,Cynthia Calvillo,Carla Esparza,Carla Esparza,DEC,
2017-12-30,Louis Smolka,Matheus Nicolau,Matheus Nicolau,DEC,
2017-12-30,Marvin Vettori,Omari Akhmedov,,Draw,
2017-12-30,Carlos Condit,Neil Magny,Neil Magny,DEC,
2017-12-30,Khabib Nurmagomedov,Edson Barboza,Khabib Nurmagomedov,DEC,
2017-12-30,Tim Elliott,Mark De La Rosa,Tim Elliott,SUB,
2018-01-13,Abdulla Aliev,Sumudaerji,Abdulla Aliev,,WLF: W.A.R.S. 21
2018-01-13,Guilherme Cadena,Rongzhu,Guilherme Cadena,,WLF: W.A.R.S. 21
2018-01-13,Aoriqileng,Maksadzhon Yusupov,Aoriqileng,,WLF: W.A.R.S. 21
2018-01-13,Ramazan Temirov,Long Long Xie,Ramazan Temirov,,WLF: W.A.R.S. 21
2018-01-13,Montel Jackson,Terrence Almond,Montel Jackson,,KOTC: Mercenaries 2
2018-01-14,Kalindra Faria,Jessica Eye,Jessica Eye,DEC,
2018-01-14,Talita Bernardo,Irene Aldana,Irene Aldana,DEC,
2018-01-14,Paige VanZant,Jessica-Rose Clark,Jessica-Rose Clark,DEC,
2018-01-14,James Krause,Alex White,James Krause,DEC,
2018-01-14,Jeremy Stephens,Dooho Choi,Jeremy Stephens,KO/TKO,
2018-01-14,Matt Frevola,Marco Polo Reyes,Marco Polo Reyes,KO/TKO,
2018-01-14,Kyung Ho Kang,Guido Cannetti,Kyung Ho Kang,SUB,
2018-01-14,Danielle Taylor,JJ Aldrich,JJ Aldrich,DEC,
2018-01-14,Mads Burnell,Mike Santiago,Mads Burnell,DEC,
2018-01-14,Kamaru Usman,Emil Meek,Kamaru Usman,DEC,
2018-01-14,Darren Elkins,Michael Johnson,Darren Elkins,SUB,
2018-01-18,Mickael Kanguichev,Michael Aljarouj,Mickael Kanguichev,KO/TKO,100% FIGHT
2018-01-20,Calvin Kattar,Shane Burgos,Calvin Kattar,KO/TKO,
2018-01-20,Sabah Homasi,Abdul Razak Alhassan,Abdul Razak Alhassan,KO/TKO,
2018-01-20,Gabe Green,Chris Padilla,Gabe Green,,Bellator 192: Rampage vs. Sonnen
2018-01-20,Stipe Miocic,Francis Ngannou,Stipe Miocic,DEC,
2018-01-20,Dan Ige,Julio Arce,Julio Arce,DEC,
2018-01-20,Jalin Turner,Noah Tillis,Jalin Turner,,Bellator 192: Rampage vs. Sonnen
2018-01-20,Aaron Pico,Shane Kruchten,Aaron Pico,,Bellator 192: Rampage vs. Sonnen
2018-01-20,Kyle Bochniak,Brandon Davis,Kyle Bochniak,DEC,
2018-01-20,Charles Johnson,Marc Tong Van,Charles Johnson,,EFL: Elite Fight League
2018-01-20,Daniel Cormier,Volkan Oezdemir,Daniel Cormier,KO/TKO,
2018-01-20,Gian Villante,Francimar Barroso,Gian Villante,DEC,
2018-01-20,Thomas Almeida,Rob Font,Rob Font,KO/TKO,
2018-01-20,Matt Bessette,Enrique Barzola,Enrique Barzola,DEC,
2018-01-20,Jingnan Xiong,Tiffany Teo,Jingnan Xiong,,
2018-01-20,Islam Makhachev,Gleison Tibau,Islam Makhachev,KO/TKO,
2018-01-20,Dustin Ortiz,Alexandre Pantoja,Dustin Ortiz,DEC,
2018-01-21,Xiao Long,Husiman Siwuhaer,Xiao Long,,
2018-01-26,Anthony Hernandez,Brendan Allen,Anthony Hernandez,,LFA 32: Allen vs. Hernandez
2018-01-26,Ryan Spann,Alex Nicholson,Ryan Spann,,LFA 32: Allen vs. Hernandez
2018-01-27,Jacare Souza,Derek Brunson,Jacare Souza,KO/TKO,
2018-01-27,Mirsad Bektic,Godofredo Pepey,Mirsad Bektic,KO/TKO,
2018-01-27,Niko Price,George Sullivan,Niko Price,SUB,
2018-01-27,Dennis Bermudez,Andre Fili,Andre Fili,DEC,
2018-01-27,Justine Kish,Ji Yeon Kim,Ji Yeon Kim,DEC,
2018-01-27,Katlyn Cerminara,Mara Romero Borella,Katlyn Cerminara,DEC,
2018-01-27,Jordan Rinaldi,Gregor Gillespie,Gregor Gillespie,KO/TKO,
2018-01-27,Randa Markos,Juliana Lima,Randa Markos,DEC,
2018-01-27,Austin Arnett,Cory Sandhagen,Cory Sandhagen,KO/TKO,
2018-01-27,Vinc Pichel,Joaquim Silva,Vinc Pichel,DEC,
2018-01-27,Erik Koch,King Green,King Green,DEC,
2018-01-27,Drew Dober,Frank Camacho,Drew Dober,DEC,
2018-02-03,Valentina Shevchenko,Priscila Cachoeira,Valentina Shevchenko,SUB,
2018-02-03,Sergio Moraes,Tim Means,Sergio Moraes,DEC,
2018-02-03,Alan Patrick,Damir Hadzovic,Alan Patrick,DEC,
2018-02-03,Douglas Silva de Andrade,Marlon Vera,Douglas Silva de Andrade,DEC,
2018-02-03,Maia Stevenson,Polyana Viana,Polyana Viana,SUB,
2018-02-03,Michel Prazeres,Desmond Green,Michel Prazeres,DEC,
2018-02-03,Thiago Santos,Anthony Smith,Thiago Santos,KO/TKO,
2018-02-03,Lyoto Machida,Eryk Anders,Lyoto Machida,DEC,
2018-02-03,Deiveson Figueiredo,Joseph Morales,Deiveson Figueiredo,KO/TKO,
2018-02-03,Nurullo Aliev,Habib Habibov,Nurullo Aliev,,MMAFT: Ismoili Somoni Fighting Championship
2018-02-03,Iuri Alcantara,Joe Soto,Iuri Alcantara,KO/TKO,
2018-02-03,Timothy Johnson,Marcelo Golm,Timothy Johnson,DEC,
2018-02-08,Ramazan Temirov,Narik Tonyan,Ramazan Temirov,,Legion Fighting Championship: Universal Battle 1
2018-02-08,Nursulton Ruziboev,Erzhan Kenzhegulov,Nursulton Ruziboev,,Legion Fighting Championship: Universal Battle 1
2018-02-10,Luke Jumeau,Daichi Abe,Luke Jumeau,DEC,
2018-02-10,Rob Wilkinson,Israel Adesanya,Israel Adesanya,KO/TKO,
2018-02-10,Alexander Volkanovski,Jeremy Kennedy,Alexander Volkanovski,KO/TKO,
2018-02-10,Montel Jackson,Jesse Wannemacher,Montel Jackson,,Driller Promotions: No Mercy 7
2018-02-10,Jussier Formiga,Ben Nguyen,Jussier Formiga,SUB,
2018-02-10,Teruto Ishihara,Jose Quinonez,Jose Quinonez,DEC,
2018-02-10,Damien Brown,Dong Hyun Ma,Dong Hyun Ma,DEC,
2018-02-10,Jake Matthews,Li Jingliang,Jake Matthews,DEC,
2018-02-10,Yoel Romero,Luke Rockhold,Yoel Romero,KO/TKO,
2018-02-10,Eric McConico,Dominique Smith,Eric McConico,,CageSport 49: Stolen vs. Swain
2018-02-10,Mark Hunt,Curtis Blaydes,Curtis Blaydes,DEC,
2018-02-10,Ross Pearson,Mizuto Hirota,Ross Pearson,DEC,
2018-02-10,Tai Tuivasa,Cyril Asker,Tai Tuivasa,KO/TKO,
2018-02-10,Johnny Walker,Stuart Austin,Johnny Walker,,UCMMA 54: Ultimate Challenge MMA 54
2018-02-10,Tyson Pedro,Saparbeg Safarov,Tyson Pedro,SUB,
2018-02-15,Santiago Diaz,Ozzy Diaz,Santiago Diaz,,Roy Englebrecht Promotions - Fight Club OC 50
2018-02-16,Alonzo Menifield,Brice Ritani-Coe,Alonzo Menifield,,LFA 33: Willis vs. Stewart
2018-02-16,Ramiz Brahimaj,Bilal Williams,Ramiz Brahimaj,,LFA 33: Willis vs. Stewart
2018-02-17,Edmen Shahbazyan,Aaron Hamilton,Edmen Shahbazyan,,CXF 11: Alpha Dog
2018-02-17,Kyle Daukaus,Elijah Gbollie Jr.,Kyle Daukaus,,Art of War Cage Fighting 5
2018-02-18,Geoff Neal,Brian Camozzi,Geoff Neal,SUB,
2018-02-18,Sarah Moras,Lucie Pudilova,Lucie Pudilova,DEC,
2018-02-18,Oskar Piechota,Tim Williams,Oskar Piechota,KO/TKO,
2018-02-18,Steven Peterson,Brandon Davis,Brandon Davis,DEC,
2018-02-18,Donald Cerrone,Yancy Medeiros,Donald Cerrone,KO/TKO,
2018-02-18,James Vick,Francisco Trinaldo,James Vick,DEC,
2018-02-18,Sage Northcutt,Thibault Gouti,Sage Northcutt,DEC,
2018-02-18,Francesco Nuzzi,Adrian Claudiu Iancu,Francesco Nuzzi,,
2018-02-18,Thiago Alves,Curtis Millender,Curtis Millender,KO/TKO,
2018-02-18,Jared Gordon,Diego Ferreira,Diego Ferreira,KO/TKO,
2018-02-18,Robert Sanchez,Joby Sanchez,Robert Sanchez,SUB,
2018-02-18,Derrick Lewis,Marcin Tybura,Derrick Lewis,KO/TKO,
2018-02-18,Joshua Burkman,Alex Morono,Alex Morono,SUB,
2018-02-22,Umar Nurmagomedov,Shyudi Yamauchi,Umar Nurmagomedov,,FNG: Fight Nights Global 83
2018-02-22,Movsar Evloev,Sergey Morozov,Movsar Evloev,,M-1 Challenge 88: Ismagulov vs. Tutarauli
2018-02-23,Chad Anheliger,Eric Wilson,Chad Anheliger,,Modern Fighting Championship 1
2018-02-23,Tanner Boser,D.J. Linderman,Tanner Boser,,ACB 81: Carneiro vs. Saidov
2018-02-24,Jessica Andrade,Tecia Pennington,Jessica Andrade,DEC,
2018-02-24,Mike Perry,Max Griffin,Max Griffin,DEC,
2018-02-24,Sam Alvey,Marcin Prachnio,Sam Alvey,KO/TKO,
2018-02-24,Maryna Moroz,Angela Hill,Angela Hill,DEC,
2018-02-24,Albert Morales,Manny Bermudez,Manny Bermudez,SUB,
2018-02-24,Josh Emmett,Jeremy Stephens,Jeremy Stephens,KO/TKO,
2018-02-24,Ovince Saint Preux,Ilir Latifi,Ilir Latifi,SUB,
2018-02-24,Sara McMann,Marion Reneau,Marion Reneau,SUB,
2018-02-24,Rani Yahya,Russell Doane,Rani Yahya,SUB,
2018-02-24,Renan Barao,Brian Kelleher,Brian Kelleher,DEC,
2018-02-24,Eric Shelton,Alex Perez,Alex Perez,DEC,
2018-02-24,Ben Saunders,Alan Jouban,Alan Jouban,KO/TKO,
2018-03-03,CB Dollaway,Hector Lombard,CB Dollaway,DQ,
2018-03-03,Cat Zingano,Ketlen Vieira,Ketlen Vieira,DEC,
2018-03-03,Sean O'Malley,Andre Soukhamthath,Sean O'Malley,DEC,
2018-03-03,Mateusz Gamrot,Grzegorz Szulakowski,Mateusz Gamrot,,KSW 42: Khalidov vs. Narkun
2018-03-03,Beneil Dariush,Alexander Hernandez,Alexander Hernandez,KO/TKO,
2018-03-03,Julia Polastri,Vanessa Santos,Julia Polastri,,NCE 23: New Corpore Extreme 23
2018-03-03,Bryan Caraway,Cody Stamann,Cody Stamann,DEC,
2018-03-03,Mason Jones,Lawrence Tracey,Mason Jones,,Cage Warriors 91: Reed vs. Bouland
2018-03-03,Cristiane Justino,Yana Santos,Cristiane Justino,KO/TKO,
2018-03-03,Frankie Edgar,Brian Ortega,Brian Ortega,KO/TKO,
2018-03-03,Jordan Johnson,Adam Milstead,Jordan Johnson,DEC,
2018-03-03,Mike Pyle,Zak Ottow,Zak Ottow,KO/TKO,
2018-03-03,Ashley Yoder,Mackenzie Dern,Mackenzie Dern,DEC,
2018-03-03,Stefan Struve,Andrei Arlovski,Andrei Arlovski,DEC,
2018-03-03,John Dodson,Pedro Munhoz,John Dodson,DEC,
2018-03-04,Nurullo Aliev,Sergey Malykov,Nurullo Aliev,,Samara MMA Federation: Battle On The Volga 3
2018-03-09,Rodolfo Vieira,Alexander Neufang,Rodolfo Vieira,,ACB 82: Silva vs. Kolobegov
2018-03-10,Reinier de Ridder,Warren Allison,Reinier de Ridder,,
2018-03-10,Kennedy Nzechukwu,Andre Kavanaugh,Kennedy Nzechukwu,,
2018-03-10,Farés Ziam,Abner Lloveras,Farés Ziam,,Hit Fighting Championship 5
2018-03-10,Montel Jackson,Daron McCant,Montel Jackson,,Driller Promotions: A-Town Throwdown 13
2018-03-10,Alatengheili,Ik Hwan Jang,Alatengheili,,Road Fighting Championship 46
2018-03-10,Felipe Lima,Admilson Pimentel,Felipe Lima,,Amazon Talent 8
2018-03-11,Xiaolong Wu,Aoriqileng,Xiaolong Wu,,"CWM MMA: Chin Woo Men 2017-18 Season, Stage 6"
2018-03-11,Johnny Walker,Jedrzej Mackowiak,Johnny Walker,,Krwawy Sport 1: Southampton
2018-03-16,Charles Jourdain,Matar Lo,Charles Jourdain,,TKO 42: Nogueira vs. Laramie
2018-03-16,Gregory Rodrigues,Edilberto de Oliveira,Gregory Rodrigues,,Jaguar Combat 1: Crocota vs. Robocop
2018-03-17,Stevie Ray,Kajan Johnson,Kajan Johnson,DEC,
2018-03-17,Danny Roberts,Oliver Enkamp,Danny Roberts,KO/TKO,
2018-03-17,Mark Godbeer,Dmitry Sosnovskiy,Dmitry Sosnovskiy,SUB,
2018-03-17,Fabricio Werdum,Alexander Volkov,Alexander Volkov,KO/TKO,
2018-03-17,Sumudaerji,Bidzina Gavashelishvili,Sumudaerji,,WLF: W.A.R.S. 22
2018-03-17,Sean Brady,Colton Smith,Sean Brady,,Shogun Fights: Florida
2018-03-17,Jimi Manuwa,Jan Blachowicz,Jan Blachowicz,DEC,
2018-03-17,Aoriqileng,Vladislav Doroshenko,Aoriqileng,,WLF: W.A.R.S. 22
2018-03-17,Erin Blanchfield,Whittany Pyles,Erin Blanchfield,,Cage Fury Fighting Championships 70
2018-03-17,Leon Edwards,Peter Sobotta,Leon Edwards,KO/TKO,
2018-03-17,Paul Craig,Magomed Ankalaev,Paul Craig,SUB,
2018-03-17,Danny Henry,Hakeem Dawodu,Danny Henry,SUB,
2018-03-17,Jamey-Lyn Horth,Coralie Dixon,Jamey-Lyn Horth,,BFL 54: Battlefield Fight League
2018-03-17,Tom Duquesnoy,Terrion Ware,Tom Duquesnoy,DEC,
2018-03-17,Johnny Walker,Cheick Kone,Johnny Walker,,EBD 3: European Beatdown 3
2018-03-17,John Phillips,Charles Byrd,Charles Byrd,SUB,
2018-03-17,Ramazan Temirov,Laqie Sun,Ramazan Temirov,,WLF: W.A.R.S. 22
2018-03-17,Joel Álvarez,Kevin Daniel Delgado,Joel Álvarez,,AFL 14: Outbreak
2018-03-23,Jamall Emmers,Guilherme Faria,Jamall Emmers,,LFA 36: Simon vs. Zani
2018-03-23,SangWon Kim,Jack Jenkins,SangWon Kim,,
2018-03-23,Ricky Simon,Vinicius Zani,Ricky Simon,,LFA 36: Simon vs. Zani
2018-03-24,Arman Tsarukyan,Haotian Wu,Arman Tsarukyan,,GMMA: Gods Of War World MMA Championship
2018-03-24,Serghei Spivac,Ivo Cuk,Serghei Spivac,,WWFC 10: World Warriors Fighting Championship 10
2018-03-24,Nathaniel Wood,Luca Iovine,Nathaniel Wood,,CW 92: Super Saturday
2018-03-24,Modestas Bukauskas,Pelu Adetola,Modestas Bukauskas,,CW 92: Super Saturday
2018-03-24,Kerri Kenneson,Chelsea Chandler,Kerri Kenneson,,Invicta FC 28: Inoue vs. Jandiroba
2018-03-30,Roman Kopylov,Abdulsupyan Alikhanov,Roman Kopylov,,FNG: Fight Nights Global 85
2018-03-30,Tresean Gore,Prince Ellerbe,Tresean Gore,,NFC 105: National Fighting Championship 105
2018-03-31,Sean Santella,Charles Johnson,Sean Santella,,PA Cage Fight 31
2018-04-06,Nate Andrews,Chris Padilla,Nate Andrews,,CES 49: Curtis vs. Norwood
2018-04-06,Punahele Soriano,Rafael Celestino,Punahele Soriano,,Titan FC 49: Gomez vs. Soares
2018-04-06,Jeremiah Wells,Gary Balletto,Jeremiah Wells,,CES 49: Curtis vs. Norwood
2018-04-07,Willker Lemos,Luis Felipe Dias,Willker Lemos,,NCE 25: New Corpore Extreme 25
2018-04-07,Rose Namajunas,Joanna Jedrzejczyk,Rose Namajunas,DEC,
2018-04-07,Joe Lauzon,Chris Gruetzemacher,Chris Gruetzemacher,KO/TKO,
2018-04-07,Renato Moicano,Calvin Kattar,Renato Moicano,DEC,
2018-04-07,Devin Clark,Mike Rodriguez,Devin Clark,DEC,
2018-04-07,Evan Dunham,Olivier Aubin-Mercier,Olivier Aubin-Mercier,KO/TKO,
2018-04-07,Khabib Nurmagomedov,Al Iaquinta,Khabib Nurmagomedov,DEC,
2018-04-07,Dustin Stoltzfus,Roman Kapranov,Dustin Stoltzfus,,WLMMA: We Love MMA 39
2018-04-07,Karolina Kowalkiewicz,Felice Herrig,Karolina Kowalkiewicz,DEC,
2018-04-07,Bec Rawlings,Ashlee Evans-Smith,Ashlee Evans-Smith,DEC,
2018-04-07,Zabit Magomedsharipov,Kyle Bochniak,Zabit Magomedsharipov,DEC,
2018-04-12,Rodrigo Vera,Marcos Antonio,Rodrigo Vera,,300 Sparta 25: Giglio vs. Galvao
2018-04-13,Jose Alday,John Castaneda,Jose Alday,,Combate Americas: Combate Estrellas 1
2018-04-13,Rafa Garcia,Chase Gibson,Rafa Garcia,,Combate Americas: Combate Estrellas 1
2018-04-13,Logan Storley,Joaquin Buckley,Logan Storley,,Bellator 197: Chandler vs. Girtz
2018-04-14,Jiaerken Ailimubai,Aoriqileng,Jiaerken Ailimubai,,"CWM MMA: Chin Woo Men 2017-18 Season, Stage 7"
2018-04-14,Muslim Salikhov,Ricky Rainey,Muslim Salikhov,KO/TKO,
2018-04-14,Dustin Poirier,Justin Gaethje,Dustin Poirier,KO/TKO,
2018-04-14,Shana Dobson,Lauren Mueller,Lauren Mueller,DEC,
2018-04-14,Arjan Bhullar,Adam Wieczorek,Adam Wieczorek,SUB,
2018-04-14,Wilson Reis,John Moraga,John Moraga,DEC,
2018-04-14,Salahdine Parnasse,Artur Sowinski,Salahdine Parnasse,,KSW 43: Janikowski vs. Bahati
2018-04-14,Sumudaerji,Zelimkhan Makaev,Sumudaerji,,WLF: W.A.R.S. 23
2018-04-14,Israel Adesanya,Marvin Vettori,Israel Adesanya,DEC,
2018-04-14,Gilbert Burns,Dan Moret,Gilbert Burns,KO/TKO,
2018-04-14,Carlos Condit,Alex Oliveira,Alex Oliveira,SUB,
2018-04-14,Matthew Lopez,Alejandro Perez,Alejandro Perez,KO/TKO,
2018-04-14,Rongzhu,Arsen Balyants,Rongzhu,,WLF: W.A.R.S. 23
2018-04-14,Michelle Waterson-Gomez,Cortney Casey,Michelle Waterson-Gomez,DEC,
2018-04-14,Nursulton Ruziboev,Sultan Kiyalov,Nursulton Ruziboev,,Alash Pride FC: Dzhepisov vs. Protsenko
2018-04-14,Tim Boetsch,Antonio Carlos Junior,Antonio Carlos Junior,SUB,
2018-04-14,Krzysztof Jotko,Brad Tavares,Brad Tavares,KO/TKO,
2018-04-14,Luke Sanders,Patrick Williams,Luke Sanders,DEC,
2018-04-14,Dhiego Lima,Yushin Okami,Yushin Okami,DEC,
2018-04-14,Michael Aljarouj,Lucas Tenório,Michael Aljarouj,KO/TKO,100% FIGHT
2018-04-20,David Martinez,Enrique Barragan,David Martinez,,Combate Americas: Combate Estrellas 2
2018-04-21,Merab Dvalishvili,Ricky Simon,Ricky Simon,SUB,
2018-04-21,Edmen Shahbazyan,Daniel McWilliams,Edmen Shahbazyan,,CXF 12: Burbank Beatdown
2018-04-21,Giga Chikadze,Kevin Ceron,Giga Chikadze,,Gladiator Challenge: MMA Fighting Championship
2018-04-21,Edson Barboza,Kevin Lee,Kevin Lee,KO/TKO,
2018-04-21,David Branch,Thiago Santos,David Branch,KO/TKO,
2018-04-21,Justin Willis,Chase Sherman,Justin Willis,DEC,
2018-04-21,Corey Anderson,Patrick Cummins,Corey Anderson,DEC,
2018-04-21,Anthony Rocco Martin,Keita Nakamura,Anthony Rocco Martin,DEC,
2018-04-21,Jim Miller,Dan Hooker,Dan Hooker,KO/TKO,
2018-04-21,Aljamain Sterling,Brett Johns,Aljamain Sterling,DEC,
2018-04-21,Ryan LaFlare,Alex Garcia,Ryan LaFlare,DEC,
2018-04-21,Frankie Edgar,Cub Swanson,Frankie Edgar,DEC,
2018-04-21,Siyar Bahadurzada,Luan Chagas,Siyar Bahadurzada,KO/TKO,
2018-04-22,Gabriel Schlupp,Jean Silva,Gabriel Schlupp,,Sao Jose Super Fight Qualifying: SJSF
2018-04-22,Ding Meng,Nuerdebieke Bahetihan,Ding Meng,,
2018-04-28,Modestas Bukauskas,Kristian Lapsley,Modestas Bukauskas,,CW 93: Cage Warriors 93
2018-05-04,Marc-Andre Barriault,Brendan Kornberger,Marc-Andre Barriault,,TKO 43: Barriault vs. Kornberger
2018-05-05,Joel Álvarez,Alexandre Ribeiro,Joel Álvarez,,AFL 15: Typhoon
2018-05-05,Francesco Nuzzi,Percy Herrera,Francesco Nuzzi,,
2018-05-06,Kai Asakura,Manel Kape,Kai Asakura,,Rizin FF: Rizin Fighting Federation 10
2018-05-11,Umar Nurmagomedov,Fatkhidin Sobirov,Umar Nurmagomedov,,Samara MMA Federation: Battle on the Volga 4
2018-05-11,Ramazan Temirov,Biqie Qiu,Ramazan Temirov,,WLF: W.A.R.S. 24
2018-05-11,Nurullo Aliev,Rasul Mamedbekov,Nurullo Aliev,,Samara MMA Federation: Battle on the Volga 4
2018-05-12,Aaron Pico,Lee Morrison,Aaron Pico,,Bellator 199: Bader vs. King Mo
2018-05-12,Vitor Belfort,Lyoto Machida,Lyoto Machida,KO/TKO,
2018-05-12,Diyar Nurgozhay,Sultan Musayev,Diyar Nurgozhay,,
2018-05-12,Elizeu Zaleski dos Santos,Sean Strickland,Elizeu Zaleski dos Santos,KO/TKO,
2018-05-12,Warlley Alves,Sultan Aliev,Warlley Alves,KO/TKO,
2018-05-12,Alatengheili,Jong Hyun Kwak,Alatengheili,,Road FC 47: 2018 Openweight Grand Prix: Opening Round
2018-05-12,Aleksei Oleinik,Junior Albini,Aleksei Oleinik,SUB,
2018-05-12,Amanda Nunes,Raquel Pennington,Amanda Nunes,KO/TKO,
2018-05-12,Mason Jones,Craig Edwards,Mason Jones,,Cage Warriors: Cage Warriors Academy Wales 2
2018-05-12,Jacare Souza,Kelvin Gastelum,Kelvin Gastelum,DEC,
2018-05-12,Thales Leites,Jack Hermansson,Jack Hermansson,KO/TKO,
2018-05-12,Markus Perez,James Bochnovic,Markus Perez,SUB,
2018-05-12,Davi Ramos,Nick Hein,Davi Ramos,SUB,
2018-05-12,Alberto Mina,Ramazan Emeev,Ramazan Emeev,DEC,
2018-05-12,John Lineker,Brian Kelleher,John Lineker,KO/TKO,
2018-05-12,Aoriqileng,Sen Yang,Aoriqileng,,"CWM MMA: Chin Woo Men 2017-18 Season, Stage 9"
2018-05-12,Cezar Ferreira,Karl Roberson,Cezar Ferreira,SUB,
2018-05-12,Mackenzie Dern,Amanda Cooper,Mackenzie Dern,SUB,
2018-05-18,Édgar Cháirez,Alan Cantu Garcia,Édgar Cháirez,,Combate Americas: Mexico vs. El Mundo
2018-05-19,Zak Cummings,Michel Prazeres,Michel Prazeres,DEC,
2018-05-19,Vicente Luque,Chad Laprise,Vicente Luque,KO/TKO,
2018-05-19,Rodolfo Bellato,Vanderson de Camp,Rodolfo Bellato,,ECC: Eco Combat Championship 20
2018-05-19,Jared Cannonier,Dominick Reyes,Dominick Reyes,KO/TKO,
2018-05-19,Gabriel Benitez,Humberto Bandenay,Gabriel Benitez,KO/TKO,
2018-05-19,Demian Maia,Kamaru Usman,Kamaru Usman,DEC,
2018-05-19,Brandon Moreno,Alexandre Pantoja,Alexandre Pantoja,DEC,
2018-05-19,Enrique Barzola,Brandon Davis,Enrique Barzola,DEC,
2018-05-19,Diego Rivas,Guido Cannetti,Guido Cannetti,DEC,
2018-05-19,Henry Briones,Frankie Saenz,Frankie Saenz,DEC,
2018-05-19,Waldo Cortes Acosta,Odell Pantin,Waldo Cortes Acosta,,Iron Boy Promotions: Iron Boy MMA 11
2018-05-19,Nikita Krylov,Fabio Maldonado,Nikita Krylov,,FNG: Fight Nights Global 87
2018-05-19,Poliana Botelho,Syuri Kondo,Poliana Botelho,KO/TKO,
2018-05-19,Claudio Puelles,Felipe Silva,Claudio Puelles,SUB,
2018-05-19,Gabriel Bonfim,Vinicius Luiz da Silva,Gabriel Bonfim,,COF: Centro Oeste Fight 8
2018-05-19,Veronica Hardy,Andrea Lee,Andrea Lee,DEC,
2018-05-19,Alexa Grasso,Tatiana Suarez,Tatiana Suarez,SUB,
2018-05-25,Miles Johns,Eric Ellington,Miles Johns,,LFA 40: Aguilar vs. Le
2018-05-25,Kennedy Nzechukwu,Corey Johnson,Kennedy Nzechukwu,,
2018-05-25,Evan Cutts,Ramiz Brahimaj,Evan Cutts,,LFA 40: Aguilar vs. Le
2018-05-25,Michael Page,David Rickels,Michael Page,,Bellator 200: Carvalho vs. Mousasi
2018-05-26,Eric McConico,Jeramy Burford,Eric McConico,,KOTC: Grand Finale
2018-05-26,Valesca Machado,Julia Polastri,Valesca Machado,,Shooto Brazil: Shooto Brazil 84
2018-05-26,Arman Tsarukyan,Junior Assuncao,Arman Tsarukyan,,MFP 220/KLF: Kunlun Fight vs. Modern Fighting Pankration
2018-05-27,Neil Magny,Craig White,Neil Magny,KO/TKO,
2018-05-27,Lina Lansberg,Gina Mazany,Lina Lansberg,DEC,
2018-05-27,Brad Scott,Carlo Pedersoli Jr.,Carlo Pedersoli Jr.,DEC,
2018-05-27,Jason Knight,Makwan Amirkhani,Makwan Amirkhani,DEC,
2018-05-27,Daniel Kelly,Tom Breese,Tom Breese,KO/TKO,
2018-05-27,Elias Theodorou,Trevor Smith,Elias Theodorou,DEC,
2018-05-27,Stephen Thompson,Darren Till,Darren Till,DEC,
2018-05-27,Eric Spicely,Darren Stewart,Darren Stewart,KO/TKO,
2018-05-27,Gillian Robertson,Molly McCann,Gillian Robertson,SUB,
2018-05-27,Claudio Silva,Nordine Taleb,Claudio Silva,SUB,
2018-05-27,Arnold Allen,Mads Burnell,Arnold Allen,SUB,
2018-06-01,Julio Arce,Daniel Teymur,Julio Arce,SUB,
2018-06-01,Jimmie Rivera,Marlon Moraes,Marlon Moraes,KO/TKO,
2018-06-01,Johnny Eduardo,Nathaniel Wood,Nathaniel Wood,SUB,
2018-06-01,Jarred Brooks,Jose Torres,Jose Torres,KO/TKO,
2018-06-01,Belal Muhammad,Chance Rencountre,Belal Muhammad,DEC,
2018-06-01,Gian Villante,Sam Alvey,Sam Alvey,DEC,
2018-06-01,Jake Ellenberger,Ben Saunders,Ben Saunders,KO/TKO,
2018-06-01,Gregor Gillespie,Vinc Pichel,Gregor Gillespie,SUB,
2018-06-01,Desmond Green,Gleison Tibau,Desmond Green,DEC,
2018-06-01,Sijara Eubanks,Lauren Murphy,Sijara Eubanks,DEC,
2018-06-01,Nik Lentz,David Teymur,David Teymur,DEC,
2018-06-01,Walt Harris,Daniel Spitz,Walt Harris,KO/TKO,
2018-06-02,Rizvan Kuniev,Jose Agustin Jiminez Garcia,Rizvan Kuniev,,UMC 1: Ciumac vs. Ngeleka
2018-06-08,Charles Johnson,Andrew Kimzey,Charles Johnson,,LFA 42: Krantz vs. Kayne
2018-06-09,Claudia Gadelha,Carla Esparza,Claudia Gadelha,DEC,
2018-06-09,Rashad Evans,Anthony Smith,Anthony Smith,KO/TKO,
2018-06-09,Rafael Dos Anjos,Colby Covington,Colby Covington,DEC,
2018-06-09,Holly Holm,Megan Anderson,Holly Holm,DEC,
2018-06-09,Mike Santiago,Dan Ige,Dan Ige,KO/TKO,
2018-06-09,Ricardo Lamas,Mirsad Bektic,Mirsad Bektic,DEC,
2018-06-09,Robert Whittaker,Yoel Romero,Robert Whittaker,DEC,
2018-06-09,Alexia Thainara,Beatriz Ferreira,Alexia Thainara,,
2018-06-09,Rashad Coulter,Chris de la Rocha,Chris de la Rocha,KO/TKO,
2018-06-09,Alistair Overeem,Curtis Blaydes,Curtis Blaydes,KO/TKO,
2018-06-09,Joanderson Brito,Duilio Aparecido Bueno dos Santos,Joanderson Brito,,SDVF - Strike do Vale Fight 2
2018-06-09,Elves Brener,Carlos Eduardo de Azevedo,Elves Brener,,PFC 3: Porto Fight Club 3
2018-06-09,Clay Guida,Charles Oliveira,Charles Oliveira,SUB,
2018-06-09,Andrei Arlovski,Tai Tuivasa,Tai Tuivasa,DEC,
2018-06-09,Joseph Benavidez,Sergio Pettis,Sergio Pettis,DEC,
2018-06-10,Shuo Wang,Aoriqileng,Shuo Wang,,"CWM MMA: Chin Woo Men 2017-18 Season, Stage 10"
2018-06-13,Montel Jackson,Rico DiSciullo,Montel Jackson,,
2018-06-13,Alonzo Menifield,Dashawn Boatwright,Alonzo Menifield,,
2018-06-15,Jeremiah Wells,Jon Manley,Jeremiah Wells,,CES 50: Paiva vs. Ewell
2018-06-15,Rodrigo Vera,Carlos Huachin,,Draw,300 Sparta 26: Soncora vs. Pimenta
2018-06-16,Leah McCourt,Manon Fiorot,Leah McCourt,,CW 94: Bouland vs. Topuria
2018-06-16,Rodolfo Vieira,Jacob Holyman-Tague,Rodolfo Vieira,,ACB 88: Brisbane
2018-06-16,Punahele Soriano,James Horne,Punahele Soriano,,V3 Fights 69
2018-06-16,Tanner Boser,Chase Gormley,Tanner Boser,,ACB 88: Brisbane
2018-06-16,Roman Dolidze,Eder de Souza,Roman Dolidze,,WWFC 11: World Warriors Fighting Championship 11
2018-06-20,Ryan Spann,Emiliano Sordi,Ryan Spann,,
2018-06-20,Austin Springer,Giga Chikadze,Austin Springer,,
2018-06-22,Tresean Gore,L.J. Jones,Tresean Gore,,NFC 108: National Fighting Championship 108
2018-06-22,Brendan Allen,Larry Crowe,Brendan Allen,,LFA 43: Allen vs. Crowe
2018-06-23,Donald Cerrone,Leon Edwards,Leon Edwards,DEC,
2018-06-23,Li Jingliang,Daichi Abe,Li Jingliang,DEC,
2018-06-23,Jessica-Rose Clark,Jessica Eye,Jessica Eye,DEC,
2018-06-23,Jenel Lausa,Yuta Sasaki,Yuta Sasaki,SUB,
2018-06-23,Ovince Saint Preux,Tyson Pedro,Ovince Saint Preux,SUB,
2018-06-23,Matt Schnell,Naoki Inoue,Matt Schnell,DEC,
2018-06-23,Shinsho Anzai,Jake Matthews,Jake Matthews,SUB,
2018-06-23,Teruto Ishihara,Petr Yan,Petr Yan,KO/TKO,
2018-06-23,Felipe Arantes,Song Yadong,Song Yadong,KO/TKO,
2018-06-23,Ji Yeon Kim,Melinda Fabian,Ji Yeon Kim,DEC,
2018-06-23,Rolando Dy,Shane Young,Shane Young,KO/TKO,
2018-06-23,Jingnan Xiong,Laura Balin,Jingnan Xiong,,
2018-06-23,Viviane Pereira,Yan Xiaonan,Yan Xiaonan,DEC,
2018-06-23,Song Kenan,Hector Aldana,Song Kenan,KO/TKO,
2018-06-27,Rongzhu,Aleko Saghliani,Rongzhu,,WLF: W.A.R.S. 25
2018-06-27,Sumudaerji,Temirulan Bamadaliev,Sumudaerji,,WLF: W.A.R.S. 25
2018-06-27,Julian Erosa,Jamall Emmers,Julian Erosa,,
2018-06-30,Mauricio Ruffy,Lucas Costa Jesus,Mauricio Ruffy,,Batalha MMA 13
2018-06-30,Felipe Lima,Adalberto Mota da Silva Jr.,Felipe Lima,,AFC 4: Arena Fight Championship 4
2018-07-05,Abus Magomedov,Danillo Villefort,Abus Magomedov,,PFL 3: Washington DC
2018-07-06,Alessio Di Chirico,Julian Marquez,Alessio Di Chirico,DEC,
2018-07-06,Michael Trizano,Joe Giannetti,Michael Trizano,DEC,
2018-07-06,Alex Caceres,Martin Bravo,Alex Caceres,DEC,
2018-07-06,John Gunther,Allan Zuniga,John Gunther,DEC,
2018-07-06,Montana De La Rosa,Rachael Ostovich,Montana De La Rosa,SUB,
2018-07-06,Matt Bessette,Steven Peterson,Steven Peterson,DEC,
2018-07-06,Roxanne Modafferi,Barb Honchak,Roxanne Modafferi,KO/TKO,
2018-07-06,Gerald Meerschaert,Oskar Piechota,Gerald Meerschaert,SUB,
2018-07-06,Tyler Diamond,Bryce Mitchell,Bryce Mitchell,DEC,
2018-07-06,Jay Cucciniello,Brad Katona,Brad Katona,DEC,
2018-07-06,Brad Tavares,Israel Adesanya,Israel Adesanya,DEC,
2018-07-06,Luis Pena,Richie Smullen,Luis Pena,SUB,
2018-07-07,Dan Hooker,Gilbert Burns,Dan Hooker,KO/TKO,
2018-07-07,Francis Ngannou,Derrick Lewis,Derrick Lewis,DEC,
2018-07-07,Raphael Assuncao,Rob Font,Raphael Assuncao,DEC,
2018-07-07,Lucas Fernando,Paulo Laia,Lucas Fernando,,
2018-07-07,Jamie Moyle,Emily Whitmire,Emily Whitmire,DEC,
2018-07-07,Stipe Miocic,Daniel Cormier,Daniel Cormier,KO/TKO,
2018-07-07,Gokhan Saki,Khalil Rountree Jr.,Khalil Rountree Jr.,KO/TKO,
2018-07-07,Curtis Millender,Max Griffin,Curtis Millender,DEC,
2018-07-07,Lando Vannata,Drakkar Klose,Drakkar Klose,DEC,
2018-07-07,Michael Chiesa,Anthony Pettis,Anthony Pettis,SUB,
2018-07-07,Paul Felder,Mike Perry,Mike Perry,DEC,
2018-07-07,Uriah Hall,Paulo Costa,Paulo Costa,KO/TKO,
2018-07-11,Jalin Turner,Max Mustaki,Jalin Turner,,
2018-07-14,Randy Brown,Niko Price,Niko Price,KO/TKO,
2018-07-14,Eddie Wineland,Alejandro Perez,Alejandro Perez,DEC,
2018-07-14,Sage Northcutt,Zak Ottow,Sage Northcutt,KO/TKO,
2018-07-14,Kurt Holobaugh,Raoni Barcelos,Raoni Barcelos,KO/TKO,
2018-07-14,Liz Carmouche,Jennifer Maia,Liz Carmouche,DEC,
2018-07-14,Cat Zingano,Marion Reneau,Cat Zingano,DEC,
2018-07-14,Dennis Bermudez,Ricky Glenn,Ricky Glenn,DEC,
2018-07-14,Myles Jury,Chad Mendes,Chad Mendes,KO/TKO,
2018-07-14,Justin Scoggins,Said Nurmagomedov,Said Nurmagomedov,DEC,
2018-07-14,Mark De La Rosa,Elias Garcia,Mark De La Rosa,SUB,
2018-07-14,Darren Elkins,Alexander Volkanovski,Alexander Volkanovski,DEC,
2018-07-14,Patricio Pitbull,Daniel Weichel,Patricio Pitbull,,Bellator 203: Freire vs. Weichel 2
2018-07-14,Junior Dos Santos,Blagoy Ivanov,Junior Dos Santos,DEC,
2018-07-14,Jessica Aguilar,Jodie Esquibel,Jessica Aguilar,DEC,
2018-07-16,Nilson Rojas,Angel Soto,Nilson Rojas,,
2018-07-18,Edmen Shahbazyan,Antonio Jones,Edmen Shahbazyan,,
2018-07-18,Joanderson Brito,Johnny Iwasaki,Joanderson Brito,,Fusion Fighting Championship 33: Iwasaki vs. Tubarao
2018-07-21,Erin Blanchfield,Brittney Cloudy,Erin Blanchfield,,Invicta FC 30: Frey vs. Grusander
2018-07-21,Mason Jones,Konmon Deh,Mason Jones,,Cage Warriors 95: Janzemini vs. Paterno
2018-07-21,Movsar Evloev,Rafael Dias,Movsar Evloev,,M-1 Challenge 95: Dalgiev vs. Landwehr
2018-07-21,Nate Landwehr,Khamzat Dalgiev,Nate Landwehr,,M-1 Challenge 95: Dalgiev vs. Landwehr
2018-07-21,Joe Kropschot,Inayatullah Siddique,Joe Kropschot,,DH: Dragon House 29
2018-07-22,Marcin Tybura,Stefan Struve,Marcin Tybura,DEC,
2018-07-22,Danny Roberts,David Zawada,Danny Roberts,DEC,
2018-07-22,Vitor Miranda,Abu Azaitar,Abu Azaitar,DEC,
2018-07-22,Khalid Taha,Nad Narimani,Nad Narimani,DEC,
2018-07-22,Damian Stasiak,Pingyuan Liu,Pingyuan Liu,DEC,
2018-07-22,Glover Teixeira,Corey Anderson,Corey Anderson,DEC,
2018-07-22,Justin Ledet,Aleksandar Rakic,Aleksandar Rakic,DEC,
2018-07-22,Mauricio Rua,Anthony Smith,Anthony Smith,KO/TKO,
2018-07-22,Davey Grant,Manny Bermudez,Manny Bermudez,SUB,
2018-07-22,Jeremy Kimball,Darko Stosic,Darko Stosic,KO/TKO,
2018-07-22,Nick Hein,Damir Hadzovic,Damir Hadzovic,DEC,
2018-07-22,Emil Meek,Bartosz Fabinski,Bartosz Fabinski,DEC,
2018-07-22,Nasrat Haqparast,Marc Diakiese,Nasrat Haqparast,DEC,
2018-07-27,Kevin Borjas,Eduardo Loyaga,Kevin Borjas,,DFC 10 - Desafio Fighting Championship 10
2018-07-28,Gadzhimurad Antigulov,Ion Cutelaba,Ion Cutelaba,KO/TKO,
2018-07-28,Joanna Jedrzejczyk,Tecia Pennington,Joanna Jedrzejczyk,DEC,
2018-07-28,Alexis Davis,Katlyn Cerminara,Katlyn Cerminara,DEC,
2018-07-28,Jordan Mein,Alex Morono,Jordan Mein,DEC,
2018-07-28,Devin Powell,Alvaro Herrera Mendoza,Devin Powell,KO/TKO,
2018-07-28,John Makdessi,Ross Pearson,John Makdessi,DEC,
2018-07-28,Hakeem Dawodu,Austin Arnett,Hakeem Dawodu,DEC,
2018-07-28,Dustin Ortiz,Matheus Nicolau,Dustin Ortiz,KO/TKO,
2018-07-28,Diyar Nurgozhay,Amhad Dzhanchuraev,Diyar Nurgozhay,,Alash Pride FC: Egemberdiev vs. Azimov
2018-07-28,Eddie Alvarez,Dustin Poirier,Dustin Poirier,KO/TKO,
2018-07-28,Alexander Hernandez,Olivier Aubin-Mercier,Alexander Hernandez,DEC,
2018-07-28,Randa Markos,Nina Nunes,Nina Nunes,DEC,
2018-07-28,Jose Aldo,Jeremy Stephens,Jose Aldo,KO/TKO,
2018-07-28,Kajan Johnson,Islam Makhachev,Islam Makhachev,SUB,
2018-08-02,Charles Jourdain,Kevin Genereux,Charles Jourdain,,TKO MMA: TKO Fight Night 1
2018-08-02,Rongzhu,Arben Escayo,Rongzhu,,ABA Fighting Championship: Hongyuan
2018-08-02,Sumudaerji,Yusei Saiton,Sumudaerji,,ABA Fighting Championship: Hongyuan
2018-08-04,Ricardo Ramos,Kyung Ho Kang,Ricardo Ramos,DEC,
2018-08-04,Ricky Simon,Montel Jackson,Ricky Simon,DEC,
2018-08-04,Thiago Santos,Kevin Holland,Thiago Santos,DEC,
2018-08-04,Polyana Viana,JJ Aldrich,JJ Aldrich,DEC,
2018-08-04,Demetrious Johnson,Henry Cejudo,Henry Cejudo,DEC,
2018-08-04,Alex Perez,Jose Torres,Alex Perez,KO/TKO,
2018-08-04,Marlon Vera,Wulijiburen,Marlon Vera,KO/TKO,
2018-08-04,Danielle Taylor,Zhang Weili,Zhang Weili,DEC,
2018-08-04,Pedro Munhoz,Brett Johns,Pedro Munhoz,DEC,
2018-08-04,TJ Dillashaw,Cody Garbrandt,TJ Dillashaw,KO/TKO,
2018-08-04,Cub Swanson,Renato Moicano,Renato Moicano,SUB,
2018-08-04,Matt Sayles,Sheymon Moraes,Sheymon Moraes,DEC,
2018-08-05,Norma Dumont,Mariana Morais,Norma Dumont,,Shooto Brazil: Shooto Brazil 86
2018-08-05,Kauê Fernandes,Jameson Oliveira,Kauê Fernandes,,
2018-08-08,Kennedy Nzechukwu,Dennis Bryant,Kennedy Nzechukwu,,
2018-08-10,Ramiz Brahimaj,William Macario,Ramiz Brahimaj,,LFA 47: Jackson vs. Jennerman
2018-08-11,Luis Felipe Dias,Weldon Silva de Oliveira,Luis Felipe Dias,,MMA Dragon Fighters 14
2018-08-12,Giga Chikadze,C.J. Baines,Giga Chikadze,,Gladiator Challenge: Summer Showdown
2018-08-12,Myktybek Orolbai,Eldiyar Toobaev,Myktybek Orolbai,,WEF 60
2018-08-12,Johnny Walker,Henrique da Silva,Johnny Walker,,
2018-08-16,Abus Magomedov,Anderson Goncalves,Abus Magomedov,,PFL 6: Atlantic City
2018-08-17,Jeremiah Wells,Jason Norwood,Jeremiah Wells,,CES 52: Norwood vs. Wells
2018-08-18,Kiamrian Abbasov,Nursulton Ruziboev,Kiamrian Abbasov,,WFCA 50: Emelianenko vs. Johnson
2018-08-22,Arman Tsarukyan,Felipe Olivieri,Arman Tsarukyan,,League S-70: Plotforma S-70: 2018
2018-08-25,Cortney Casey,Angela Hill,Cortney Casey,DEC,
2018-08-25,Andrew Sanchez,Markus Perez,Andrew Sanchez,DEC,
2018-08-25,Mickey Gall,George Sullivan,Mickey Gall,SUB,
2018-08-25,Cory Sandhagen,Iuri Alcantara,Cory Sandhagen,KO/TKO,
2018-08-25,Michael Johnson,Andre Fili,Michael Johnson,DEC,
2018-08-25,Brady Hiestand,Phillip Shriver,Brady Hiestand,,ExciteFight: Conquest of the Cage
2018-08-25,Rani Yahya,Luke Sanders,Rani Yahya,SUB,
2018-08-25,Drew Dober,Jon Tuck,Drew Dober,DEC,
2018-08-25,Justin Gaethje,James Vick,Justin Gaethje,KO/TKO,
2018-08-25,James Krause,Warlley Alves,James Krause,KO/TKO,
2018-08-25,John Moraga,Deiveson Figueiredo,Deiveson Figueiredo,KO/TKO,
2018-08-25,Eryk Anders,Tim Williams,Eryk Anders,KO/TKO,
2018-08-25,Joanne Wood,Kalindra Faria,Joanne Wood,SUB,
2018-08-25,Jake Ellenberger,Bryan Barberena,Bryan Barberena,KO/TKO,
2018-08-29,Kevin Borjas,Junior Chate Roman,Kevin Borjas,,Inka FC 28 - Cieza vs. Quinones
2018-08-30,Umar Nurmagomedov,Saidyokub Kakhramonov,Umar Nurmagomedov,,PFL 7: Atlantic City
2018-09-01,Elves Brener,Luan Anderson Prestes,Elves Brener,,RDSC - Rei da Selva Combat 12
2018-09-07,Isi Fitikefu,Cam Rowston,Isi Fitikefu,,SFMMA - Superfight MMA 8
2018-09-07,Brandon Royval,Charles Johnson,Brandon Royval,,LFA 48: Stots vs. Lilley
2018-09-07,Djorden Santos,Khristhian Da Silva Oliveira,Djorden Santos,,Samurai Fight 1: Gabriel vs. Samuel
2018-09-07,Gabriel Bonfim,Samuel Nunes,Gabriel Bonfim,,Samurai Fight 1: Gabriel vs. Samuel
2018-09-07,Joanderson Brito,Wellington Prado,Joanderson Brito,,Thunder Fight 15: Independence Day
2018-09-08,Irene Aldana,Lucie Pudilova,Irene Aldana,DEC,
2018-09-08,Eric McConico,Gordy Gaetan,Eric McConico,,KOTC: Demolition 2
2018-09-08,Diego Sanchez,Craig White,Diego Sanchez,DEC,
2018-09-08,Jim Miller,Alex White,Jim Miller,SUB,
2018-09-08,Carla Esparza,Tatiana Suarez,Tatiana Suarez,KO/TKO,
2018-09-08,Charles Byrd,Darren Stewart,Darren Stewart,KO/TKO,
2018-09-08,Jingnan Xiong,Samara Santos,Jingnan Xiong,,
2018-09-08,Abdul Razak Alhassan,Niko Price,Abdul Razak Alhassan,KO/TKO,
2018-09-08,Jessica Andrade,Karolina Kowalkiewicz,Jessica Andrade,KO/TKO,
2018-09-08,Robert Sanchez,Jarred Brooks,Jarred Brooks,DEC,
2018-09-08,Zabit Magomedsharipov,Brandon Davis,Zabit Magomedsharipov,SUB,
2018-09-08,Geoff Neal,Frank Camacho,Geoff Neal,KO/TKO,
2018-09-08,Jimmie Rivera,John Dodson,Jimmie Rivera,DEC,
2018-09-08,Tyron Woodley,Darren Till,Tyron Woodley,SUB,
2018-09-08,Aljamain Sterling,Cody Stamann,Aljamain Sterling,SUB,
2018-09-14,Sean Brady,Gilbert Urbina,Sean Brady,,LFA 49: Brady vs. Urbina
2018-09-14,Amirlan Amirov,Aoriqileng,Amirlan Amirov,,WLF: W.A.R.S. 27
2018-09-14,Rongzhu,Nikoloz Kajaia,Rongzhu,,WLF: W.A.R.S. 27
2018-09-14,Rafa Garcia,LaRue Burley,Rafa Garcia,,Combate Americas: Alday vs. Lopez
2018-09-15,Mark Hunt,Aleksei Oleinik,Aleksei Oleinik,SUB,
2018-09-15,Adam Yandiev,Jordan Johnson,Jordan Johnson,SUB,
2018-09-15,Merab Dvalishvili,Terrion Ware,Merab Dvalishvili,DEC,
2018-09-15,Rustam Khabilov,Kajan Johnson,Rustam Khabilov,DEC,
2018-09-15,Petr Yan,Jin Soo Son,Petr Yan,DEC,
2018-09-15,Magomed Ankalaev,Marcin Prachnio,Magomed Ankalaev,KO/TKO,
2018-09-15,Khalid Murtazaliev,CB Dollaway,Khalid Murtazaliev,KO/TKO,
2018-09-15,Aleksei Kunchenko,Thiago Alves,Aleksei Kunchenko,DEC,
2018-09-15,Ramazan Emeev,Stefan Sekulic,Ramazan Emeev,DEC,
2018-09-15,Andrei Arlovski,Shamil Abdurakhimov,Shamil Abdurakhimov,DEC,
2018-09-15,Jan Blachowicz,Nikita Krylov,Jan Blachowicz,SUB,
2018-09-15,Mairbek Taisumov,Desmond Green,Mairbek Taisumov,DEC,
2018-09-20,Nilson Rojas,Andres Santillana,Nilson Rojas,,
2018-09-20,Myktybek Orolbai,Shakhzod Kholmatov,Myktybek Orolbai,,WEF 63 ProfFight 27: Battle in Kara-Kulzha
2018-09-21,Marc-Andre Barriault,Adam Hunter,Marc-Andre Barriault,,TKO 44: Hunter vs. Barriault
2018-09-21,Louis Jourdain,Sebastian Ruiz,Louis Jourdain,,TKO 44: Hunter vs. Barriault
2018-09-21,Damien Lapilus,Julien LeBlanc,Damien Lapilus,,TKO 44: Hunter vs. Barriault
2018-09-21,Brendan Allen,Tim Hiley,Brendan Allen,,LFA 50: Allen vs. Hiley
2018-09-22,Livinha Souza,Alex Chambers,Livinha Souza,SUB,
2018-09-22,Alex Oliveira,Carlo Pedersoli Jr.,Alex Oliveira,KO/TKO,
2018-09-22,Francisco Trinaldo,Evan Dunham,Francisco Trinaldo,KO/TKO,
2018-09-22,Thales Leites,Hector Lombard,Thales Leites,DEC,
2018-09-22,Thiago Santos,Eryk Anders,Thiago Santos,KO/TKO,
2018-09-22,Luis Henrique,Ryan Spann,Ryan Spann,DEC,
2018-09-22,Mayra Bueno Silva,Gillian Robertson,Mayra Bueno Silva,SUB,
2018-09-22,Renan Barao,Andre Ewell,Andre Ewell,DEC,
2018-09-22,Sam Alvey,Rogerio Nogueira,Rogerio Nogueira,KO/TKO,
2018-09-22,Augusto Sakai,Chase Sherman,Augusto Sakai,KO/TKO,
2018-09-22,Jamey-Lyn Horth,Christina Ricker,Jamey-Lyn Horth,,BFL 57: Incursion
2018-09-22,Charles Oliveira,Christos Giagos,Charles Oliveira,SUB,
2018-09-22,Elizeu Zaleski dos Santos,Luigi Vendramini,Elizeu Zaleski dos Santos,KO/TKO,
2018-09-22,Sergio Moraes,Ben Saunders,Sergio Moraes,SUB,
2018-09-23,Nurullo Aliev,Makkasharip Zaynukov,Nurullo Aliev,,Samara MMA Federation: Battle on the Volga 6
2018-09-27,Rodrigo Vera,Roy Quispe,Rodrigo Vera,,Redemption Fighters 6: Hwaiano vs. Sanson
2018-09-28,Valesca Machado,Monique Adriane,Valesca Machado,,Shooto Brazil: Shooto Brazil 88
2018-09-28,Nursulton Ruziboev,Andrey Seledtsov,Nursulton Ruziboev,,Hooligan Fight Show: Battle for Tula 2
2018-09-29,Mason Jones,Kacper Formela,Mason Jones,,Cage Warriors 97
2018-09-29,Serghei Spivac,Tony Lopez,Serghei Spivac,,WWFC 12: World Warriors Fighting Championship 12
2018-09-29,Joel Álvarez,Julio Cesar Alves,Joel Álvarez,,AFL 16: Feudal War
2018-09-29,Gabriel Bonfim,Breno Jose,Gabriel Bonfim,,Socam Fight MMA 1: Fernandes vs. Souza
2018-09-29,Aaron Pico,Leandro Higo,Aaron Pico,,Bellator 206: Mousasi vs. MacDonald
2018-09-30,Kai Asakura,Top Noi Kiwram,Kai Asakura,,Rizin FF: Rizin Fighting Federation 13
2018-10-05,Ignacio Bahamondes,Javier Reyes,Ignacio Bahamondes,,Lux Fight League 3
2018-10-06,Sergio Pettis,Jussier Formiga,Jussier Formiga,DEC,
2018-10-06,Scott Holtzman,Alan Patrick,Scott Holtzman,KO/TKO,
2018-10-06,Luis Felipe Dias,Francisco Saldarriaga,Luis Felipe Dias,,Niteroi Top Fight 7: MMA & Muay Thai
2018-10-06,Lina Lansberg,Yana Santos,Yana Santos,DEC,
2018-10-06,Ovince Saint Preux,Dominick Reyes,Dominick Reyes,DEC,
2018-10-06,Tony Ferguson,Anthony Pettis,Tony Ferguson,KO/TKO,
2018-10-06,Julia Polastri,Beatriz Ferreira,Julia Polastri,,Niteroi Top Fight 7: MMA & Muay Thai
2018-10-06,Michelle Waterson-Gomez,Felice Herrig,Michelle Waterson-Gomez,DEC,
2018-10-06,Ryan LaFlare,Anthony Rocco Martin,Anthony Rocco Martin,KO/TKO,
2018-10-06,Derrick Lewis,Alexander Volkov,Derrick Lewis,KO/TKO,
2018-10-06,Aspen Ladd,Tonya Evinger,Aspen Ladd,KO/TKO,
2018-10-06,Khabib Nurmagomedov,Conor McGregor,Khabib Nurmagomedov,SUB,
2018-10-06,Gray Maynard,Nik Lentz,Nik Lentz,KO/TKO,
2018-10-06,Vicente Luque,Jalin Turner,Vicente Luque,KO/TKO,
2018-10-12,Mandel Nallo,Carrington Banks,Mandel Nallo,,Bellator 207: Mitrione vs. Bader
2018-10-13,Morgan Charrière,Julien Gracco,Morgan Charrière,,EBD 4: European Beatdown 4
2018-10-13,Farés Ziam,Julio Matos,Farés Ziam,,EBD 4: European Beatdown 4
2018-10-19,Punahele Soriano,Jhonoven Pati,Punahele Soriano,,LFA 52: Rodriguez vs. Gutierrez
2018-10-19,Brady Hiestand,Corey Conway,Brady Hiestand,,FFC 32: Graves vs. Seumanutafa
2018-10-19,Itzel Esquivel,Vanessa Demopoulos,Itzel Esquivel,,LFA 52: Rodriguez vs. Gutierrez
2018-10-20,Abus Magomedov,Gasan Umalatov,,Draw,PFL 10: Washington D.C.
2018-10-20,Gabriel Bonfim,Luis Felipe Alvim,Gabriel Bonfim,,Juiz de Fora Fight: JF Fight Evolution 19
2018-10-20,Francesco Nuzzi,Giorgio Belsanti,Francesco Nuzzi,,
2018-10-20,Abus Magomedov,Sadibou Sy,Abus Magomedov,,PFL 10: Washington D.C.
2018-10-25,Waleska Sousa,Ravena Oliveira,Waleska Sousa,,
2018-10-26,Haobin Ma,Sumudaerji,Haobin Ma,,WLF: W.A.R.S. 28
2018-10-26,Axel Osuna,Édgar Cháirez,Axel Osuna,,Combate Americas: La Batalla de Guadalajara
2018-10-27,Andre Soukhamthath,Jonathan Martinez,Andre Soukhamthath,DEC,
2018-10-27,Milton Arguello,Gianni Vazquez,Milton Arguello,,KOTC: King of the Cage 20th Anniversary
2018-10-27,Volkan Oezdemir,Anthony Smith,Anthony Smith,SUB,
2018-10-27,Misha Cirkunov,Patrick Cummins,Misha Cirkunov,SUB,
2018-10-27,Thibault Gouti,Nasrat Haqparast,Nasrat Haqparast,DEC,
2018-10-27,Rodolfo Bellato,Rodrigo Tadeu de Souza,Rodolfo Bellato,,LLC: Leoes da Luta 5
2018-10-27,Sarah Moras,Talita Bernardo,Talita Bernardo,DEC,
2018-10-27,Nordine Taleb,Sean Strickland,Sean Strickland,KO/TKO,
2018-10-27,Arjan Bhullar,Marcelo Golm,Arjan Bhullar,DEC,
2018-10-27,Michael Johnson,Artem Lobov,Michael Johnson,DEC,
2018-10-27,Gian Villante,Ed Herman,Gian Villante,DEC,
2018-10-27,Te Edwards,Don Madge,Don Madge,KO/TKO,
2018-10-27,Alex Garcia,Court McGee,Court McGee,DEC,
2018-10-27,Stevie Ray,Jessin Ayari,Stevie Ray,DEC,
2018-10-27,Calvin Kattar,Chris Fishgold,Calvin Kattar,KO/TKO,
2018-11-01,Muhammad Naimov,Jernato Harris,Muhammad Naimov,,The Jonathan Ogden Foundation - 13th Annual 'An Evening Ringside'
2018-11-02,Sean Woodson,Rashard Lovelace,Sean Woodson,,Shamrock FC: Shamrock 311
2018-11-03,Adam Wieczorek,Marcos Rogerio de Lima,Marcos Rogerio de Lima,DEC,
2018-11-03,Chris Weidman,Jacare Souza,Jacare Souza,KO/TKO,
2018-11-03,Daniel Cormier,Derrick Lewis,Daniel Cormier,SUB,
2018-11-03,Jason Knight,Jordan Rinaldi,Jordan Rinaldi,DEC,
2018-11-03,Julio Arce,Sheymon Moraes,Sheymon Moraes,DEC,
2018-11-03,Derek Brunson,Israel Adesanya,Israel Adesanya,KO/TKO,
2018-11-03,Karl Roberson,Jack Marshman,Karl Roberson,DEC,
2018-11-03,Sijara Eubanks,Roxanne Modafferi,Sijara Eubanks,DEC,
2018-11-03,Lyman Good,Ben Saunders,Lyman Good,KO/TKO,
2018-11-03,Shane Burgos,Kurt Holobaugh,Shane Burgos,SUB,
2018-11-03,David Branch,Jared Cannonier,Jared Cannonier,KO/TKO,
2018-11-04,Luis Felipe Dias,Willian Telles,Luis Felipe Dias,,GCF 41: Gladiator Combat Fight 41
2018-11-07,Jose Ochoa,Yhosue Mego,Jose Ochoa,,FFC 35: Tubarao vs. Zarauz
2018-11-07,Joanderson Brito,Jose Zarauz,Joanderson Brito,,FFC 35: Tubarao vs. Zarauz
2018-11-09,Chepe Mariscal,Lerryan Douglas,Chepe Mariscal,,HFC 37: Askar vs. Dombrow
2018-11-09,Brady Hiestand,Jesse Jacobsen,Brady Hiestand,,ExciteFight: Conquest of the Cage
2018-11-10,Salimgerey Rasulov,Tanner Boser,Salimgerey Rasulov,,ACB 90: Moscow
2018-11-10,Donald Cerrone,Mike Perry,Donald Cerrone,SUB,
2018-11-10,Joseph Morales,Eric Shelton,Eric Shelton,DEC,
2018-11-10,Mark De La Rosa,Joby Sanchez,Mark De La Rosa,DEC,
2018-11-10,Davi Ramos,John Gunther,Davi Ramos,SUB,
2018-11-10,Joe Kropschot,Favian Gutierrez,Joe Kropschot,,DH: Dragon House 30
2018-11-10,Ashley Yoder,Amanda Cooper,Ashley Yoder,DEC,
2018-11-10,Chan Sung Jung,Yair Rodriguez,Yair Rodriguez,KO/TKO,
2018-11-10,Nursulton Ruziboev,Marcos Yoshio Souza,Nursulton Ruziboev,,WEF Global 14
2018-11-10,Jean Silva,Muniz Martins dos Santos,Jean Silva,,MF Fighters: MF Fighters 1
2018-11-10,Michael Trizano,Luis Pena,Michael Trizano,DEC,
2018-11-10,Yazmin Jauregui,Benni Fuentes,Yazmin Jauregui,,Fearless Woman MMA: Fearless 4
2018-11-10,Beneil Dariush,Thiago Moises,Beneil Dariush,DEC,
2018-11-10,Raquel Pennington,Germaine de Randamie,Germaine de Randamie,DEC,
2018-11-10,Devonte Smith,Julian Erosa,Devonte Smith,KO/TKO,
2018-11-10,Maycee Barber,Hannah Cifers,Maycee Barber,KO/TKO,
2018-11-15,Patricio Pitbull,Emmanuel Sanchez,Patricio Pitbull,,Bellator 209: Pitbull vs. Sanchez
2018-11-16,Kyle Daukaus,Dustin Long,,Draw,ROC 66: Ring of Combat 66
2018-11-16,Aoriqileng,Orazgeldi Atabayev,Aoriqileng,,WLF: W.A.R.S. 29
2018-11-16,Erin Blanchfield,Kay Hansen,Erin Blanchfield,,Invicta FC 32: Spencer vs. Sorenson
2018-11-16,Chelsea Chandler,Mitzi Merry,Chelsea Chandler,,Invicta FC 32: Spencer vs. Sorenson
2018-11-17,Laureano Staropoli,Hector Aldana,Laureano Staropoli,DEC,
2018-11-17,Michel Prazeres,Bartosz Fabinski,Michel Prazeres,SUB,
2018-11-17,Humberto Bandenay,Austin Arnett,Austin Arnett,DEC,
2018-11-17,Neil Magny,Santiago Ponzinibbio,Santiago Ponzinibbio,KO/TKO,
2018-11-17,Cynthia Calvillo,Poliana Botelho,Cynthia Calvillo,SUB,
2018-11-17,Khalil Rountree Jr.,Johnny Walker,Johnny Walker,KO/TKO,
2018-11-17,Gabriel Bonfim,Alan Pereira,Gabriel Bonfim,,Lutadores MMA 4: Lutador Expertos del Combate 4
2018-11-17,Devin Powell,Jesus Pinedo,Jesus Pinedo,DEC,
2018-11-17,Guido Cannetti,Marlon Vera,Marlon Vera,SUB,
2018-11-17,Alexandre Pantoja,Yuta Sasaki,Alexandre Pantoja,SUB,
2018-11-17,Nad Narimani,Anderson Dos Santos,Nad Narimani,DEC,
2018-11-17,Cezar Ferreira,Ian Heinisch,Ian Heinisch,DEC,
2018-11-17,Ricardo Lamas,Darren Elkins,Ricardo Lamas,KO/TKO,
2018-11-18,Alexandre Pantoja,Ulka Sasaki,Alexandre Pantoja,,
2018-11-24,Kevin Holland,John Phillips,Kevin Holland,SUB,
2018-11-24,Alistair Overeem,Sergei Pavlovich,Alistair Overeem,KO/TKO,
2018-11-24,Hu Yaozong,Rashad Coulter,Rashad Coulter,DEC,
2018-11-24,Wu Yanan,Lauren Mueller,Wu Yanan,SUB,
2018-11-24,Joel Álvarez,Radu Maxim,Joel Álvarez,,AFL 17: Coal And Blood
2018-11-24,Curtis Blaydes,Francis Ngannou,Francis Ngannou,KO/TKO,
2018-11-24,Pingyuan Liu,Martin Day,Pingyuan Liu,DEC,
2018-11-24,Li Jingliang,David Zawada,Li Jingliang,KO/TKO,
2018-11-24,Song Yadong,Vince Morales,Song Yadong,DEC,
2018-11-24,Ailin Perez,Noemi Galarza,Ailin Perez,,MRWF: ULLAMP: Liga Sudamericana
2018-11-24,Sumudaerji,Louis Smolka,Louis Smolka,SUB,
2018-11-24,Yan Xiaonan,Syuri Kondo,Yan Xiaonan,DEC,
2018-11-24,Song Kenan,Alex Morono,Alex Morono,DEC,
2018-11-24,Zhang Weili,Jessica Aguilar,Zhang Weili,SUB,
2018-11-25,Myktybek Orolbai,Saidal Khazmuradov,Myktybek Orolbai,,PFL KG - Professional Fighters League Kyrgyzstan
2018-11-30,Darren Stewart,Edmen Shahbazyan,Edmen Shahbazyan,DEC,
2018-11-30,Julija Stoliarenko,Leah Letson,Leah Letson,DEC,
2018-11-30,Ricky Glenn,Kevin Aguilar,Kevin Aguilar,DEC,
2018-11-30,Justin Patterson,Ramiz Brahimaj,Justin Patterson,,LFA 55: Johns vs. Yanez
2018-11-30,Chad Anheliger,Terrence Chan,Chad Anheliger,,Rise FC 2: Rise Fighting Championship
2018-11-30,Roosevelt Roberts,Darrell Horcher,Roosevelt Roberts,SUB,
2018-11-30,Maurice Greene,Michel Batista,Maurice Greene,SUB,
2018-11-30,Ji Yeon Kim,Antonina Shevchenko,Antonina Shevchenko,DEC,
2018-11-30,John Salter,Chidi Njokuani,John Salter,,Bellator 210: Njokuani vs. Salter
2018-11-30,Rafael Dos Anjos,Kamaru Usman,Kamaru Usman,DEC,
2018-11-30,Juan Espino,Justin Frazier,Juan Espino,SUB,
2018-11-30,Pedro Munhoz,Bryan Caraway,Pedro Munhoz,KO/TKO,
2018-11-30,Raoni Barcelos,Chris Gutierrez,Raoni Barcelos,SUB,
2018-11-30,Pannie Kianzad,Macy Chiasson,Macy Chiasson,SUB,
2018-11-30,Miles Johns,Adrian Yanez,Miles Johns,,LFA 55: Johns vs. Yanez
2018-11-30,Tim Means,Ricky Rainey,Tim Means,KO/TKO,
2018-11-30,Joseph Benavidez,Alex Perez,Joseph Benavidez,KO/TKO,
2018-12-01,Mateusz Gamrot,Kleber Koike Erbst,Mateusz Gamrot,,KSW 46: Narkun vs. Khalidov 2
2018-12-01,Suman Mokhtarian,Sodiq Yusuff,Sodiq Yusuff,KO/TKO,
2018-12-01,Mauricio Rua,Tyson Pedro,Mauricio Rua,KO/TKO,
2018-12-01,Elias Garcia,Kai Kara-France,Kai Kara-France,DEC,
2018-12-01,Jimmy Crute,Paul Craig,Jimmy Crute,SUB,
2018-12-01,Wilson Reis,Ben Nguyen,Wilson Reis,DEC,
2018-12-01,Junior Dos Santos,Tai Tuivasa,Junior Dos Santos,KO/TKO,
2018-12-01,Marcio Barbosa,Lucas Danilo Sa Bessa,Marcio Barbosa,,
2018-12-01,Keita Nakamura,Salim Touahri,Keita Nakamura,DEC,
2018-12-01,Alex Gorgees,Damir Ismagulov,Damir Ismagulov,DEC,
2018-12-01,Yushin Okami,Aleksei Kunchenko,Aleksei Kunchenko,DEC,
2018-12-01,Mark Hunt,Justin Willis,Justin Willis,DEC,
2018-12-01,Jake Matthews,Anthony Rocco Martin,Anthony Rocco Martin,SUB,
2018-12-01,Mizuto Hirota,Christos Giagos,Christos Giagos,DEC,
2018-12-05,Felipe Lima,Eurides Bandeira,Felipe Lima,,AT: Amazon Talent 10 - Gold Edition
2018-12-07,Ailin Perez,Laura Ribeiro,Ailin Perez,,CFU: Collision Fight Ultimate 10: Revolution Fight
2018-12-07,Charles Jourdain,Alexander Morgan,Charles Jourdain,,TKO 45: Jourdain vs. Morgan
2018-12-08,Valentina Shevchenko,Joanna Jedrzejczyk,Valentina Shevchenko,DEC,
2018-12-08,Diego Ferreira,Kyle Nelson,Diego Ferreira,KO/TKO,
2018-12-08,Brad Katona,Matthew Lopez,Brad Katona,DEC,
2018-12-08,Hakeem Dawodu,Kyle Bochniak,Hakeem Dawodu,DEC,
2018-12-08,Elias Theodorou,Eryk Anders,Elias Theodorou,DEC,
2018-12-08,Max Holloway,Brian Ortega,Max Holloway,KO/TKO,
2018-12-08,Claudia Gadelha,Nina Nunes,Nina Nunes,DEC,
2018-12-08,Jimi Manuwa,Thiago Santos,Thiago Santos,KO/TKO,
2018-12-08,Dustin Stoltzfus,Filip Zadruzynski,Dustin Stoltzfus,,WLMMA: We Love MMA 44
2018-12-08,Chad Laprise,Dhiego Lima,Dhiego Lima,KO/TKO,
2018-12-08,Katlyn Cerminara,Jessica Eye,Jessica Eye,DEC,
2018-12-08,Alex Oliveira,Gunnar Nelson,Gunnar Nelson,SUB,
2018-12-08,Olivier Aubin-Mercier,Gilbert Burns,Gilbert Burns,DEC,
2018-12-08,Devin Clark,Aleksandar Rakic,Aleksandar Rakic,KO/TKO,
2018-12-08,Lucas Fernando,Rafael Silva de Souza,Lucas Fernando,,
2018-12-09,Julia Polastri,Marcela Giantomassi,Julia Polastri,,Shooto Brazil: Shooto Brazil 89
2018-12-13,Jamall Emmers,Fard Muhammad,Jamall Emmers,,Smash Global 8: Night of Champions
2018-12-14,Aoriqileng,Carlos Eduardo de Azevedo,Aoriqileng,,WLF: W.A.R.S. 30
2018-12-15,Morgan Charrière,Marko Kovacevic,,Draw,WWFC 13: World Warriors Fighting Championship 13
2018-12-15,Adam Milstead,Mike Rodriguez,Mike Rodriguez,KO/TKO,
2018-12-15,Zak Ottow,Dwight Grant,Zak Ottow,DEC,
2018-12-15,King Green,Drakkar Klose,Drakkar Klose,DEC,
2018-12-15,Trevor Smith,Zak Cummings,Zak Cummings,DEC,
2018-12-15,Dan Ige,Jordan Griffin,Dan Ige,DEC,
2018-12-15,Gerald Meerschaert,Jack Hermansson,Jack Hermansson,SUB,
2018-12-15,Modestas Bukauskas,Dan Konecke,Modestas Bukauskas,,FSC: FightStar Championship 16
2018-12-15,Kevin Lee,Al Iaquinta,Al Iaquinta,DEC,
2018-12-15,Chris de la Rocha,Juan Adams,Juan Adams,KO/TKO,
2018-12-15,Nate Landwehr,Andrey Lezhnev,Nate Landwehr,,M-1 Challenge 100: Battle in Atyrau
2018-12-15,Jared Gordon,Joaquim Silva,Joaquim Silva,KO/TKO,
2018-12-15,Mauricio Ruffy,Rafael Silva,Mauricio Ruffy,,Standout Fighting Tournament 8
2018-12-15,Roman Dolidze,Michal Pasternak,Roman Dolidze,,WWFC 13: World Warriors Fighting Championship 13
2018-12-15,Jim Miller,Charles Oliveira,Charles Oliveira,SUB,
2018-12-15,Edson Barboza,Dan Hooker,Edson Barboza,KO/TKO,
2018-12-15,Rob Font,Sergio Pettis,Rob Font,DEC,
2018-12-21,Oleg Dadonov,Nursulton Ruziboev,Oleg Dadonov,,Hooligan Fight Show: Battle for Tula 3
2018-12-27,Roman Kopylov,Yasubey Enomoto,Roman Kopylov,,FNG 91: Fight Nights Global 91
2018-12-29,Cristiane Justino,Amanda Nunes,Amanda Nunes,KO/TKO,
2018-12-29,Carlos Condit,Michael Chiesa,Michael Chiesa,SUB,
2018-12-29,Nathaniel Wood,Andre Ewell,Nathaniel Wood,SUB,
2018-12-29,Uriah Hall,Bevon Lewis,Uriah Hall,KO/TKO,
2018-12-29,Jon Jones,Alexander Gustafsson,Jon Jones,KO/TKO,
2018-12-29,Chad Mendes,Alexander Volkanovski,Alexander Volkanovski,KO/TKO,
2018-12-29,Curtis Millender,Siyar Bahadurzada,Curtis Millender,DEC,
2018-12-29,BJ Penn,Ryan Hall,Ryan Hall,SUB,
2018-12-29,Douglas Silva de Andrade,Petr Yan,Petr Yan,KO/TKO,
2018-12-29,Ilir Latifi,Corey Anderson,Corey Anderson,DEC,
2018-12-29,Cat Zingano,Megan Anderson,Megan Anderson,KO/TKO,
2018-12-29,Brian Kelleher,Montel Jackson,Montel Jackson,SUB,
2018-12-31,Kai Asakura,Jae Hoon Moon,Kai Asakura,,Rizin FF: Heisei's Last Yarennoka!
2019-01-01,Louis Taylor,Abus Magomedov,Louis Taylor,,PFL 11: The Championship
2019-01-03,Rongzhu,Marcio Andrade,Rongzhu,,WLF: W.A.R.S. 31
2019-01-03,Aoriqileng,E Yong,Aoriqileng,,WLF: W.A.R.S. 31
2019-01-03,Qiulun,Ramazan Temirov,Qiulun,,WLF: W.A.R.S. 31
2019-01-05,Billy Ray Goff,Armus Guyton,Billy Ray Goff,,
2019-01-19,Cory Sandhagen,Mario Bautista,Cory Sandhagen,SUB,
2019-01-19,Glover Teixeira,Karl Roberson,Glover Teixeira,SUB,
2019-01-19,Alexander Hernandez,Donald Cerrone,Donald Cerrone,KO/TKO,
2019-01-19,Belal Muhammad,Geoff Neal,Geoff Neal,DEC,
2019-01-19,Kyle Stewart,Chance Rencountre,Chance Rencountre,SUB,
2019-01-19,Paige VanZant,Rachael Ostovich,Paige VanZant,SUB,
2019-01-19,Alonzo Menifield,Vinicius Moreira,Alonzo Menifield,KO/TKO,
2019-01-19,Joanne Wood,Ariane da Silva,Joanne Wood,DEC,
2019-01-19,Gregor Gillespie,Yancy Medeiros,Gregor Gillespie,KO/TKO,
2019-01-19,Henry Cejudo,TJ Dillashaw,Henry Cejudo,KO/TKO,
2019-01-19,Dennis Bermudez,Te Edwards,Dennis Bermudez,DEC,
2019-01-19,Greg Hardy,Allen Crowder,Allen Crowder,DQ,
2019-01-19,Joseph Benavidez,Dustin Ortiz,Joseph Benavidez,DEC,
2019-01-26,Reinier de Ridder,Rong Fan,Reinier de Ridder,,
2019-01-26,Cristhian Torres,Djorden Santos,Cristhian Torres,,Titan FC 52: Soares vs. Uruguai
2019-01-26,Muhammad Naimov,Harrison Melendez,Muhammad Naimov,,Titan FC 52: Soares vs. Uruguai
2019-01-27,Henry Corrales,Aaron Pico,Henry Corrales,,Bellator 214: Fedor vs. Bader
2019-01-27,Ozzy Diaz,Christopher Reyes,Ozzy Diaz,,Bellator 214: Fedor vs. Bader
2019-02-02,Livinha Souza,Sarah Frota,Livinha Souza,DEC,
2019-02-02,Charles Oliveira,David Teymur,Charles Oliveira,SUB,
2019-02-02,Markus Perez,Anthony Hernandez,Markus Perez,SUB,
2019-02-02,Junior Albini,Jairzinho Rozenstruik,Jairzinho Rozenstruik,KO/TKO,
2019-02-02,Raphael Assuncao,Marlon Moraes,Marlon Moraes,SUB,
2019-02-02,Demian Maia,Lyman Good,Demian Maia,SUB,
2019-02-02,Mara Romero Borella,Taila Santos,Mara Romero Borella,DEC,
2019-02-02,Ricardo Ramos,Said Nurmagomedov,Said Nurmagomedov,KO/TKO,
2019-02-02,Farés Ziam,Yassine Belhadj,Farés Ziam,,EBD 5: European Beatdown 5
2019-02-02,Jose Aldo,Renato Moicano,Jose Aldo,KO/TKO,
2019-02-02,Ismail Naurdiev,Paulistenio Rocha,Ismail Naurdiev,,XFN 16: X Fight Nights 16
2019-02-02,Thiago Alves,Max Griffin,Thiago Alves,DEC,
2019-02-02,Geraldo de Freitas,Felipe Colares,Geraldo de Freitas,DEC,
2019-02-02,Johnny Walker,Justin Ledet,Johnny Walker,KO/TKO,
2019-02-02,Bibulatov Magomed,Rogerio Bontorin,Rogerio Bontorin,DEC,
2019-02-02,Eric McConico,Zach Bunnell,Eric McConico,,KOTC: Head Hunter
2019-02-08,Ramiro Jimenez,Jesús Blanco,Ramiro Jimenez,,Combate 30: Combate Baja
2019-02-08,Édgar Cháirez,Alejandro Salazar,Édgar Cháirez,,Combate 30: Combate Baja
2019-02-08,Rafa Garcia,Edgar Escarrega,Rafa Garcia,,Combate 30: Combate Baja
2019-02-09,Teruto Ishihara,Kyung Ho Kang,Kyung Ho Kang,SUB,
2019-02-09,Kai Kara-France,Raulian Paiva,Kai Kara-France,DEC,
2019-02-09,Wulijiburen,Jonathan Martinez,Jonathan Martinez,DEC,
2019-02-09,Callan Potter,Jalin Turner,Jalin Turner,KO/TKO,
2019-02-09,Shane Young,Austin Arnett,Shane Young,DEC,
2019-02-09,Rani Yahya,Ricky Simon,Ricky Simon,DEC,
2019-02-09,Montana De La Rosa,Nadia Kassem,Montana De La Rosa,SUB,
2019-02-09,Israel Adesanya,Anderson Silva,Israel Adesanya,DEC,
2019-02-09,Devonte Smith,Dong Hyun Ma,Devonte Smith,KO/TKO,
2019-02-09,Jimmy Crute,Sam Alvey,Jimmy Crute,KO/TKO,
2019-02-09,Lando Vannata,Marcos Mariano,Lando Vannata,SUB,
2019-02-16,Tracy Cortez,Erin Blanchfield,Tracy Cortez,,Invicta FC 34: Porto vs. Gonzalez
2019-02-16,Billy Ray Goff,Ryan Hardy Evans,Billy Ray Goff,,
2019-02-16,Ian Machado Garry,James Sheehan,Ian Machado Garry,,Cage Warriors 101: Barnett vs. Ventre
2019-02-17,Francis Ngannou,Cain Velasquez,Francis Ngannou,KO/TKO,
2019-02-17,Aleksandra Albu,Emily Whitmire,Emily Whitmire,SUB,
2019-02-17,Sean Brady,Tajuddin Abdul Hakim,Sean Brady,,Cage Fury Fighting Championships 72
2019-02-17,Michael Page,Paul Daley,Michael Page,,Bellator 216: MVP vs. Daley
2019-02-17,Renan Barao,Luke Sanders,Luke Sanders,KO/TKO,
2019-02-17,James Vick,Paul Felder,Paul Felder,DEC,
2019-02-17,Benito Lopez,Manny Bermudez,Manny Bermudez,SUB,
2019-02-17,Ashlee Evans-Smith,Andrea Lee,Andrea Lee,DEC,
2019-02-17,Scott Holtzman,Nik Lentz,Nik Lentz,DEC,
2019-02-17,Cortney Casey,Cynthia Calvillo,Cynthia Calvillo,DEC,
2019-02-17,Jimmie Rivera,Aljamain Sterling,Aljamain Sterling,DEC,
2019-02-17,Kyle Daukaus,Jonavin Webb,Kyle Daukaus,,Cage Fury Fighting Championships 72
2019-02-17,Vicente Luque,Bryan Barberena,Vicente Luque,KO/TKO,
2019-02-17,Alex Caceres,Kron Gracie,Kron Gracie,SUB,
2019-02-17,Andre Fili,Myles Jury,Andre Fili,DEC,
2019-02-22,Joanderson Brito,Estabili Amato,Joanderson Brito,,Future FC 2: Tubarao vs. Amato
2019-02-22,Gabriel Bonfim,Moacir Rocha,Gabriel Bonfim,,Future FC 2: Tubarao vs. Amato
2019-02-23,Liz Carmouche,Lucie Pudilova,Liz Carmouche,DEC,
2019-02-23,Veronica Hardy,Gillian Robertson,Gillian Robertson,SUB,
2019-02-23,Dwight Grant,Carlo Pedersoli Jr.,Dwight Grant,KO/TKO,
2019-02-23,Jose Ochoa,Dyllan Santiago,Jose Ochoa,,Iquitos Combat Championship 3
2019-02-23,Stefan Struve,Marcos Rogerio de Lima,Stefan Struve,SUB,
2019-02-23,Damir Hadzovic,Marco Polo Reyes,Damir Hadzovic,KO/TKO,
2019-02-23,Rodrigo Vera,Fernando Kleiton,Rodrigo Vera,,Iquitos Combat Championship 3
2019-02-23,Ravena Oliveira,Rosy Angela de Jesus,Ravena Oliveira,,
2019-02-23,Billy Quarantillo,Adrian Vilaca,Billy Quarantillo,,
2019-02-23,Damir Ismagulov,Joel Álvarez,Damir Ismagulov,DEC,
2019-02-23,Gian Villante,Michal Oleksiejczuk,Michal Oleksiejczuk,KO/TKO,
2019-02-23,Luis Felipe Dias,Nilson Almeida,Luis Felipe Dias,,Brotherhood Fight Night 2
2019-02-23,Magomed Ankalaev,Klidson Abreu,Magomed Ankalaev,DEC,
2019-02-23,Michel Prazeres,Ismail Naurdiev,Ismail Naurdiev,DEC,
2019-02-23,Daniel Teymur,Chris Fishgold,Chris Fishgold,SUB,
2019-02-23,Ding Meng,Sagyndyk Mukhanov,Ding Meng,,
2019-02-23,John Dodson,Petr Yan,Petr Yan,DEC,
2019-02-23,Rustam Khabilov,Diego Ferreira,Diego Ferreira,DEC,
2019-02-23,Jan Blachowicz,Thiago Santos,Thiago Santos,KO/TKO,
2019-02-23,Brendan Allen,Moses Murrietta,Brendan Allen,,LFA 61: Allen vs. Murrieta
2019-03-02,Robbie Lawler,Ben Askren,Ben Askren,SUB,
2019-03-02,Tyron Woodley,Kamaru Usman,Kamaru Usman,DEC,
2019-03-02,Lone'er Kavanagh,Glody Matusiwa,Lone'er Kavanagh,,Rise of Champions 7
2019-03-02,Cody Stamann,Alejandro Perez,Cody Stamann,DEC,
2019-03-02,Tecia Pennington,Zhang Weili,Zhang Weili,DEC,
2019-03-02,Misha Cirkunov,Johnny Walker,Johnny Walker,KO/TKO,
2019-03-02,Polyana Viana,Hannah Cifers,Hannah Cifers,DEC,
2019-03-02,Modestas Bukauskas,Marcin Wojcik,Modestas Bukauskas,,CW 102: Robertson vs. Webb
2019-03-02,Gina Mazany,Macy Chiasson,Macy Chiasson,KO/TKO,
2019-03-02,Jeremy Stephens,Zabit Magomedsharipov,Zabit Magomedsharipov,DEC,
2019-03-02,Edmen Shahbazyan,Charles Byrd,Edmen Shahbazyan,KO/TKO,
2019-03-02,Jon Jones,Anthony Smith,Jon Jones,DEC,
2019-03-02,Diego Sanchez,Mickey Gall,Diego Sanchez,KO/TKO,
2019-03-02,Cody Garbrandt,Pedro Munhoz,Pedro Munhoz,KO/TKO,
2019-03-09,Blagoy Ivanov,Ben Rothwell,Blagoy Ivanov,DEC,
2019-03-09,Elizeu Zaleski dos Santos,Curtis Millender,Elizeu Zaleski dos Santos,SUB,
2019-03-09,Grant Dawson,Julian Erosa,Grant Dawson,DEC,
2019-03-09,Anthony Rocco Martin,Sergio Moraes,Anthony Rocco Martin,DEC,
2019-03-09,Alex Morono,Zak Ottow,Alex Morono,KO/TKO,
2019-03-09,Tim Means,Niko Price,Niko Price,KO/TKO,
2019-03-09,Louis Smolka,Matt Schnell,Matt Schnell,SUB,
2019-03-09,Tim Boetsch,Omari Akhmedov,Omari Akhmedov,DEC,
2019-03-09,Soren Bak,Morgan Charrière,Soren Bak,,CW 103: Dalby vs. Lohore
2019-03-09,Beneil Dariush,Drew Dober,Beneil Dariush,SUB,
2019-03-09,Ramiro Jimenez,Erik Castro,Ramiro Jimenez,,AZTK Fighting Championship 8
2019-03-09,Maurice Greene,Jeff Hughes,Maurice Greene,DEC,
2019-03-09,Derrick Lewis,Junior Dos Santos,Junior Dos Santos,KO/TKO,
2019-03-09,Alex White,Dan Moret,Alex White,DEC,
2019-03-09,Marion Reneau,Yana Santos,Yana Santos,DEC,
2019-03-09,Michael Aljarouj,Ronny Gomez,,NC,100% FIGHT
2019-03-10,Myktybek Orolbai,Faruh Kadirov,Myktybek Orolbai,,WEF Selection 22
2019-03-15,Ignacio Bahamondes,Hugo Flores,Ignacio Bahamondes,,Lux Fight League 4
2019-03-16,Arnold Allen,Jordan Rinaldi,Arnold Allen,DEC,
2019-03-16,Molly McCann,Priscila Cachoeira,Molly McCann,DEC,
2019-03-16,Darren Till,Jorge Masvidal,Jorge Masvidal,KO/TKO,
2019-03-16,Jack Marshman,John Phillips,Jack Marshman,DEC,
2019-03-16,Danny Roberts,Claudio Silva,Claudio Silva,SUB,
2019-03-16,Marc Diakiese,Joe Duffy,Marc Diakiese,DEC,
2019-03-16,Mairon Santos,Phelipe Silva,Mairon Santos,,XFMMA: XForce MMA 9
2019-03-16,Volkan Oezdemir,Dominick Reyes,Dominick Reyes,DEC,
2019-03-16,Mike Grundy,Nad Narimani,Mike Grundy,KO/TKO,
2019-03-16,Leon Edwards,Gunnar Nelson,Leon Edwards,DEC,
2019-03-16,Danny Henry,Dan Ige,Dan Ige,SUB,
2019-03-16,Nathaniel Wood,Jose Quinonez,Nathaniel Wood,SUB,
2019-03-16,Nicolae Negumereanu,Saparbeg Safarov,Saparbeg Safarov,DEC,
2019-03-22,Denis Silva,Elves Brener,Denis Silva,,Future FC 3: Erak vs. Mexicano
2019-03-23,Vanessa Demopoulos,Valerie Soto,Vanessa Demopoulos,,LFA 62: Kenney vs. Cachero
2019-03-23,Jussier Formiga,Deiveson Figueiredo,Jussier Formiga,DEC,
2019-03-23,Ryan MacDonald,Chris Gutierrez,Chris Gutierrez,DEC,
2019-03-23,Eric Shelton,Jordan Espinosa,Jordan Espinosa,DEC,
2019-03-23,Alexis Davis,Jennifer Maia,Jennifer Maia,DEC,
2019-03-23,Bryce Mitchell,Bobby Moffett,Bryce Mitchell,DEC,
2019-03-23,Luis Pena,Steven Peterson,Luis Pena,DEC,
2019-03-23,John Makdessi,Jesus Pinedo,John Makdessi,DEC,
2019-03-23,Maycee Barber,JJ Aldrich,Maycee Barber,KO/TKO,
2019-03-23,Randa Markos,Angela Hill,Randa Markos,SUB,
2019-03-23,Marlon Vera,Frankie Saenz,Marlon Vera,KO/TKO,
2019-03-23,Curtis Blaydes,Justin Willis,Curtis Blaydes,DEC,
2019-03-23,Stephen Thompson,Anthony Pettis,Anthony Pettis,KO/TKO,
2019-03-23,Ramiz Brahimaj,Carlos Martinez,Ramiz Brahimaj,,LFA 62: Kenney vs. Cachero
2019-03-24,Joe Kropschot,Tyrese McCloud,Joe Kropschot,,Gladiator Challenge: MMA World Championships
2019-03-24,Mairon Santos,Alan Ferreira,Mairon Santos,,MMA Brutus 1
2019-03-24,Giga Chikadze,Damien Manzanares,Giga Chikadze,,Gladiator Challenge: MMA World Championships
2019-03-25,Ding Meng,Shuwei Sun,Ding Meng,,
2019-03-29,Jack Jenkins,Robby Lara,Jack Jenkins,,
2019-03-29,Luis Felipe Dias,Dhouglas Ribeiro,Luis Felipe Dias,,Sicario MMA: Sicario 04
2019-03-29,Kevin Borjas,Lucas Barreira Oliveira,Kevin Borjas,,Inka FC 29: Huachin vs. Cavalcante
2019-03-30,Karolina Kowalkiewicz,Michelle Waterson-Gomez,Michelle Waterson-Gomez,DEC,
2019-03-30,Josh Emmett,Michael Johnson,Josh Emmett,KO/TKO,
2019-03-30,Kevin Holland,Gerald Meerschaert,Kevin Holland,DEC,
2019-03-30,Ross Pearson,Desmond Green,Desmond Green,KO/TKO,
2019-03-30,Edson Barboza,Justin Gaethje,Justin Gaethje,KO/TKO,
2019-03-30,Sodiq Yusuff,Sheymon Moraes,Sodiq Yusuff,DEC,
2019-03-30,Vinicius de Jesus,Jeremiah Wells,Vinicius de Jesus,,CES 55: Wells vs. De Jesus
2019-03-30,Tanner Boser,Zaur Gadzhibabayev,,Draw,M-1 Challenge 101: Prikaza vs. Rakhmonov
2019-03-30,Alex Perez,Mark De La Rosa,Alex Perez,DEC,
2019-03-30,Ray Borg,Casey Kenney,Casey Kenney,DEC,
2019-03-30,Sabina Mazo,Maryna Moroz,Maryna Moroz,DEC,
2019-03-30,Marina Rodriguez,Jessica Aguilar,Marina Rodriguez,DEC,
2019-03-30,Valesca Machado,Lohayne Lopes,Valesca Machado,,Warriors Mix Challenger 1
2019-03-30,Enrique Barzola,Kevin Aguilar,Kevin Aguilar,DEC,
2019-03-30,David Branch,Jack Hermansson,Jack Hermansson,SUB,
2019-03-30,Kennedy Nzechukwu,Paul Craig,Paul Craig,SUB,
2019-03-31,Jingnan Xiong,Angela Lee,Jingnan Xiong,,
2019-04-04,Jamall Emmers,Caio Machado,Jamall Emmers,,M-1 Global: Road to M-1: USA 2
2019-04-05,Casey O'Neill,Amira Hafizovic,Casey O'Neill,,Eternal MMA 43
2019-04-05,Mairon Santos,Micael Braga,Mairon Santos,,Shooto Brazil: Shooto Brazil 91
2019-04-06,Brunno Ferreira,Robson Eufrasio Lima,Brunno Ferreira,,Curitiba Fight Pro 7
2019-04-06,Gabriel Bonfim,Mario Henrique Barreto De Oliveira,Gabriel Bonfim,,Samurai Fight 2: Bonfim x Samuray
2019-04-11,Charles Jourdain,Damien Lapilus,Charles Jourdain,,TKO 47: Jourdain vs. Lapilus
2019-04-12,John Castaneda,Marcelo Rojo,John Castaneda,,Combate Estrellas: Flores vs. Marroquin
2019-04-13,Kelvin Gastelum,Israel Adesanya,Israel Adesanya,DEC,
2019-04-13,Brandon Davis,Randy Costa,Brandon Davis,SUB,
2019-04-13,Montel Jackson,Andre Soukhamthath,Montel Jackson,DEC,
2019-04-13,Max Holloway,Dustin Poirier,Dustin Poirier,DEC,
2019-04-13,Wilson Reis,Alexandre Pantoja,Alexandre Pantoja,KO/TKO,
2019-04-13,Alan Jouban,Dwight Grant,Dwight Grant,DEC,
2019-04-13,Eryk Anders,Khalil Rountree Jr.,Khalil Rountree Jr.,DEC,
2019-04-13,Chad Anheliger,Craig MacLean,Chad Anheliger,,Rise FC 3: Rise Fighting Championship
2019-04-13,Ovince Saint Preux,Nikita Krylov,Nikita Krylov,SUB,
2019-04-13,Max Griffin,Zelim Imadaev,Max Griffin,DEC,
2019-04-13,Jalin Turner,Matt Frevola,Matt Frevola,DEC,
2019-04-13,Lauren Mueller,Poliana Botelho,Poliana Botelho,DEC,
2019-04-13,Boston Salmon,Khalid Taha,Khalid Taha,KO/TKO,
2019-04-13,Curtis Millender,Belal Muhammad,Belal Muhammad,DEC,
2019-04-14,Umar Nurmagomedov,Wagner Lima,Umar Nurmagomedov,,Battle on Volga 10: Nurmagomedov vs. Lima
2019-04-20,Roxanne Modafferi,Antonina Shevchenko,Roxanne Modafferi,DEC,
2019-04-20,Islam Makhachev,Arman Tsarukyan,Islam Makhachev,DEC,
2019-04-20,Marcin Tybura,Shamil Abdurakhimov,Shamil Abdurakhimov,KO/TKO,
2019-04-20,Alistair Overeem,Aleksei Oleinik,Alistair Overeem,KO/TKO,
2019-04-20,Movsar Evloev,SeungWoo Choi,Movsar Evloev,DEC,
2019-04-20,Krzysztof Jotko,Alen Amedovski,Krzysztof Jotko,DEC,
2019-04-20,Sultan Aliev,Keita Nakamura,Sultan Aliev,DEC,
2019-04-20,Magomed Mustafaev,Rafael Fiziev,Magomed Mustafaev,KO/TKO,
2019-04-20,Alexander Yakovlev,Alex Da Silva,Alexander Yakovlev,SUB,
2019-04-20,Gadzhimurad Antigulov,Michal Oleksiejczuk,Michal Oleksiejczuk,KO/TKO,
2019-04-20,Sergei Pavlovich,Marcelo Golm,Sergei Pavlovich,KO/TKO,
2019-04-26,Yazmin Jauregui,Daniela Espinosa,Yazmin Jauregui,,Combate 36: Reinas
2019-04-27,Greg Hardy,Dmitrii Smoliakov,Greg Hardy,KO/TKO,
2019-04-27,Alex Oliveira,Mike Perry,Mike Perry,DEC,
2019-04-27,Jacare Souza,Jack Hermansson,Jack Hermansson,DEC,
2019-04-27,Muhammad Naimov,Landon Quinones,Muhammad Naimov,,Titan FC 54: Soares vs. Franca
2019-04-27,Jim Miller,Jason Gonzalez,Jim Miller,SUB,
2019-04-27,Gilbert Burns,Mike Davis,Gilbert Burns,SUB,
2019-04-27,Jean Silva,Antonio Santos de Miranda,Jean Silva,,MTK: MTK MMA 6
2019-04-27,Salahdine Parnasse,Roman Szymański,Salahdine Parnasse,,KSW 48: Symanski vs. Parnasse
2019-04-27,Andre Fischer,Luis Felipe Dias,Andre Fischer,,Standout Fighting Tournament 11
2019-04-27,Ben Saunders,Takashi Sato,Takashi Sato,KO/TKO,
2019-04-27,Glover Teixeira,Ion Cutelaba,Glover Teixeira,SUB,
2019-04-27,Angela Hill,Jodie Esquibel,Angela Hill,DEC,
2019-04-27,Court McGee,Dhiego Lima,Dhiego Lima,DEC,
2019-04-27,Mason Jones,Donovan Desmae,Mason Jones,,Cage Warriors 104: Shore vs. Malone
2019-04-27,Carla Esparza,Virna Jandiroba,Carla Esparza,DEC,
2019-04-27,Roosevelt Roberts,Thomas Gifford,Roosevelt Roberts,DEC,
2019-04-27,John Lineker,Cory Sandhagen,Cory Sandhagen,DEC,
2019-04-27,Andrei Arlovski,Augusto Sakai,Augusto Sakai,DEC,
2019-04-28,Gianni Vazquez,Danny Flores,Gianni Vazquez,,CCW: California Cage Wars 12
2019-04-30,Diyar Nurgozhay,Abbosbek Usarov,Diyar Nurgozhay,,
2019-05-03,Vitor Petrino,Rodolfo Bellato,Vitor Petrino,,MF: Max Fight 22
2019-05-04,Joanderson Brito,Chepe Mariscal,Joanderson Brito,,LFA 65: Royval vs. Sanchez
2019-05-04,Aiemann Zahabi,Vince Morales,Vince Morales,DEC,
2019-05-04,Mitch Gagnon,Cole Smith,Cole Smith,DEC,
2019-05-04,Walt Harris,Serghei Spivac,Walt Harris,KO/TKO,
2019-05-04,Kyle Nelson,Matt Sayles,Matt Sayles,SUB,
2019-05-04,Cub Swanson,Shane Burgos,Shane Burgos,DEC,
2019-05-04,Abus Magomedov,Slavis Simeunovic,Abus Magomedov,,EMC 3: Elite MMA Championship 3
2019-05-04,Derek Brunson,Elias Theodorou,Derek Brunson,DEC,
2019-05-04,Marc-Andre Barriault,Andrew Sanchez,Andrew Sanchez,DEC,
2019-05-04,Steven Koslow,Joshua Ciulla,Steven Koslow,,Combat Night Pro 12: May the 4th Be With You
2019-05-04,Arjan Bhullar,Juan Adams,Arjan Bhullar,DEC,
2019-05-04,Macy Chiasson,Sarah Moras,Macy Chiasson,KO/TKO,
2019-05-04,Al Iaquinta,Donald Cerrone,Donald Cerrone,DEC,
2019-05-04,Nordine Taleb,Kyle Prepolec,Nordine Taleb,DEC,
2019-05-04,Brad Katona,Merab Dvalishvili,Merab Dvalishvili,DEC,
2019-05-05,Julia Polastri,Daniela Maria da Silva,Julia Polastri,,MMA Brutus 2
2019-05-05,Luis Felipe Dias,Matheus da Silva Luiz,Luis Felipe Dias,,MMA Brutus 2
2019-05-10,Joe Kropschot,Marcus Gaines,Joe Kropschot,,Combate 37: Sanchez vs. Velasco
2019-05-11,Raoni Barcelos,Carlos Huachin,Raoni Barcelos,KO/TKO,
2019-05-11,BJ Penn,Clay Guida,Clay Guida,DEC,
2019-05-11,Rogerio Nogueira,Ryan Spann,Ryan Spann,KO/TKO,
2019-05-11,Talita Bernardo,Viviane Araujo,Viviane Araujo,KO/TKO,
2019-05-11,Rose Namajunas,Jessica Andrade,Jessica Andrade,KO/TKO,
2019-05-11,Douglas Lima,Michael Page,Douglas Lima,,Bellator 221: Chandler vs. Pitbull
2019-05-11,Luana Carolina,Priscila Cachoeira,Luana Carolina,DEC,
2019-05-11,Jared Cannonier,Anderson Silva,Jared Cannonier,KO/TKO,
2019-05-11,Patricio Pitbull,Michael Chandler,Patricio Pitbull,,Bellator 221: Chandler vs. Pitbull
2019-05-11,Irene Aldana,Bethe Correia,Irene Aldana,SUB,
2019-05-11,Thiago Alves,Laureano Staropoli,Laureano Staropoli,DEC,
2019-05-11,Warlley Alves,Sergio Moraes,Warlley Alves,KO/TKO,
2019-05-11,Thiago Moises,Kurt Holobaugh,Thiago Moises,DEC,
2019-05-11,Jose Aldo,Alexander Volkanovski,Alexander Volkanovski,DEC,
2019-05-17,Kevin Borjas,Ivan Molnar,Kevin Borjas,,Inka FC 30: Inka Fighting Championship
2019-05-18,Rafael Dos Anjos,Kevin Lee,Rafael Dos Anjos,SUB,
2019-05-18,Desmond Green,Charles Jourdain,Desmond Green,DEC,
2019-05-18,Davi Ramos,Austin Hubbard,Davi Ramos,DEC,
2019-05-18,Brady Hiestand,Jeff Coleman,Brady Hiestand,,ExciteFight: Conquest of the Cage
2019-05-18,Julio Arce,Julian Erosa,Julio Arce,KO/TKO,
2019-05-18,Marcio Barbosa,Auro Silva,Marcio Barbosa,,
2019-05-18,Patrick Cummins,Ed Herman,Ed Herman,KO/TKO,
2019-05-18,Valesca Machado,Janaina Soares,Valesca Machado,,WOCS 54: Watch Out Combat Show 54
2019-05-18,Danny Roberts,Michel Pereira,Michel Pereira,KO/TKO,
2019-05-18,Megan Anderson,Felicia Spencer,Felicia Spencer,SUB,
2019-05-18,Zak Cummings,Trevin Giles,Zak Cummings,SUB,
2019-05-18,Charles Oliveira,Nik Lentz,Charles Oliveira,KO/TKO,
2019-05-18,Vicente Luque,Derrick Krantz,Vicente Luque,KO/TKO,
2019-05-18,Michael Trizano,Grant Dawson,Grant Dawson,SUB,
2019-05-18,Aspen Ladd,Sijara Eubanks,Aspen Ladd,DEC,
2019-05-18,Antonio Carlos Junior,Ian Heinisch,Ian Heinisch,DEC,
2019-05-24,Jamey-Lyn Horth,Corinne Laframboise,Jamey-Lyn Horth,,TKO 48: Sousa vs Gane
2019-05-24,Tanner Boser,Jared Kilkenny,Tanner Boser,,Unified MMA 37: Chaos
2019-05-25,Manoel Sousa,Eduardo Maluco,Manoel Sousa,,Standout Fighting Touranment 12: Sao Paolo vs. Rio de Janeiro
2019-05-25,Julia Polastri,Geisa Veloso,Julia Polastri,,Shooto Brazil: Shooto Brazil 92
2019-05-26,Lerryan Douglas,Dienner dos Reis,Lerryan Douglas,,
2019-05-31,Jose Ochoa,Omar Torres,Jose Ochoa,,Combate Americas 38: Peru
2019-05-31,Eduardo Torres Caut,Rodrigo Vera,Eduardo Torres Caut,,Combate Americas 38: Peru
2019-05-31,David Martinez,William Sanchez,David Martinez,,Combate Americas 38: Peru
2019-06-01,Alexander Gustafsson,Anthony Smith,Anthony Smith,SUB,
2019-06-01,Makwan Amirkhani,Chris Fishgold,Makwan Amirkhani,SUB,
2019-06-01,Tonya Evinger,Lina Lansberg,Lina Lansberg,DEC,
2019-06-01,Damir Hadzovic,Christos Giagos,Christos Giagos,DEC,
2019-06-01,Kemran Lachinov,Billy Ray Goff,Kemran Lachinov,,
2019-06-01,Nick Hein,Frank Camacho,Frank Camacho,KO/TKO,
2019-06-01,Joel Álvarez,Danilo Belluardo,Joel Álvarez,KO/TKO,
2019-06-01,Darko Stosic,Devin Clark,Devin Clark,DEC,
2019-06-01,Stevie Ray,Leonardo Santos,Leonardo Santos,KO/TKO,
2019-06-01,Rostem Akman,Sergey Khandozhko,Sergey Khandozhko,DEC,
2019-06-01,Dejan Kajic,Eric McConico,Dejan Kajic,,BFL 61: Battlefield Fight League
2019-06-01,Bea Malecki,Duda Santana,Bea Malecki,SUB,
2019-06-01,Daniel Teymur,Sung Bin Jo,Daniel Teymur,DEC,
2019-06-01,Jimi Manuwa,Aleksandar Rakic,Aleksandar Rakic,KO/TKO,
2019-06-08,Tatiana Suarez,Nina Nunes,Tatiana Suarez,DEC,
2019-06-08,Jimmie Rivera,Petr Yan,Petr Yan,DEC,
2019-06-08,Aljamain Sterling,Pedro Munhoz,Aljamain Sterling,DEC,
2019-06-08,Henry Cejudo,Marlon Moraes,Henry Cejudo,KO/TKO,
2019-06-08,Ricardo Lamas,Calvin Kattar,Calvin Kattar,KO/TKO,
2019-06-08,Robert Bryczek,Mate Kertesz,Robert Bryczek,,OKTAGON 12: Zwicker vs. Végh
2019-06-08,Fabia Sintes,Jose Muriel,Fabia Sintes,,Almogavers: The Chance 10
2019-06-08,Mairon Santos,Nicolas Savio,Mairon Santos,,Spartano's Fight MMA 2
2019-06-08,Brandon Moreno,Maikel Perez,Brandon Moreno,,LFA 69: Perez vs. Moreno
2019-06-08,Tony Ferguson,Donald Cerrone,Tony Ferguson,KO/TKO,
2019-06-08,Rodolfo Vieira,Vitaliy Nemchinov,Rodolfo Vieira,,ACA 96: Lodz
2019-06-08,Tai Tuivasa,Blagoy Ivanov,Blagoy Ivanov,DEC,
2019-06-08,Vanessa Demopoulos,Nadine Mandiau,Vanessa Demopoulos,,LFA 69: Perez vs. Moreno
2019-06-08,Francesco Nuzzi,Ibragim Navruzov,Francesco Nuzzi,,
2019-06-08,Karolina Kowalkiewicz,Alexa Grasso,Alexa Grasso,DEC,
2019-06-08,Yazmin Jauregui,McKenna Mitchell,Yazmin Jauregui,,Combate 39: Unbreakable
2019-06-08,Oumar Sy,Amar Nabil,Oumar Sy,,Eagles FC 1: Eagles Fighting Championship 1
2019-06-08,Rafa Garcia,Estevan Payan,Rafa Garcia,,Combate 39: Unbreakable
2019-06-08,Chelsea Chandler,Brittney Victoria,Chelsea Chandler,,Invicta FC 35: Bennett vs. Rodriguez
2019-06-08,Bevon Lewis,Darren Stewart,Darren Stewart,DEC,
2019-06-08,Yan Xiaonan,Angela Hill,Yan Xiaonan,DEC,
2019-06-08,Katlyn Cerminara,Joanne Wood,Katlyn Cerminara,DEC,
2019-06-08,Eddie Wineland,Grigory Popov,Eddie Wineland,KO/TKO,
2019-06-08,Valentina Shevchenko,Jessica Eye,Valentina Shevchenko,KO/TKO,
2019-06-09,Juliana Miller,Sadie Hubbard,Juliana Miller,,
2019-06-14,Aoriqileng,Giorgi Borashvili,Aoriqileng,,WLF: W.A.R.S. 34
2019-06-14,Jeremiah Wells,Mumia Abu Dey-Ali,Jeremiah Wells,,Cage Fury Fighting Championships 76
2019-06-14,Rongzhu,Mohsen Mohammadseifi,Rongzhu,,WLF: W.A.R.S. 34
2019-06-14,Xiao Long,Dongzhu Zenong,Xiao Long,,
2019-06-14,Adam Borics,Aaron Pico,Adam Borics,,Bellator 222: MacDonald vs. Gracie
2019-06-14,Erin Blanchfield,Gabriella Gulfin,Erin Blanchfield,,Cage Fury Fighting Championships 76
2019-06-15,Reinier de Ridder,Gilberto Galvão,Reinier de Ridder,,
2019-06-15,Elves Brener,Anthony Rondeau,Elves Brener,,Mr. Cage Championship - Mr. Cage 38: Portugal
2019-06-15,Yadier del Valle,Nicko Commissiong,Yadier del Valle,,Bayou FC 38
2019-06-19,Ailin Perez,Fiorella Cardozo,Ailin Perez,,CFU: Collision Fight Ultimate 12: Arena
2019-06-19,Punahele Soriano,Jamie Pickett,Punahele Soriano,,
2019-06-20,Jamall Emmers,Jay Cucciniello,Jamall Emmers,,FFC 38: Final Fight Championship 38
2019-06-22,Mauricio Ruffy,Derlan Marinho,Mauricio Ruffy,,MFC: Mega Fight Championship 2
2019-06-22,Allen Crowder,Jairzinho Rozenstruik,Jairzinho Rozenstruik,KO/TKO,
2019-06-22,Andrea Lee,Montana De La Rosa,Andrea Lee,DEC,
2019-06-22,Matt Wiman,Luis Pena,Luis Pena,KO/TKO,
2019-06-22,Ashley Yoder,Syuri Kondo,Ashley Yoder,DEC,
2019-06-22,Dan Ige,Kevin Aguilar,Dan Ige,DEC,
2019-06-22,Myktybek Orolbai,Shamil Mutalimov,Myktybek Orolbai,,Road FC 6: Road Fighting Championship Russia 6
2019-06-22,Bryan Barberena,Randy Brown,Randy Brown,KO/TKO,
2019-06-22,Kevin Holland,Alessio Di Chirico,Kevin Holland,DEC,
2019-06-22,Ariane da Silva,Molly McCann,Molly McCann,DEC,
2019-06-22,Andre Ewell,Anderson Dos Santos,Andre Ewell,DEC,
2019-06-22,Deron Winn,Eric Spicely,Deron Winn,DEC,
2019-06-22,Renato Moicano,Chan Sung Jung,Chan Sung Jung,KO/TKO,
2019-06-26,Kyle Daukaus,Michael Lombardo,Kyle Daukaus,,
2019-06-26,Miles Johns,Richie Santiago,Miles Johns,,
2019-06-28,Nate Landwehr,Viktor Kolesnik,Nate Landwehr,,M-1 Challenge 102: Rakhmonov vs. Varejao
2019-06-28,Vitor Petrino,Ewerton Polaquini,Vitor Petrino,,MF: Max Fight 23
2019-06-28,Mario Sousa,Luis Felipe Dias,Mario Sousa,,MF: Max Fight 23
2019-06-28,Valesca Machado,Maria Ribeiro,Valesca Machado,,Future FC 6: Cado vs. Giacomo
2019-06-29,Maurice Greene,Junior Albini,Maurice Greene,KO/TKO,
2019-06-29,Drew Dober,Marco Polo Reyes,Drew Dober,KO/TKO,
2019-06-29,Roosevelt Roberts,Vinc Pichel,Vinc Pichel,DEC,
2019-06-29,Jussier Formiga,Joseph Benavidez,Joseph Benavidez,KO/TKO,
2019-06-29,Modestas Bukauskas,Marthin Hamlet,Modestas Bukauskas,,CW 106: Night of Champions
2019-06-29,Dalcha Lungiambula,Dequan Townsend,Dalcha Lungiambula,KO/TKO,
2019-06-29,Alonzo Menifield,Paul Craig,Alonzo Menifield,KO/TKO,
2019-06-29,Jared Gordon,Dan Moret,Jared Gordon,DEC,
2019-06-29,Dustin Stoltzfus,Jonas Billstein,Dustin Stoltzfus,,GMC 20: German MMA Championshp 20
2019-06-29,Manon Fiorot,Mellony Geugjes,Manon Fiorot,,EFC 80: EFC Worldwide 80
2019-06-29,Francis Ngannou,Junior Dos Santos,Francis Ngannou,KO/TKO,
2019-06-29,Mairon Santos,Vinicius Morinishi Pontes,Mairon Santos,,Sicario MMA - Sicario 05
2019-06-29,Demian Maia,Anthony Rocco Martin,Demian Maia,DEC,
2019-06-29,Morgan Charrière,Lewis Monarch,Morgan Charrière,,CW 106: Night of Champions
2019-06-29,Ricardo Ramos,Journey Newson,Ricardo Ramos,DEC,
2019-06-29,Eryk Anders,Vinicius Moreira,Eryk Anders,KO/TKO,
2019-06-29,Emily Whitmire,Amanda Ribas,Amanda Ribas,SUB,
2019-06-29,Michael Aljarouj,Alexandre Guille,Michael Aljarouj,SUB,100% FIGHT
2019-07-06,Jorge Masvidal,Ben Askren,Jorge Masvidal,KO/TKO,
2019-07-06,Manoel Sousa,Miguel Cabrera,Manoel Sousa,,Standout Fighting Tournament 13: Brasil vs. Mexico
2019-07-06,Ismail Naurdiev,Chance Rencountre,Chance Rencountre,DEC,
2019-07-06,Jon Jones,Thiago Santos,Jon Jones,DEC,
2019-07-06,Rizvan Kuniev,Navid Yadegari,Rizvan Kuniev,,Gorets FC: For The Prizes Of V. Zolotov
2019-07-06,Julia Avila,Pannie Kianzad,Julia Avila,DEC,
2019-07-06,Gilbert Melendez,Arnold Allen,Arnold Allen,DEC,
2019-07-06,Claudia Gadelha,Randa Markos,Claudia Gadelha,DEC,
2019-07-06,Diego Sanchez,Michael Chiesa,Michael Chiesa,DEC,
2019-07-06,Amanda Nunes,Holly Holm,Amanda Nunes,KO/TKO,
2019-07-06,Edmen Shahbazyan,Jack Marshman,Edmen Shahbazyan,SUB,
2019-07-06,Marlon Vera,Nohelin Hernandez,Marlon Vera,SUB,
2019-07-06,Alejandro Perez,Song Yadong,Song Yadong,KO/TKO,
2019-07-06,Mick Parkin,Tomas Vaicickas,Mick Parkin,,AFC: Almighty Fighting Championship 13
2019-07-06,Jan Blachowicz,Luke Rockhold,Jan Blachowicz,KO/TKO,
2019-07-06,Murad Ramazanov,Nursulton Ruziboev,Murad Ramazanov,,Gorets FC: For The Prizes Of V. Zolotov
2019-07-12,Xiao Long,Ivan Starovoitov,Xiao Long,,
2019-07-12,Rafael Carvalho,Chidi Njokuani,Rafael Carvalho,,Bellator 224: Budd vs. Rubin
2019-07-12,Christian Edwards,Justin Vargas,Christian Edwards,,Bellator 224: Budd vs. Rubin
2019-07-13,Marvin Vettori,Cezar Ferreira,Marvin Vettori,DEC,
2019-07-13,Andre Fili,Sheymon Moraes,Andre Fili,KO/TKO,
2019-07-13,Urijah Faber,Ricky Simon,Urijah Faber,KO/TKO,
2019-07-13,Julianna Pena,Nicco Montano,Julianna Pena,DEC,
2019-07-13,Karl Roberson,Wellington Turman,Karl Roberson,DEC,
2019-07-13,Pingyuan Liu,Jonathan Martinez,Jonathan Martinez,KO/TKO,
2019-07-13,Darren Elkins,Ryan Hall,Ryan Hall,DEC,
2019-07-13,Livinha Souza,Brianna Fortino,Brianna Fortino,DEC,
2019-07-13,Gregory Rodrigues,Tanner Saraceno,Gregory Rodrigues,,LFA 71: Jackson vs. Souza
2019-07-13,Umar Nurmagomedov,Taras Gryckiv,Umar Nurmagomedov,,GFC 14: Dagestan
2019-07-13,Josh Emmett,Mirsad Bektic,Josh Emmett,KO/TKO,
2019-07-13,Benito Lopez,Vince Morales,Benito Lopez,DEC,
2019-07-13,Germaine de Randamie,Aspen Ladd,Germaine de Randamie,KO/TKO,
2019-07-13,Jasmine Jasudavicius,Brigid Chase,Jasmine Jasudavicius,,WFC: World Fighting Championships 109
2019-07-17,Brendan Allen,Aaron Jeffery,Brendan Allen,,
2019-07-19,Kevin Borjas,Jorge Icomena,Kevin Borjas,,Inka Fighting Championship - Inka FC 31: Quezada vs Victorino
2019-07-20,Alexander Hernandez,Francisco Trinaldo,Alexander Hernandez,DEC,
2019-07-20,Domingo Pilarte,Felipe Colares,Felipe Colares,DEC,
2019-07-20,Steven Koslow,Jonathan Ortiz,Steven Koslow,,Combat Night: Combat Night Pro 14
2019-07-20,Roxanne Modafferi,Jennifer Maia,Jennifer Maia,DEC,
2019-07-20,Rafael Dos Anjos,Leon Edwards,Leon Edwards,DEC,
2019-07-20,James Vick,Dan Hooker,Dan Hooker,KO/TKO,
2019-07-20,Sam Alvey,Klidson Abreu,Klidson Abreu,DEC,
2019-07-20,Alex Caceres,Steven Peterson,Alex Caceres,DEC,
2019-07-20,Mario Bautista,Jin Soo Son,Mario Bautista,DEC,
2019-07-20,Andrei Arlovski,Ben Rothwell,Andrei Arlovski,DEC,
2019-07-20,Aleksei Oleinik,Walt Harris,Walt Harris,KO/TKO,
2019-07-20,Greg Hardy,Juan Adams,Greg Hardy,KO/TKO,
2019-07-20,Raquel Pennington,Irene Aldana,Raquel Pennington,DEC,
2019-07-20,Ray Borg,Gabriel Silva,Ray Borg,DEC,
2019-07-24,Sean Woodson,Terrance McKinney,Sean Woodson,,
2019-07-24,Billy Quarantillo,Kamuela Kirk,Billy Quarantillo,,
2019-07-27,Marc-Andre Barriault,Krzysztof Jotko,Krzysztof Jotko,DEC,
2019-07-27,Eduardo Chapolin,Felipe Benica,Eduardo Chapolin,,
2019-07-27,Erik Koch,Kyle Stewart,Erik Koch,DEC,
2019-07-27,Geoff Neal,Niko Price,Geoff Neal,KO/TKO,
2019-07-27,Max Holloway,Frankie Edgar,Max Holloway,DEC,
2019-07-27,Ding Meng,Jiaqiang Han,Ding Meng,,Dacheng Wuyi Chinese MMA Super League: Day 3
2019-07-27,Gillian Robertson,Sarah Frota,Gillian Robertson,KO/TKO,
2019-07-27,Cristiane Justino,Felicia Spencer,Cristiane Justino,DEC,
2019-07-27,Gavin Tucker,SeungWoo Choi,Gavin Tucker,SUB,
2019-07-27,Alexandre Pantoja,Deiveson Figueiredo,Deiveson Figueiredo,DEC,
2019-07-27,Casey O'Neill,Jada Ketley,Casey O'Neill,,Eternal MMA 46
2019-07-27,Olivier Aubin-Mercier,Arman Tsarukyan,Arman Tsarukyan,DEC,
2019-07-27,Jose Ochoa,Neto Castro,Jose Ochoa,,Iquitos Combat Championship 5
2019-07-27,Alexis Davis,Viviane Araujo,Viviane Araujo,DEC,
2019-07-27,Hakeem Dawodu,Yoshinori Horie,Hakeem Dawodu,KO/TKO,
2019-07-28,Alisson Barbosa,Ding Meng,Alisson Barbosa,,Dacheng Wuyi: Chinese MMA Super League World Championship
2019-07-28,Ding Meng,Ahelibieke Yeerasili,Ding Meng,,
2019-08-02,Cam Rowston,Martin Torres,Cam Rowston,,New Generation Cage MMA Series 3
2019-08-03,Mickey Gall,Salim Touahri,Mickey Gall,DEC,
2019-08-03,Colby Covington,Robbie Lawler,Colby Covington,DEC,
2019-08-03,Lauren Murphy,Mara Romero Borella,Lauren Murphy,KO/TKO,
2019-08-03,Scott Holtzman,Dong Hyun Ma,Scott Holtzman,KO/TKO,
2019-08-03,Claudio Silva,Cole Williams,Claudio Silva,SUB,
2019-08-03,Antonina Shevchenko,Lucie Pudilova,Antonina Shevchenko,SUB,
2019-08-03,Trevin Giles,Gerald Meerschaert,Gerald Meerschaert,SUB,
2019-08-03,Miranda Granger,Hannah Goldy,Miranda Granger,DEC,
2019-08-03,Jim Miller,Clay Guida,Jim Miller,SUB,
2019-08-03,Darko Stosic,Kennedy Nzechukwu,Kennedy Nzechukwu,DEC,
2019-08-03,Jordan Espinosa,Matt Schnell,Matt Schnell,SUB,
2019-08-03,Joaquim Silva,Nasrat Haqparast,Nasrat Haqparast,KO/TKO,
2019-08-04,Esteban Ribovics,Lucas Aybar,Esteban Ribovics,,UFS 7: United Fighting Series 7
2019-08-09,Umar Nurmagomedov,Sidemar Honorio,Umar Nurmagomedov,,PFL 6: Regular Season
2019-08-10,Enrique Barzola,Bobby Moffett,Enrique Barzola,DEC,
2019-08-10,Veronica Hardy,Polyana Viana,Veronica Hardy,SUB,
2019-08-10,Orion Cosce,Joe Kropschot,Orion Cosce,,URCC: Rumble by the Bay
2019-08-10,Eduardo Garagorri,Humberto Bandenay,Eduardo Garagorri,DEC,
2019-08-10,Volkan Oezdemir,Ilir Latifi,Volkan Oezdemir,KO/TKO,
2019-08-10,Gilbert Burns,Aleksei Kunchenko,Gilbert Burns,DEC,
2019-08-10,Vicente Luque,Mike Perry,Vicente Luque,DEC,
2019-08-10,Ciryl Gane,Raphael Pessoa,Ciryl Gane,SUB,
2019-08-10,Geraldo de Freitas,Chris Gutierrez,Chris Gutierrez,DEC,
2019-08-10,Tecia Pennington,Marina Rodriguez,Marina Rodriguez,DEC,
2019-08-10,Rogerio Bontorin,Raulian Paiva,Rogerio Bontorin,KO/TKO,
2019-08-10,Kazula Vargas,Alex Da Silva,Alex Da Silva,DEC,
2019-08-10,Valentina Shevchenko,Liz Carmouche,Valentina Shevchenko,DEC,
2019-08-10,Rodolfo Vieira,Oskar Piechota,Rodolfo Vieira,SUB,
2019-08-17,Nursulton Ruziboev,Altynbek Arykbaev,,Draw,WEF ProfFight 36: Battle In Kara-Suu 5
2019-08-17,Devonte Smith,Khama Worthy,Khama Worthy,KO/TKO,
2019-08-17,Derek Brunson,Ian Heinisch,Derek Brunson,DEC,
2019-08-17,Christos Giagos,Drakkar Klose,Drakkar Klose,DEC,
2019-08-17,Anthony Pettis,Nate Diaz,Nate Diaz,DEC,
2019-08-17,Alexia Thainara,Jenefer Rodriguez,Alexia Thainara,,
2019-08-17,Sabina Mazo,Shana Dobson,Sabina Mazo,DEC,
2019-08-17,Raphael Assuncao,Cory Sandhagen,Cory Sandhagen,DEC,
2019-08-17,Gabriel Benitez,Sodiq Yusuff,Sodiq Yusuff,KO/TKO,
2019-08-17,Mairon Santos,Paulo Ricardo Rodrigues,Mairon Santos,,DC Pro 3: Cyborg vs. Verner
2019-08-17,Yoel Romero,Paulo Costa,Paulo Costa,DEC,
2019-08-17,Hannah Cifers,Jodie Esquibel,Hannah Cifers,DEC,
2019-08-17,Kyung Ho Kang,Brandon Davis,Kyung Ho Kang,DEC,
2019-08-17,Daniel Cormier,Stipe Miocic,Stipe Miocic,KO/TKO,
2019-08-17,Manny Bermudez,Casey Kenney,Casey Kenney,DEC,
2019-08-18,Kai Asakura,Kyoji Horiguchi,Kai Asakura,,Rizin FF: Rizin Fighting Federation 18
2019-08-23,Alden Coria,Brandon Pate,Alden Coria,,Fury Fighting Championship 35
2019-08-23,Xiao Long,Wilbert Huaman,Xiao Long,,
2019-08-23,Hugo Cunha,Henrique da Silva Lopes,Hugo Cunha,,Future FC 8: Babuino vs. Foguete
2019-08-30,Rizvan Kuniev,Shamil Abasov,Rizvan Kuniev,,GFC 16: Gorilla Fighting 16
2019-08-30,Ramiro Jimenez,Uriel Cossio,Ramiro Jimenez,,Lux Fight League 6
2019-08-30,Nurullo Aliev,Ramazon Amirov,Nurullo Aliev,,GFC 16: Gorilla Fighting 16
2019-08-31,Karol Rosa,Lara Procopio,Karol Rosa,DEC,
2019-08-31,Sumudaerji,Andre Soukhamthath,Sumudaerji,DEC,
2019-08-31,Song Kenan,Derrick Krantz,Song Kenan,DEC,
2019-08-31,Wu Yanan,Mizuki,Mizuki,DEC,
2019-08-31,Kai Kara-France,Mark De La Rosa,Kai Kara-France,DEC,
2019-08-31,Da Woon Jung,Khadis Ibragimov,Da Woon Jung,SUB,
2019-08-31,Jessica Andrade,Zhang Weili,Zhang Weili,KO/TKO,
2019-08-31,Damir Ismagulov,Thiago Moises,Damir Ismagulov,DEC,
2019-08-31,Manoel Sousa,Richard Martins,Manoel Sousa,,Standout Fighting Tournament 15
2019-08-31,JunYong Park,Anthony Hernandez,Anthony Hernandez,SUB,
2019-08-31,Li Jingliang,Elizeu Zaleski dos Santos,Li Jingliang,KO/TKO,
2019-08-31,Gianni Vazquez,Lance Lee,Gianni Vazquez,,LFA 74: Vanderaa vs. Ferreira
2019-08-31,Alatengheili,Batgerel Danaa,Alatengheili,DEC,
2019-09-06,Jack Jenkins,Naoya Uchibayashi,Jack Jenkins,,
2019-09-06,Ian Machado Garry,Matteo Ceglia,Ian Machado Garry,,Cage Warriors: Unplugged 2
2019-09-06,Cam Rowston,Leo Diaz,Cam Rowston,,Superfight MMA 13
2019-09-07,Nilson Rojas,Nick Vargas,Nilson Rojas,,
2019-09-07,Liana Jojua,Sarah Moras,Sarah Moras,KO/TKO,
2019-09-07,Mairbek Taisumov,Diego Ferreira,Diego Ferreira,DEC,
2019-09-07,Nordine Taleb,Muslim Salikhov,Muslim Salikhov,KO/TKO,
2019-09-07,Don Madge,Farés Ziam,Don Madge,DEC,
2019-09-07,Jasmine Jasudavicius,Kylie O'Hearn,Jasmine Jasudavicius,,Cage Titans FC: Combat Night 2
2019-09-07,Edson Barboza,Paul Felder,Paul Felder,DEC,
2019-09-07,Ottman Azaitar,Teemu Packalen,Ottman Azaitar,KO/TKO,
2019-09-07,Islam Makhachev,Davi Ramos,Islam Makhachev,DEC,
2019-09-07,Omari Akhmedov,Zak Cummings,Omari Akhmedov,DEC,
2019-09-07,Curtis Blaydes,Shamil Abdurakhimov,Curtis Blaydes,KO/TKO,
2019-09-07,Jonathan Pico,Billy Ray Goff,Jonathan Pico,,
2019-09-07,Belal Muhammad,Takashi Sato,Belal Muhammad,SUB,
2019-09-07,Khabib Nurmagomedov,Dustin Poirier,Khabib Nurmagomedov,SUB,
2019-09-07,Joanne Wood,Andrea Lee,Joanne Wood,DEC,
2019-09-14,Marcin Tybura,Augusto Sakai,Augusto Sakai,KO/TKO,
2019-09-14,Louis Smolka,Ryan MacDonald,Louis Smolka,KO/TKO,
2019-09-14,Marcio Barbosa,Alessandro Soares da Silva,Marcio Barbosa,,
2019-09-14,Donald Cerrone,Justin Gaethje,Justin Gaethje,KO/TKO,
2019-09-14,Chas Skelly,Jordan Griffin,Chas Skelly,DEC,
2019-09-14,Kyle Prepolec,Austin Hubbard,Austin Hubbard,DEC,
2019-09-14,Glover Teixeira,Nikita Krylov,Glover Teixeira,DEC,
2019-09-14,Misha Cirkunov,Jimmy Crute,Misha Cirkunov,SUB,
2019-09-14,Cole Smith,Miles Johns,Miles Johns,DEC,
2019-09-14,Uriah Hall,Antonio Carlos Junior,Uriah Hall,DEC,
2019-09-14,Brad Katona,Hunter Azure,Hunter Azure,DEC,
2019-09-14,Michel Pereira,Tristan Connelly,Tristan Connelly,DEC,
2019-09-14,Joaquin Buckley,Chris Harris,Joaquin Buckley,,LFA 76: Odgen vs. Browne
2019-09-17,Xiao Long,Andrey Korolev,Xiao Long,,
2019-09-20,Yazmin Jauregui,Yajaira Romo,Yazmin Jauregui,,Combate Americas 44: Mexicali
2019-09-20,Rafa Garcia,Erick Gonzalez,Rafa Garcia,,Combate Americas 44: Mexicali
2019-09-20,Alberto Trujillo,Édgar Cháirez,Alberto Trujillo,,Combate Americas 44: Mexicali
2019-09-21,Brandon Moreno,Askar Askarov,,Draw,
2019-09-21,Sergio Pettis,Tyson Nam,Sergio Pettis,DEC,
2019-09-21,Kyle Daukaus,Stephen Regman,Kyle Daukaus,,Cage Fury Fighting Championship 78
2019-09-21,Marco Polo Reyes,Kyle Nelson,Kyle Nelson,KO/TKO,
2019-09-21,Jose Quinonez,Carlos Huachin,Jose Quinonez,DEC,
2019-09-21,Vinicius Moreira,Paul Craig,Paul Craig,SUB,
2019-09-21,Claudio Puelles,Marcos Mariano,Claudio Puelles,DEC,
2019-09-21,Martin Bravo,Steven Peterson,Steven Peterson,KO/TKO,
2019-09-21,Ariane Carnelossi,Angela Hill,Angela Hill,KO/TKO,
2019-09-21,Carla Esparza,Alexa Grasso,Carla Esparza,DEC,
2019-09-21,Irene Aldana,Vanessa Melo,Irene Aldana,DEC,
2019-09-21,Jeremiah Wells,Marco Smallman,Jeremiah Wells,,Cage Fury Fighting Championship 78
2019-09-21,Sijara Eubanks,Bethe Correia,Bethe Correia,DEC,
2019-09-21,Eduardo Chapolin,Aldejan Ferreira,Eduardo Chapolin,,
2019-09-22,Nursulton Ruziboev,Leonid Antonov,Nursulton Ruziboev,,PCT: Professional Combat Turon 4
2019-09-23,Zheng Lu,Ding Meng,Zheng Lu,,
2019-09-27,Talgat Zhumagaliyev,Ramazan Temirov,Talgat Zhumagaliyev,,GFC 17: Gorilla Fighting 17
2019-09-27,Michael Page,Richard Kiely,Michael Page,,Bellator 227: Gallagher vs. Salazar
2019-09-28,Eduardo Chapolin,Matheus Matarazzo,Eduardo Chapolin,,
2019-09-28,Jack Shore,Nohelin Hernandez,Jack Shore,SUB,
2019-09-28,Mairon Santos,Willian Telles,Mairon Santos,,CTF: Curitiba Top Fight 12
2019-09-28,Ozzy Diaz,Andre Walker,Ozzy Diaz,,Bellator 228: Pitbull vs. Archuleta
2019-09-28,Melissa Croden,Jo Maisonnueve,Melissa Croden,,Z Promotions - Fight Night 11: Lethbridge
2019-09-28,Jack Hermansson,Jared Cannonier,Jared Cannonier,KO/TKO,
2019-09-28,Marc Diakiese,Lando Vannata,Marc Diakiese,DEC,
2019-09-28,Gunnar Nelson,Gilbert Burns,Gilbert Burns,DEC,
2019-09-28,Michal Oleksiejczuk,Ovince Saint Preux,Ovince Saint Preux,SUB,
2019-09-28,Mark Madsen,Danilo Belluardo,Mark Madsen,KO/TKO,
2019-09-28,Luis Felipe Dias,Mateus Oliveira,Luis Felipe Dias,,Curitiba Top Fight 12
2019-09-28,Brandon Davis,Giga Chikadze,Giga Chikadze,DEC,
2019-09-28,Nicolas Dalby,Alex Oliveira,Nicolas Dalby,DEC,
2019-09-28,Ion Cutelaba,Khalil Rountree Jr.,Ion Cutelaba,KO/TKO,
2019-09-28,Macy Chiasson,Lina Lansberg,Lina Lansberg,DEC,
2019-09-28,Siyar Bahadurzada,Ismail Naurdiev,Ismail Naurdiev,DEC,
2019-09-28,Patricio Pitbull,Juan Archuleta,Patricio Pitbull,,Bellator 228: Pitbull vs. Archuleta
2019-09-28,Alessio Di Chirico,Makhmud Muradov,Makhmud Muradov,DEC,
2019-09-28,Alen Amedovski,John Phillips,John Phillips,KO/TKO,
2019-09-28,Luis Felipe Dias,Anderson Romualdo,Luis Felipe Dias,,Curitiba Top Fight 12
2019-10-04,Casey O'Neill,Miki Motono,Casey O'Neill,,Eternal MMA 48
2019-10-05,Al Iaquinta,Dan Hooker,Dan Hooker,DEC,
2019-10-05,Losene Keita,Gracjan Golebiowski,Losene Keita,,Strength & Honour Championship 15
2019-10-05,Justin Tafa,Yorgan De Castro,Yorgan De Castro,KO/TKO,
2019-10-05,Luke Jumeau,Dhiego Lima,Dhiego Lima,DEC,
2019-10-05,Megan Anderson,Zarah Fairn,Megan Anderson,SUB,
2019-10-05,Tai Tuivasa,Serghei Spivac,Serghei Spivac,SUB,
2019-10-05,Robert Whittaker,Israel Adesanya,Israel Adesanya,KO/TKO,
2019-10-05,Brad Riddell,Jamie Mullarkey,Brad Riddell,DEC,
2019-10-05,Callan Potter,Maki Pitolo,Callan Potter,DEC,
2019-10-05,Jake Matthews,Rostem Akman,Jake Matthews,DEC,
2019-10-05,Brunno Ferreira,Carlos Barbieri,Brunno Ferreira,,MFC: Metanoia Fight Combat 4
2019-10-05,Nadia Kassem,Ji Yeon Kim,Ji Yeon Kim,KO/TKO,
2019-10-12,Mackenzie Dern,Amanda Ribas,Amanda Ribas,DEC,
2019-10-12,Eryk Anders,Gerald Meerschaert,Eryk Anders,DEC,
2019-10-12,Mairon Santos,Robert Wilson,Mairon Santos,,Favela Kombat: Favela Kombat 33
2019-10-12,Marlon Vera,Andre Ewell,Marlon Vera,KO/TKO,
2019-10-12,Deiveson Figueiredo,Tim Elliott,Deiveson Figueiredo,SUB,
2019-10-12,Niko Price,James Vick,Niko Price,KO/TKO,
2019-10-12,JJ Aldrich,Lauren Mueller,JJ Aldrich,DEC,
2019-10-12,Mike Davis,Thomas Gifford,Mike Davis,KO/TKO,
2019-10-12,Matt Frevola,Luis Pena,Matt Frevola,DEC,
2019-10-12,Cub Swanson,Kron Gracie,Cub Swanson,DEC,
2019-10-12,Ryan Spann,Devin Clark,Ryan Spann,SUB,
2019-10-12,Max Griffin,Alex Morono,Alex Morono,DEC,
2019-10-12,Mason Jones,Aleksi Mantykivi,Mason Jones,,Cage Warriors 108
2019-10-12,Kai Asakura,Ulka Sasaki,Kai Asakura,,Rizin FF: Rizin Fighting Federation 19
2019-10-12,Joanna Jedrzejczyk,Michelle Waterson-Gomez,Joanna Jedrzejczyk,DEC,
2019-10-12,Marvin Vettori,Andrew Sanchez,Marvin Vettori,DEC,
2019-10-12,Miguel Baeza,Hector Aldana,Miguel Baeza,KO/TKO,
2019-10-13,Angela Lee,Jingnan Xiong,Angela Lee,,
2019-10-13,Elves Brener,Mohamed El Jaghdal,Elves Brener,,Mr. Cage Championship - Mr. Cage 39: PowerExpo Sports Portugal
2019-10-13,Felipe Lima,Gustavo Oliveira,Felipe Lima,,Mr. Cage Championship - Mr. Cage 39: PowerExpo Sports Portugal
2019-10-18,Rongzhu,Alisson Barbosa,Rongzhu,,WLF: W.A.R.S. 39
2019-10-18,Dominick Reyes,Chris Weidman,Dominick Reyes,KO/TKO,
2019-10-18,Yair Rodriguez,Jeremy Stephens,Yair Rodriguez,DEC,
2019-10-18,Joe Lauzon,Jonathan Pearce,Joe Lauzon,KO/TKO,
2019-10-18,Molly McCann,Diana Belbita,Molly McCann,DEC,
2019-10-18,Brendan Allen,Kevin Holland,Brendan Allen,SUB,
2019-10-18,Deron Winn,Darren Stewart,Darren Stewart,DEC,
2019-10-18,Aoriqileng,Amirlan Amirov,Aoriqileng,,WLF: W.A.R.S. 39
2019-10-18,Randy Costa,Boston Salmon,Randy Costa,KO/TKO,
2019-10-18,Charles Rosa,Manny Bermudez,Charles Rosa,SUB,
2019-10-18,Daniel Spitz,Tanner Boser,Tanner Boser,DEC,
2019-10-18,Kyle Bochniak,Sean Woodson,Sean Woodson,DEC,
2019-10-18,Maycee Barber,Gillian Robertson,Maycee Barber,KO/TKO,
2019-10-18,Court McGee,Sean Brady,Sean Brady,DEC,
2019-10-19,Oumar Sy,Sophien Hadj Doula,Oumar Sy,,100% Fight 41: Bosuku vs. Vallee
2019-10-19,Wissame Akhmouch,Matthieu Letho Duclos,Wissame Akhmouch,,100% Fight 41: Bosuku vs. Vallee
2019-10-19,Kauê Fernandes,Marcio Breno,Kauê Fernandes,,Shooto Brazil 97: Delboni vs. Polastri
2019-10-19,Julia Polastri,Jessica Delboni,Julia Polastri,,Shooto Brazil 97: Delboni vs. Polastri
2019-10-19,Luis Felipe Dias,Adercino De Jesus,Luis Felipe Dias,,Shooto Brazil 97: Delboni vs. Polastri
2019-10-25,Killys Mota,Mandel Nallo,Killys Mota,,Bellator 231: Mir vs. Nelson 2
2019-10-25,Elise Reed,Rebecca Bryggman,Elise Reed,,Bellator 231: Mir vs. Nelson 2
2019-10-26,Muslim Salikhov,Laureano Staropoli,Muslim Salikhov,DEC,
2019-10-26,Loma Lookboonmee,Aleksandra Albu,Loma Lookboonmee,DEC,
2019-10-26,Randa Markos,Ashley Yoder,Randa Markos,DEC,
2019-10-26,Mehemmedeli Osmanli,Islam Betirsultanov,Mehemmedeli Osmanli,,Ultimax Fight Night 2
2019-10-26,Alex White,Rafael Fiziev,Rafael Fiziev,DEC,
2019-10-26,Michael Johnson,Stevie Ray,Stevie Ray,DEC,
2019-10-26,Demian Maia,Ben Askren,Demian Maia,SUB,
2019-10-26,Enrique Barzola,Movsar Evloev,Movsar Evloev,DEC,
2019-10-26,Raphael Pessoa,Jeff Hughes,Raphael Pessoa,DEC,
2019-10-26,Kleydson Rodrigues,Eduardo Chapolin,Kleydson Rodrigues,,Jungle Fight 97
2019-10-26,Morgan Charrière,Dean Trueman,Morgan Charrière,,CW 109: Herbert vs. Carrizosa
2019-10-26,Frank Camacho,Beneil Dariush,Beneil Dariush,SUB,
2019-10-26,Maurice Greene,Sergei Pavlovich,Sergei Pavlovich,KO/TKO,
2019-10-26,Ciryl Gane,Don'Tale Mayes,Ciryl Gane,SUB,
2019-11-01,Gilbert Urbina,Angelo Trevino,Gilbert Urbina,,Combate Americas: Dia De Los Muertos: Dallas
2019-11-02,Losene Keita,Karol Michalak,Losene Keita,,Atlas MMA 6
2019-11-02,Kelvin Gastelum,Darren Till,Darren Till,DEC,
2019-11-02,Andrei Arlovski,Jairzinho Rozenstruik,Jairzinho Rozenstruik,KO/TKO,
2019-11-02,Kevin Lee,Gregor Gillespie,Kevin Lee,KO/TKO,
2019-11-02,Lyman Good,Chance Rencountre,Lyman Good,KO/TKO,
2019-11-02,Stephen Thompson,Vicente Luque,Stephen Thompson,DEC,
2019-11-02,Julio Arce,Hakeem Dawodu,Hakeem Dawodu,DEC,
2019-11-02,Katlyn Cerminara,Jennifer Maia,Katlyn Cerminara,DEC,
2019-11-02,Shane Burgos,Makwan Amirkhani,Shane Burgos,KO/TKO,
2019-11-02,Derrick Lewis,Blagoy Ivanov,Derrick Lewis,DEC,
2019-11-02,Jorge Masvidal,Nate Diaz,Jorge Masvidal,KO/TKO,
2019-11-02,Brad Tavares,Edmen Shahbazyan,Edmen Shahbazyan,KO/TKO,
2019-11-02,Corey Anderson,Johnny Walker,Corey Anderson,KO/TKO,
2019-11-08,Christian Edwards,Cesar Bennett,Christian Edwards,,Bellator 233: Salter vs. Van Steenis
2019-11-08,Bruna Brasil,Alexia Thainara,Bruna Brasil,,
2019-11-09,Dustin Stoltzfus,Nihad Nasufovic,Dustin Stoltzfus,,GMC 23: German MMA Championship 23
2019-11-09,Rustam Khabilov,Sergey Khandozhko,Rustam Khabilov,DEC,
2019-11-09,Ian Machado Garry,Matt Figlak,Ian Machado Garry,,Cage Warriors 110
2019-11-09,Esteban Ribovics,Brian Flamengo,Esteban Ribovics,,UFS 9: United Fighting Series 9
2019-11-09,Shamil Gamzatov,Klidson Abreu,Shamil Gamzatov,DEC,
2019-11-09,Leandro Silva,Robert Bryczek,Leandro Silva,,OKTAGON 15: Végh vs. Vémola
2019-11-09,Khadis Ibragimov,Ed Herman,Ed Herman,DEC,
2019-11-09,Grigory Popov,Davey Grant,Davey Grant,DEC,
2019-11-09,Jessica-Rose Clark,Pannie Kianzad,Pannie Kianzad,DEC,
2019-11-09,Zelim Imadaev,Danny Roberts,Danny Roberts,KO/TKO,
2019-11-09,Abubakar Nurmagomedov,David Zawada,David Zawada,SUB,
2019-11-09,Zabit Magomedsharipov,Calvin Kattar,Zabit Magomedsharipov,DEC,
2019-11-09,Alexander Yakovlev,Roosevelt Roberts,Roosevelt Roberts,DEC,
2019-11-09,Tommy McMillen,Ben Hollier,Tommy McMillen,,Fusion Fight League: Rising Stars 2
2019-11-09,Magomed Ankalaev,Dalcha Lungiambula,Magomed Ankalaev,KO/TKO,
2019-11-09,Roman Kopylov,Karl Roberson,Karl Roberson,SUB,
2019-11-09,Ramazan Emeev,Anthony Rocco Martin,Anthony Rocco Martin,DEC,
2019-11-09,Alden Coria,Eric Hendricks,Alden Coria,,Fury Fighting Championship 39
2019-11-09,Alexander Volkov,Greg Hardy,Alexander Volkov,DEC,
2019-11-15,Xiao Long,Rex de Lara,Xiao Long,,
2019-11-15,Azamat Murzakanov,Guto Inocente,Azamat Murzakanov,,Brave CF 29
2019-11-15,Azamat Murzakanov,Mohammad Fakhreddine,Azamat Murzakanov,,Brave CF 29
2019-11-16,Jan Blachowicz,Jacare Souza,Jan Blachowicz,DEC,
2019-11-16,Warlley Alves,Randy Brown,Randy Brown,SUB,
2019-11-16,Ricardo Ramos,Eduardo Garagorri,Ricardo Ramos,SUB,
2019-11-16,Douglas Silva de Andrade,Renan Barao,Douglas Silva de Andrade,DEC,
2019-11-16,Charles Oliveira,Jared Gordon,Charles Oliveira,KO/TKO,
2019-11-16,Markus Perez,Wellington Turman,Wellington Turman,DEC,
2019-11-16,Ariane da Silva,Isabela de Padua,Ariane da Silva,DEC,
2019-11-16,Vanessa Melo,Tracy Cortez,Tracy Cortez,DEC,
2019-11-16,Sergio Moraes,James Krause,James Krause,KO/TKO,
2019-11-16,Antonio Arroyo,Andre Muniz,Andre Muniz,DEC,
2019-11-16,Francisco Trinaldo,King Green,Francisco Trinaldo,DEC,
2019-11-22,Modestas Bukauskas,Riccardo Nosiglia,Modestas Bukauskas,,CW 111: Webb vs. Frederick 2
2019-11-22,Salvador Becerra,Ignacio Bahamondes,Salvador Becerra,,Combate Americas: Fresno
2019-11-23,Nursulton Ruziboev,Artem Shokalo,Nursulton Ruziboev,,GFC 20: Gorilla Fighting 20
2019-11-23,Umar Nurmagomedov,Braian Gonzalez,Umar Nurmagomedov,,GFC 20: Gorilla Fighting 20
2019-11-23,Michael Page,Giovanni Melillo,Michael Page,,Bellator London: MVP vs. Melillo
2019-11-24,Luis Felipe Dias,Wendell Oliveira,Luis Felipe Dias,,Shooto Brazil 98
2019-11-28,Sergei Andreev,Elves Brener,Sergei Andreev,,WCC Natural Selection: Continuation 2
2019-11-30,Jasmine Jasudavicius,Christina Ricker,Jasmine Jasudavicius,,BTC 8: Eliminator
2019-11-30,Manoel Sousa,Mauricio Ruffy,Manoel Sousa,,Standout Fighting Tournament 18
2019-11-30,Chad Anheliger,Brady Hiestand,Chad Anheliger,,Rise Fighting Championship 5
2019-11-30,Jose Serral,Fabia Sintes,Jose Serral,,AFL 22: Bad Blood
2019-12-06,Rodolfo Bellato,Marcos Matos,Rodolfo Bellato,,Future FC 10: Furia vs. Godzilla
2019-12-07,Song Yadong,Cody Stamann,,Draw,
2019-12-07,Salahdine Parnasse,Ivan Buchinger,Salahdine Parnasse,,KSW 52: Askham vs. Khalidov
2019-12-07,Bryce Mitchell,Matt Sayles,Bryce Mitchell,SUB,
2019-12-07,Thiago Alves,Tim Means,Tim Means,SUB,
2019-12-07,Stefan Struve,Ben Rothwell,Ben Rothwell,KO/TKO,
2019-12-07,Joe Solecki,Matt Wiman,Joe Solecki,DEC,
2019-12-07,Daniil Donchenko,Sviatoslav Zhymanov,Daniil Donchenko,,RFP 74: West Fight 28
2019-12-07,Alistair Overeem,Jairzinho Rozenstruik,Jairzinho Rozenstruik,KO/TKO,
2019-12-07,Aspen Ladd,Yana Santos,Aspen Ladd,KO/TKO,
2019-12-07,Brunno Ferreira,Victor Pereira Neves Nunes,Brunno Ferreira,,Katana Fight 10: Roverso vs. Henrique
2019-12-07,Virna Jandiroba,Mallory Martin,Virna Jandiroba,SUB,
2019-12-07,Makhmud Muradov,Trevor Smith,Makhmud Muradov,KO/TKO,
2019-12-07,Billy Quarantillo,Jacob Kilburn,Billy Quarantillo,SUB,
2019-12-07,Rob Font,Ricky Simon,Rob Font,DEC,
2019-12-07,Losene Keita,Soufiene Oudina,Losene Keita,,Ultimate Contest: Kickboxing & MMA Event
2019-12-08,Andre Walker,Eric McConico,Andre Walker,,KOTC: Hard Drive
2019-12-13,Cam Rowston,Jayden Eynaud,Cam Rowston,,New Generation Cage MMA Series 4
2019-12-13,Yadier del Valle,Alonso Sanchez,Yadier del Valle,,Fury Fighting Championship 40
2019-12-14,Jessica Eye,Viviane Araujo,Jessica Eye,DEC,
2019-12-14,Max Holloway,Alexander Volkanovski,Alexander Volkanovski,DEC,
2019-12-14,Lone'er Kavanagh,Danny Missin,Lone'er Kavanagh,,FightStar Championship 19
2019-12-14,Mairon Santos,Baba Boundjou Nadjombe,Mairon Santos,,ARES FC 1: Ares Fighting Championship
2019-12-14,Marlon Moraes,Jose Aldo,Marlon Moraes,DEC,
2019-12-14,Brandon Moreno,Kai Kara-France,Brandon Moreno,DEC,
2019-12-14,Manon Fiorot,Amanda Lino,Manon Fiorot,,EFC 83: EFC Worldwide 83
2019-12-14,Amanda Nunes,Germaine de Randamie,Amanda Nunes,DEC,
2019-12-14,Geoff Neal,Mike Perry,Geoff Neal,KO/TKO,
2019-12-14,Ketlen Vieira,Irene Aldana,Irene Aldana,KO/TKO,
2019-12-14,Punahele Soriano,Oskar Piechota,Punahele Soriano,KO/TKO,
2019-12-14,Chase Hooper,Daniel Teymur,Chase Hooper,KO/TKO,
2019-12-14,Matt Brown,Ben Saunders,Matt Brown,KO/TKO,
2019-12-14,Ian Heinisch,Omari Akhmedov,Omari Akhmedov,DEC,
2019-12-14,Kamaru Usman,Colby Covington,Kamaru Usman,KO/TKO,
2019-12-14,Petr Yan,Urijah Faber,Petr Yan,KO/TKO,
2019-12-19,Gregory Rodrigues,Brandon Hester,Gregory Rodrigues,,Smash Global 9: Black Tie Fight Night
2019-12-20,Renzo Mendez,Kevin Borjas,Renzo Mendez,,Combate 53: Copa Combate
2019-12-21,Lucas Fernando,Wallace Lopes,Lucas Fernando,,
2019-12-21,Kyung Ho Kang,Pingyuan Liu,Kyung Ho Kang,DEC,
2019-12-21,Alatengheili,Ryan Benoit,Alatengheili,DEC,
2019-12-21,Raoni Barcelos,Said Nurmagomedov,Raoni Barcelos,DEC,
2019-12-21,Alexandre Pantoja,Matt Schnell,Alexandre Pantoja,KO/TKO,
2019-12-21,Dong Hyun Ma,Omar Morales,Omar Morales,DEC,
2019-12-21,Ciryl Gane,Tanner Boser,Ciryl Gane,DEC,
2019-12-21,Volkan Oezdemir,Aleksandar Rakic,Volkan Oezdemir,DEC,
2019-12-21,Muhammad Naimov,Shawn Brown,Muhammad Naimov,,Titan FC 58: Rivera vs. Sabatello
2019-12-21,JunYong Park,Marc-Andre Barriault,JunYong Park,DEC,
2019-12-21,Da Woon Jung,Mike Rodriguez,Da Woon Jung,KO/TKO,
2019-12-21,Frankie Edgar,Chan Sung Jung,Chan Sung Jung,KO/TKO,
2019-12-21,Miranda Granger,Amanda Lemos,Amanda Lemos,SUB,
2019-12-21,Dooho Choi,Charles Jourdain,Charles Jourdain,KO/TKO,
2019-12-21,SeungWoo Choi,Suman Mokhtarian,SeungWoo Choi,DEC,
2019-12-21,Michael Aljarouj,Mickael Kanguichev,Michael Aljarouj,DEC,100% FIGHT
2019-12-22,Boris Miroshnichenko,Nursulton Ruziboev,Boris Miroshnichenko,,ProFC 66: Professional Fighting Championship 66
2019-12-29,Michael Page,Shinsho Anzai,Michael Page,,Bellator 237: Fedor vs. Rampage
2019-12-31,Manel Kape,Kai Asakura,Manel Kape,,Rizin FF: Rizin Fighting Federation 20
2020-01-03,Aoriqileng,Khirzri Abdulaev,Aoriqileng,,WLF: W.A.R.S. 41
2020-01-18,Anthony Pettis,Diego Ferreira,Diego Ferreira,SUB,
2020-01-18,Aleksei Oleinik,Maurice Greene,Aleksei Oleinik,SUB,
2020-01-18,Brian Kelleher,Ode Osbourne,Brian Kelleher,SUB,
2020-01-18,Andre Fili,Sodiq Yusuff,Sodiq Yusuff,DEC,
2020-01-18,Aleksa Camur,Justin Ledet,Aleksa Camur,DEC,
2020-01-18,Conor McGregor,Donald Cerrone,Conor McGregor,KO/TKO,
2020-01-18,Drew Dober,Nasrat Haqparast,Drew Dober,KO/TKO,
2020-01-18,Holly Holm,Raquel Pennington,Holly Holm,DEC,
2020-01-18,Roxanne Modafferi,Maycee Barber,Roxanne Modafferi,DEC,
2020-01-18,Sabina Mazo,JJ Aldrich,Sabina Mazo,DEC,
2020-01-18,Tim Elliott,Askar Askarov,Askar Askarov,DEC,
2020-01-25,Hannah Cifers,Angela Hill,Angela Hill,KO/TKO,
2020-01-25,Jordan Espinosa,Alex Perez,Alex Perez,SUB,
2020-01-25,Bevon Lewis,Dequan Townsend,Bevon Lewis,DEC,
2020-01-25,Montel Jackson,Felipe Colares,Montel Jackson,DEC,
2020-01-25,Arnold Allen,Nik Lentz,Arnold Allen,DEC,
2020-01-25,Jamahal Hill,Darko Stosic,Jamahal Hill,DEC,
2020-01-25,Brett Johns,Tony Gravely,Brett Johns,SUB,
2020-01-25,Justine Kish,Lucie Pudilova,Justine Kish,DEC,
2020-01-25,Curtis Blaydes,Junior Dos Santos,Curtis Blaydes,KO/TKO,
2020-01-25,Melissa Croden,Elizabeth Schroder,Melissa Croden,,Z Promotions - Fight Night 12: Lethbridge
2020-01-25,Sara McMann,Lina Lansberg,Sara McMann,DEC,
2020-01-25,Herbert Burns,Nate Landwehr,Herbert Burns,KO/TKO,
2020-01-25,Rafael Dos Anjos,Michael Chiesa,Michael Chiesa,DEC,
2020-01-26,Aaron Pico,Daniel Carey,Aaron Pico,,Bellator 238: Budd vs. Cyborg
2020-01-31,Eduardo Chapolin,Robert Correa,Eduardo Chapolin,,
2020-01-31,Jamall Emmers,Rafael Barbosa,Jamall Emmers,,LFA 81: Emmers vs. Barbosa
2020-01-31,Vanessa Demopoulos,Loveth Young,Vanessa Demopoulos,,LFA 81: Emmers vs. Barbosa
2020-02-01,Kyle Daukaus,Nolan Norwood,Kyle Daukaus,,Cage Fury Fighting Championships 81
2020-02-01,Jasmine Jasudavicius,Gabriella Gulfin,Jasmine Jasudavicius,,Cage Fury Fighting Championships 81
2020-02-01,Luis Felipe Dias,Fabian Armoa,Luis Felipe Dias,,HCC 21: Haidar Capixaba Combat 21
2020-02-08,Brady Hiestand,Shane Sargent,Brady Hiestand,,ExciteFight: Conquest of the Cage
2020-02-08,Austin Lingo,Youssef Zalal,Youssef Zalal,DEC,
2020-02-08,Andre Ewell,Jonathan Martinez,Andre Ewell,DEC,
2020-02-08,Juan Adams,Justin Tafa,Justin Tafa,KO/TKO,
2020-02-08,Trevin Giles,James Krause,Trevin Giles,DEC,
2020-02-08,Reinier de Ridder,Leandro Ataides,Reinier de Ridder,,
2020-02-08,Lauren Murphy,Andrea Lee,Lauren Murphy,DEC,
2020-02-08,Erin Blanchfield,Victoria Leonardo,Erin Blanchfield,,Invicta FC 39: Frey vs. Cummins 2
2020-02-08,Derrick Lewis,Ilir Latifi,Derrick Lewis,DEC,
2020-02-08,Jon Jones,Dominick Reyes,Jon Jones,DEC,
2020-02-08,Jamey-Lyn Horth,Jade Masson-Wong,Jamey-Lyn Horth,,BFL 65: Battlefield Fight League
2020-02-08,Miles Johns,Mario Bautista,Mario Bautista,KO/TKO,
2020-02-08,Valentina Shevchenko,Katlyn Cerminara,Valentina Shevchenko,KO/TKO,
2020-02-08,Mirsad Bektic,Dan Ige,Dan Ige,DEC,
2020-02-08,Alex Morono,Khaos Williams,Khaos Williams,KO/TKO,
2020-02-15,Mark De La Rosa,Raulian Paiva,Raulian Paiva,KO/TKO,
2020-02-15,Corey Anderson,Jan Blachowicz,Jan Blachowicz,KO/TKO,
2020-02-15,Montana De La Rosa,Mara Romero Borella,Montana De La Rosa,DEC,
2020-02-15,Rizvan Kuniev,Ruud Vernooij,Rizvan Kuniev,,Eagles FC: Next Level
2020-02-15,Macy Chiasson,Shanna Young,Macy Chiasson,DEC,
2020-02-15,Devin Clark,Dequan Townsend,Devin Clark,DEC,
2020-02-15,John Dodson,Nathaniel Wood,John Dodson,KO/TKO,
2020-02-15,Lando Vannata,Yancy Medeiros,Lando Vannata,DEC,
2020-02-15,Rogerio Bontorin,Ray Borg,Ray Borg,DEC,
2020-02-15,Jim Miller,Scott Holtzman,Scott Holtzman,DEC,
2020-02-15,Casey Kenney,Merab Dvalishvili,Merab Dvalishvili,DEC,
2020-02-15,Brok Weaver,Kazula Vargas,Brok Weaver,DQ,
2020-02-15,Tim Means,Daniel Rodriguez,Daniel Rodriguez,SUB,
2020-02-15,Diego Sanchez,Michel Pereira,Diego Sanchez,DQ,
2020-02-16,Losene Keita,Tayron Chavarro,Losene Keita,,WFL MMA 4
2020-02-21,Rafa Garcia,Humberto Bandenay,Rafa Garcia,,Combate Americas 55: Garcia vs. Bandenay
2020-02-21,Ramiro Jimenez,Saul Cabrera,Ramiro Jimenez,,Combate Americas 55: Garcia vs. Bandenay
2020-02-21,Édgar Cháirez,David Macias Ruiz,Édgar Cháirez,,Combate Americas 55: Garcia vs. Bandenay
2020-02-22,Kevin Aguilar,Zubaira Tukhugov,Zubaira Tukhugov,KO/TKO,
2020-02-22,Paul Felder,Dan Hooker,Dan Hooker,DEC,
2020-02-22,Brad Riddell,Magomed Mustafaev,Brad Riddell,DEC,
2020-02-22,Callan Potter,Song Kenan,Song Kenan,KO/TKO,
2020-02-22,Karolina Kowalkiewicz,Yan Xiaonan,Yan Xiaonan,DEC,
2020-02-22,Kai Kara-France,Tyson Nam,Kai Kara-France,DEC,
2020-02-22,Loma Lookboonmee,Angela Hill,Angela Hill,DEC,
2020-02-22,Priscila Cachoeira,Shana Dobson,Priscila Cachoeira,KO/TKO,
2020-02-22,Jimmy Crute,Michal Oleksiejczuk,Jimmy Crute,SUB,
2020-02-22,Ben Sosoli,Marcos Rogerio de Lima,Marcos Rogerio de Lima,KO/TKO,
2020-02-22,Christian Edwards,DiMarco Hutchison,Christian Edwards,,Bellator 239: Ruth vs. Amosov
2020-02-22,Jake Matthews,Emil Meek,Jake Matthews,DEC,
2020-02-22,Jalin Turner,Josh Culibao,Jalin Turner,KO/TKO,
2020-02-26,Kevin Borjas,Manuel Bugueno,Kevin Borjas,,Inka FC 33: Pinedo vs. De Santana
2020-02-29,Joseph Benavidez,Deiveson Figueiredo,Deiveson Figueiredo,KO/TKO,
2020-02-29,Megan Anderson,Norma Dumont,Megan Anderson,KO/TKO,
2020-02-29,Gabriel Silva,Kyler Phillips,Kyler Phillips,DEC,
2020-02-29,Aalon Cruz,Spike Carlyle,Spike Carlyle,KO/TKO,
2020-02-29,Brendan Allen,Tom Breese,Brendan Allen,KO/TKO,
2020-02-29,Felicia Spencer,Zarah Fairn,Felicia Spencer,KO/TKO,
2020-02-29,Jordan Griffin,TJ Brown,Jordan Griffin,SUB,
2020-02-29,Manoel Sousa,Vandirson Alves do Nascimento,Manoel Sousa,,Standout Fighting Tournament 21
2020-02-29,Ion Cutelaba,Magomed Ankalaev,Magomed Ankalaev,KO/TKO,
2020-02-29,Luis Pena,Steve Garcia,Luis Pena,DEC,
2020-02-29,Sean Brady,Ismail Naurdiev,Sean Brady,DEC,
2020-02-29,Casey O'Neill,Caitlin McEwan,Casey O'Neill,,Eternal MMA 51
2020-02-29,Grant Dawson,Darrick Minner,Grant Dawson,SUB,
2020-02-29,Marcin Tybura,Serghei Spivac,Marcin Tybura,DEC,
2020-03-01,Mairon Santos,Julio Pereira,Mairon Santos,,Shooto Brazil: Grand Prix
2020-03-04,Esteban Ribovics,Jose Zarauz,Esteban Ribovics,,FFC 43: Varela vs. Mollinedo 2
2020-03-07,Israel Adesanya,Yoel Romero,Israel Adesanya,DEC,
2020-03-07,Josiah Harrell,Will Worley,Josiah Harrell,,OCL: Ohio Combat League 7
2020-03-07,Beneil Dariush,Drakkar Klose,Beneil Dariush,KO/TKO,
2020-03-07,Batgerel Danaa,Guido Cannetti,Batgerel Danaa,KO/TKO,
2020-03-07,Giga Chikadze,Jamall Emmers,Giga Chikadze,DEC,
2020-03-07,Gerald Meerschaert,Deron Winn,Gerald Meerschaert,SUB,
2020-03-07,Jack Jenkins,Diego Pereira,Jack Jenkins,,
2020-03-07,Rodolfo Vieira,Saparbeg Safarov,Rodolfo Vieira,SUB,
2020-03-07,Zhang Weili,Joanna Jedrzejczyk,Zhang Weili,DEC,
2020-03-07,Alex Oliveira,Max Griffin,Alex Oliveira,DEC,
2020-03-07,Mark Madsen,Austin Hubbard,Mark Madsen,DEC,
2020-03-07,Neil Magny,Li Jingliang,Neil Magny,DEC,
2020-03-07,Sean O'Malley,Jose Quinonez,Sean O'Malley,KO/TKO,
2020-03-08,Jean Silva,Tamyray Lacerda,Jean Silva,,Cidade da Luta: Cidade da Luta 5
2020-03-08,Luis Felipe Dias,Hemerson Souza,Luis Felipe Dias,,Cidade da Luta: Cidade da Luta 5
2020-03-14,Amanda Ribas,Randa Markos,Amanda Ribas,DEC,
2020-03-14,Bruno Silva,David Dvorak,David Dvorak,DEC,
2020-03-14,Kevin Lee,Charles Oliveira,Charles Oliveira,SUB,
2020-03-14,Francisco Trinaldo,John Makdessi,Francisco Trinaldo,DEC,
2020-03-14,Jussier Formiga,Brandon Moreno,Brandon Moreno,DEC,
2020-03-14,Johnny Walker,Nikita Krylov,Nikita Krylov,DEC,
2020-03-14,Veronica Hardy,Bea Malecki,Bea Malecki,DEC,
2020-03-14,Demian Maia,Gilbert Burns,Gilbert Burns,KO/TKO,
2020-03-14,Renato Moicano,Damir Hadzovic,Renato Moicano,SUB,
2020-03-14,Elizeu Zaleski dos Santos,Aleksei Kunchenko,Elizeu Zaleski dos Santos,DEC,
2020-03-14,Mayra Bueno Silva,Maryna Moroz,Maryna Moroz,DEC,
2020-03-20,Mason Jones,Joe McColgan,Mason Jones,,Cage Warriors 113
2020-03-21,Steven Koslow,Ginseng Poit Du'Jour,Steven Koslow,,Combat Night: Combat Night Pro 18
2020-04-26,Xiao Long,Yundong Chen,Xiao Long,,
2020-05-09,Carla Esparza,Michelle Waterson-Gomez,Carla Esparza,DEC,
2020-05-09,Vicente Luque,Niko Price,Vicente Luque,KO/TKO,
2020-05-09,Greg Hardy,Yorgan De Castro,Greg Hardy,DEC,
2020-05-09,Ryan Spann,Sam Alvey,Ryan Spann,DEC,
2020-05-09,Aleksei Oleinik,Fabricio Werdum,Aleksei Oleinik,DEC,
2020-05-09,Henry Cejudo,Dominick Cruz,Henry Cejudo,KO/TKO,
2020-05-09,Tony Ferguson,Justin Gaethje,Justin Gaethje,KO/TKO,
2020-05-09,Bryce Mitchell,Charles Rosa,Bryce Mitchell,DEC,
2020-05-09,Francis Ngannou,Jairzinho Rozenstruik,Francis Ngannou,KO/TKO,
2020-05-09,Anthony Pettis,Donald Cerrone,Anthony Pettis,DEC,
2020-05-09,Jeremy Stephens,Calvin Kattar,Calvin Kattar,KO/TKO,
2020-05-13,Gabriel Benitez,Omar Morales,Omar Morales,DEC,
2020-05-13,Ricky Simon,Ray Borg,Ricky Simon,DEC,
2020-05-13,Anthony Smith,Glover Teixeira,Glover Teixeira,KO/TKO,
2020-05-13,Ben Rothwell,Ovince Saint Preux,Ben Rothwell,DEC,
2020-05-13,Alexander Hernandez,Drew Dober,Drew Dober,KO/TKO,
2020-05-13,Michael Johnson,Thiago Moises,Thiago Moises,SUB,
2020-05-13,Andrei Arlovski,Philipe Lins,Andrei Arlovski,DEC,
2020-05-13,Sijara Eubanks,Sarah Moras,Sijara Eubanks,DEC,
2020-05-13,Chase Sherman,Ike Villanueva,Chase Sherman,KO/TKO,
2020-05-13,Hunter Azure,Brian Kelleher,Brian Kelleher,KO/TKO,
2020-05-16,Rodrigo Nascimento,Don'Tale Mayes,Rodrigo Nascimento,SUB,
2020-05-16,Alistair Overeem,Walt Harris,Alistair Overeem,KO/TKO,
2020-05-16,Eryk Anders,Krzysztof Jotko,Krzysztof Jotko,DEC,
2020-05-16,Dan Ige,Edson Barboza,Dan Ige,DEC,
2020-05-16,Cortney Casey,Mara Romero Borella,Cortney Casey,SUB,
2020-05-16,Anthony Hernandez,Kevin Holland,Kevin Holland,KO/TKO,
2020-05-16,Giga Chikadze,Irwin Rivera,Giga Chikadze,DEC,
2020-05-16,Song Yadong,Marlon Vera,Song Yadong,DEC,
2020-05-16,Claudia Gadelha,Angela Hill,Claudia Gadelha,DEC,
2020-05-16,Darren Elkins,Nate Landwehr,Nate Landwehr,DEC,
2020-05-16,Matt Brown,Miguel Baeza,Miguel Baeza,KO/TKO,
2020-05-22,Xiao Long,Kuerban Wubukasimu,Xiao Long,,
2020-05-22,Rongzhu,Huwanixi Wusikenbieke,Rongzhu,,WLF: W.A.R.S. 43
2020-05-30,Roosevelt Roberts,Brok Weaver,Roosevelt Roberts,SUB,
2020-05-30,Tyron Woodley,Gilbert Burns,Gilbert Burns,DEC,
2020-05-30,Chris Gutierrez,Vince Morales,Chris Gutierrez,KO/TKO,
2020-05-30,Tim Elliott,Brandon Royval,Brandon Royval,SUB,
2020-05-30,Daniel Rodriguez,Gabe Green,Daniel Rodriguez,DEC,
2020-05-30,Blagoy Ivanov,Augusto Sakai,Augusto Sakai,DEC,
2020-05-30,Louis Smolka,Casey Kenney,Casey Kenney,SUB,
2020-05-30,Katlyn Cerminara,Antonina Shevchenko,Katlyn Cerminara,DEC,
2020-05-30,Mackenzie Dern,Hannah Cifers,Mackenzie Dern,SUB,
2020-05-30,Billy Quarantillo,Spike Carlyle,Billy Quarantillo,DEC,
2020-06-06,Jussier Formiga,Alex Perez,Alex Perez,KO/TKO,
2020-06-06,Raphael Assuncao,Cody Garbrandt,Cody Garbrandt,KO/TKO,
2020-06-06,Evan Dunham,Herbert Burns,Herbert Burns,SUB,
2020-06-06,Alex Caceres,Chase Hooper,Alex Caceres,DEC,
2020-06-06,Alonzo Menifield,Devin Clark,Devin Clark,DEC,
2020-06-06,Charles Byrd,Maki Pitolo,Maki Pitolo,KO/TKO,
2020-06-06,Ian Heinisch,Gerald Meerschaert,Ian Heinisch,KO/TKO,
2020-06-06,Aljamain Sterling,Cory Sandhagen,Aljamain Sterling,SUB,
2020-06-06,Cody Stamann,Brian Kelleher,Cody Stamann,DEC,
2020-06-06,Eddie Wineland,Sean O'Malley,Sean O'Malley,KO/TKO,
2020-06-06,Amanda Nunes,Felicia Spencer,Amanda Nunes,DEC,
2020-06-06,Neil Magny,Anthony Rocco Martin,Neil Magny,DEC,
2020-06-13,Anthony Ivy,Christian Aguilera,Christian Aguilera,KO/TKO,
2020-06-13,Merab Dvalishvili,Gustavo Lopez,Merab Dvalishvili,DEC,
2020-06-13,Andre Fili,Charles Jourdain,Andre Fili,DEC,
2020-06-13,Julia Avila,Gina Mazany,Julia Avila,KO/TKO,
2020-06-13,Jessica Eye,Cynthia Calvillo,Cynthia Calvillo,DEC,
2020-06-13,Mariya Agapova,Hannah Cifers,Mariya Agapova,SUB,
2020-06-13,Tyson Nam,Zarrukh Adashev,Tyson Nam,KO/TKO,
2020-06-13,Charles Rosa,Kevin Aguilar,Charles Rosa,DEC,
2020-06-13,Jordan Espinosa,Mark De La Rosa,Jordan Espinosa,DEC,
2020-06-13,Karl Roberson,Marvin Vettori,Marvin Vettori,SUB,
2020-06-19,Xiao Long,Jinbo Zou,Xiao Long,,
2020-06-20,Marc-Andre Barriault,Oskar Piechota,,Draw,
2020-06-20,Raquel Pennington,Marion Reneau,Raquel Pennington,DEC,
2020-06-20,Jim Miller,Roosevelt Roberts,Jim Miller,SUB,
2020-06-20,Curtis Blaydes,Alexander Volkov,Curtis Blaydes,DEC,
2020-06-20,Clay Guida,King Green,King Green,DEC,
2020-06-20,Cortney Casey,Gillian Robertson,Gillian Robertson,SUB,
2020-06-20,Tecia Pennington,Brianna Fortino,Tecia Pennington,DEC,
2020-06-20,Austin Hubbard,Max Rohskopf,Austin Hubbard,KO/TKO,
2020-06-20,Roxanne Modafferi,Lauren Murphy,Lauren Murphy,DEC,
2020-06-20,Frank Camacho,Justin Jaynes,Justin Jaynes,KO/TKO,
2020-06-20,Josh Emmett,Shane Burgos,Josh Emmett,DEC,
2020-06-20,Belal Muhammad,Lyman Good,Belal Muhammad,DEC,
2020-06-27,Kay Hansen,Jinh Yu Frey,Kay Hansen,SUB,
2020-06-27,Sean Woodson,Julian Erosa,Julian Erosa,SUB,
2020-06-27,Jordan Griffin,Youssef Zalal,Youssef Zalal,DEC,
2020-06-27,Brendan Allen,Kyle Daukaus,Brendan Allen,DEC,
2020-06-27,Takashi Sato,Jason Witt,Takashi Sato,KO/TKO,
2020-06-27,Mike Perry,Mickey Gall,Mike Perry,DEC,
2020-06-27,Dustin Poirier,Dan Hooker,Dustin Poirier,DEC,
2020-06-27,Philipe Lins,Tanner Boser,Tanner Boser,KO/TKO,
2020-06-27,Luis Pena,Khama Worthy,Khama Worthy,SUB,
2020-06-27,Gian Villante,Maurice Greene,Maurice Greene,SUB,
2020-07-03,Chelsea Chandler,Olivia Parker,Chelsea Chandler,,Invicta FC 40: Ducote vs. Lima
2020-07-11,Alexander Volkanovski,Max Holloway,Alexander Volkanovski,DEC,
2020-07-11,Raulian Paiva,Zhalgas Zhumagulov,Raulian Paiva,DEC,
2020-07-11,Amanda Ribas,Paige VanZant,Amanda Ribas,SUB,
2020-07-11,Volkan Oezdemir,Jiri Prochazka,Jiri Prochazka,KO/TKO,
2020-07-11,Elizeu Zaleski dos Santos,Muslim Salikhov,Muslim Salikhov,DEC,
2020-07-11,Jessica Andrade,Rose Namajunas,Rose Namajunas,DEC,
2020-07-11,Makwan Amirkhani,Danny Henry,Makwan Amirkhani,SUB,
2020-07-11,Leonardo Santos,Roman Bogatov,Leonardo Santos,DEC,
2020-07-11,Marcin Tybura,Maxim Grishin,Marcin Tybura,DEC,
2020-07-11,Petr Yan,Jose Aldo,Petr Yan,KO/TKO,
2020-07-11,Mateusz Gamrot,Norman Parke,Mateusz Gamrot,,KSW 53: Gamrot vs. Parke III
2020-07-11,Karol Rosa,Vanessa Melo,Karol Rosa,DEC,
2020-07-11,Kamaru Usman,Jorge Masvidal,Kamaru Usman,DEC,
2020-07-11,Martin Day,Davey Grant,Davey Grant,KO/TKO,
2020-07-15,Modestas Bukauskas,Andreas Michailidis,Modestas Bukauskas,KO/TKO,
2020-07-15,Diana Belbita,Liana Jojua,Liana Jojua,SUB,
2020-07-15,John Phillips,Khamzat Chimaev,Khamzat Chimaev,SUB,
2020-07-15,Abdul Razak Alhassan,Mounir Lazzez,Mounir Lazzez,DEC,
2020-07-15,Jack Shore,Aaron Phillips,Jack Shore,SUB,
2020-07-15,Jared Gordon,Chris Fishgold,Jared Gordon,DEC,
2020-07-15,Calvin Kattar,Dan Ige,Calvin Kattar,DEC,
2020-07-15,Molly McCann,Taila Santos,Taila Santos,DEC,
2020-07-15,Jimmie Rivera,Cody Stamann,Jimmie Rivera,DEC,
2020-07-15,Tim Elliott,Ryan Benoit,Tim Elliott,DEC,
2020-07-15,Ricardo Ramos,Lerone Murphy,Lerone Murphy,KO/TKO,
2020-07-18,Roman Dolidze,Khadis Ibragimov,Roman Dolidze,KO/TKO,
2020-07-18,Davi Ramos,Arman Tsarukyan,Arman Tsarukyan,DEC,
2020-07-18,Alexandre Pantoja,Askar Askarov,Askar Askarov,DEC,
2020-07-18,Marc Diakiese,Rafael Fiziev,Rafael Fiziev,DEC,
2020-07-18,Joe Duffy,Joel Álvarez,Joel Álvarez,SUB,
2020-07-18,Carlos Felipe,Serghei Spivac,Serghei Spivac,DEC,
2020-07-18,Malcolm Gordon,Amir Albazi,Amir Albazi,SUB,
2020-07-18,Grant Dawson,Nad Narimani,Grant Dawson,DEC,
2020-07-18,Deiveson Figueiredo,Joseph Benavidez,Deiveson Figueiredo,SUB,
2020-07-18,Brett Johns,Montel Jackson,Brett Johns,DEC,
2020-07-18,Ariane da Silva,Luana Carolina,Ariane da Silva,SUB,
2020-07-18,Vanessa Demopoulos,Sam Hughes,Vanessa Demopoulos,,LFA 85: Hughes vs. Demopoulous
2020-07-18,Jack Hermansson,Kelvin Gastelum,Jack Hermansson,SUB,
2020-07-23,Muhammad Naimov,Josh Augustine,Muhammad Naimov,,Titan FC 62: Gooden vs. McCown
2020-07-25,Carla Esparza,Marina Rodriguez,Carla Esparza,DEC,
2020-07-25,Khamzat Chimaev,Rhys McKee,Khamzat Chimaev,KO/TKO,
2020-07-25,Francisco Trinaldo,Jai Herbert,Francisco Trinaldo,KO/TKO,
2020-07-25,Fabricio Werdum,Alexander Gustafsson,Fabricio Werdum,SUB,
2020-07-25,Tom Aspinall,Jake Collier,Tom Aspinall,KO/TKO,
2020-07-25,Movsar Evloev,Mike Grundy,Movsar Evloev,DEC,
2020-07-25,Tanner Boser,Raphael Pessoa,Tanner Boser,KO/TKO,
2020-07-25,Nathaniel Wood,John Castaneda,Nathaniel Wood,DEC,
2020-07-25,Robert Whittaker,Darren Till,Robert Whittaker,DEC,
2020-07-25,Aaron Pico,Solo Hatley Jr.,Aaron Pico,,Bellator 242: Bandejas vs. Pettis
2020-07-25,Alex Oliveira,Peter Sobotta,Alex Oliveira,DEC,
2020-07-25,Paul Craig,Gadzhimurad Antigulov,Paul Craig,SUB,
2020-07-25,Mauricio Rua,Rogerio Nogueira,Mauricio Rua,DEC,
2020-07-25,Bethe Correia,Pannie Kianzad,Pannie Kianzad,DEC,
2020-07-25,Ramazan Emeev,Niklas Stolze,Ramazan Emeev,DEC,
2020-07-26,Valesca Machado,Karen Thalita,Valesca Machado,,Shooto Brazil: Solidariedade
2020-07-31,Erin Blanchfield,Brogan Walker,Erin Blanchfield,,Invicta FC 41: Morandin vs. Ruiz
2020-07-31,Manon Fiorot,Corinne Laframboise,Manon Fiorot,,UAE Warriors 12
2020-08-01,Jamall Emmers,Vince Cachero,Jamall Emmers,DEC,
2020-08-01,Johnny Munoz,Nate Maness,Nate Maness,DEC,
2020-08-01,Joanne Wood,Jennifer Maia,Jennifer Maia,SUB,
2020-08-01,Vicente Luque,Randy Brown,Vicente Luque,KO/TKO,
2020-08-01,Frankie Saenz,Jonathan Martinez,Jonathan Martinez,KO/TKO,
2020-08-01,Derek Brunson,Edmen Shahbazyan,Derek Brunson,KO/TKO,
2020-08-01,Lando Vannata,King Green,King Green,DEC,
2020-08-01,Joaquin Buckley,Jackie Gosh,Joaquin Buckley,,LFA 87: Logan vs. Rosales
2020-08-08,Kevin Holland,Joaquin Buckley,Kevin Holland,KO/TKO,
2020-08-08,Derrick Lewis,Aleksei Oleinik,Derrick Lewis,KO/TKO,
2020-08-08,Yana Santos,Julija Stoliarenko,Yana Santos,DEC,
2020-08-08,Tim Means,Laureano Staropoli,Tim Means,DEC,
2020-08-08,Maki Pitolo,Darren Stewart,Darren Stewart,SUB,
2020-08-08,Beneil Dariush,Scott Holtzman,Beneil Dariush,KO/TKO,
2020-08-08,Nasrat Haqparast,Alexander Munoz,Nasrat Haqparast,DEC,
2020-08-08,Youssef Zalal,Peter Barrett,Youssef Zalal,DEC,
2020-08-08,Andrew Sanchez,Wellington Turman,Andrew Sanchez,KO/TKO,
2020-08-08,Omari Akhmedov,Chris Weidman,Chris Weidman,DEC,
2020-08-08,Gavin Tucker,Justin Jaynes,Gavin Tucker,SUB,
2020-08-08,Irwin Rivera,Ali AlQaisi,Irwin Rivera,DEC,
2020-08-10,Kai Asakura,Hiromasa Ougikubo,Kai Asakura,,Rizin FF: Rizin Fighting Federation 23
2020-08-12,Cory McKenna,Vanessa Demopoulos,Cory McKenna,,
2020-08-12,Dustin Stoltzfus,Joe Pyfer,Dustin Stoltzfus,,
2020-08-13,Elise Reed,Jasmine Jasudavicius,Elise Reed,,Cage Fury Fighting Championships 83
2020-08-15,Felipe Lima,Farbod Iran Nezhad,Felipe Lima,,Brave CF 39
2020-08-15,Sean O'Malley,Marlon Vera,Marlon Vera,KO/TKO,
2020-08-15,Junior Dos Santos,Jairzinho Rozenstruik,Jairzinho Rozenstruik,KO/TKO,
2020-08-15,Felice Herrig,Virna Jandiroba,Virna Jandiroba,SUB,
2020-08-15,Kai Kamaka III,Tony Kelley,Kai Kamaka III,DEC,
2020-08-15,Chris Daukaus,Parker Porter,Chris Daukaus,KO/TKO,
2020-08-15,Stipe Miocic,Daniel Cormier,Stipe Miocic,DEC,
2020-08-15,Ashley Yoder,Livinha Souza,Livinha Souza,DEC,
2020-08-15,Herbert Burns,Daniel Pineda,Daniel Pineda,KO/TKO,
2020-08-15,Jim Miller,Vinc Pichel,Vinc Pichel,DEC,
2020-08-15,TJ Brown,Danny Chavez,Danny Chavez,DEC,
2020-08-15,John Dodson,Merab Dvalishvili,Merab Dvalishvili,DEC,
2020-08-21,Rongzhu,Jiaqiang Han,Rongzhu,,WLF: W.A.R.S. 46
2020-08-21,Xiao Long,Li Yunfeng,Xiao Long,,
2020-08-22,Carlton Minus,Matthew Semelsberger,Matthew Semelsberger,DEC,
2020-08-22,Amanda Lemos,Mizuki,Amanda Lemos,DEC,
2020-08-22,Marcin Prachnio,Mike Rodriguez,Mike Rodriguez,KO/TKO,
2020-08-22,Robert Bryczek,Jacek Jedraszczyk,Robert Bryczek,,FEN: Fight Exclusive Night 29
2020-08-22,Ike Villanueva,Jordan Wright,Jordan Wright,KO/TKO,
2020-08-22,Austin Hubbard,Joe Solecki,Joe Solecki,SUB,
2020-08-22,Mariya Agapova,Shana Dobson,Shana Dobson,KO/TKO,
2020-08-22,Daniel Rodriguez,Dwight Grant,Daniel Rodriguez,KO/TKO,
2020-08-22,Pedro Munhoz,Frankie Edgar,Frankie Edgar,DEC,
2020-08-23,Diego Dias,Lucas Fernando,Diego Dias,,
2020-08-23,Luis Felipe Dias,Vanilto Antunes,Luis Felipe Dias,,Shooto Brazil: Shooto Brazil 100
2020-08-28,Ryan Kuse,Earnest Walls,Ryan Kuse,,
2020-08-29,Sean Brady,Christian Aguilera,Sean Brady,SUB,
2020-08-29,Anthony Smith,Aleksandar Rakic,Aleksandar Rakic,DEC,
2020-08-29,Mallory Martin,Hannah Cifers,Mallory Martin,SUB,
2020-08-29,Mateusz Gamrot,Marian Ziółkowski,Mateusz Gamrot,,KSW 54: Gamrot vs. Ziolkowski
2020-08-29,Ricardo Lamas,Bill Algeo,Ricardo Lamas,DEC,
2020-08-29,Robbie Lawler,Neil Magny,Neil Magny,DEC,
2020-08-29,Maki Pitolo,Impa Kasanganay,Impa Kasanganay,DEC,
2020-08-29,Alex Caceres,Austin Springer,Alex Caceres,SUB,
2020-08-29,Ji Yeon Kim,Alexa Grasso,Alexa Grasso,DEC,
2020-08-29,Polyana Viana,Emily Whitmire,Polyana Viana,SUB,
2020-08-29,Alessio Di Chirico,Zak Cummings,Zak Cummings,DEC,
2020-09-04,Jesus Aguilar,Édgar Cháirez,Jesus Aguilar,,UWC Mexico 23: Supremacy
2020-09-05,Andre Muniz,Bartosz Fabinski,Andre Muniz,SUB,
2020-09-05,Alistair Overeem,Augusto Sakai,Alistair Overeem,KO/TKO,
2020-09-05,Ismail Naurdiev,Tymoteusz Łopaczyk,Ismail Naurdiev,,EMC 5: Elite MMA Championship 5
2020-09-05,Ovince Saint Preux,Alonzo Menifield,Ovince Saint Preux,KO/TKO,
2020-09-05,Viviane Araujo,Montana De La Rosa,Viviane Araujo,DEC,
2020-09-05,Ignacio Bahamondes,Chris Brown,Ignacio Bahamondes,,LFA 90: Lazishvili vs. Steele
2020-09-05,Michel Pereira,Zelim Imadaev,Michel Pereira,SUB,
2020-09-05,Alden Coria,Calvin Harbaugh,Alden Coria,,LFA 90: Lazishvili vs. Steele
2020-09-05,Cole Smith,Hunter Azure,Hunter Azure,DEC,
2020-09-05,Brian Kelleher,Ray Rodriguez,Brian Kelleher,SUB,
2020-09-11,Chidi Njokuani,Cristhian Torres,Chidi Njokuani,,LFA 91: Njokuani vs. Torres
2020-09-12,Ding Meng,Apaer Aerdake,Ding Meng,,JCK: Jue Cheng King Night Qualifier 8
2020-09-12,Michelle Waterson-Gomez,Angela Hill,Michelle Waterson-Gomez,DEC,
2020-09-12,King Green,Alan Patrick,King Green,DEC,
2020-09-12,Billy Quarantillo,Kyle Nelson,Billy Quarantillo,KO/TKO,
2020-09-12,Alexandr Romanov,Roque Martinez,Alexandr Romanov,SUB,
2020-09-12,Sabina Mazo,Justine Kish,Sabina Mazo,SUB,
2020-09-12,Julia Avila,Sijara Eubanks,Sijara Eubanks,DEC,
2020-09-12,Brok Weaver,Jalin Turner,Jalin Turner,SUB,
2020-09-12,Bryan Barberena,Anthony Ivy,Bryan Barberena,DEC,
2020-09-12,Ottman Azaitar,Khama Worthy,Ottman Azaitar,KO/TKO,
2020-09-12,Ed Herman,Mike Rodriguez,Ed Herman,SUB,
2020-09-12,Roxanne Modafferi,Andrea Lee,Roxanne Modafferi,DEC,
2020-09-16,Jordan Williams,Gregory Rodrigues,Jordan Williams,,
2020-09-16,Collin Anglin,Muhammad Naimov,Collin Anglin,,
2020-09-18,Antonio Rodriguez,Gianni Vazquez,Antonio Rodriguez,,Lux Fight League: Lux 10
2020-09-19,Jessica-Rose Clark,Sarah Alpar,Jessica-Rose Clark,KO/TKO,
2020-09-19,Colby Covington,Tyron Woodley,Colby Covington,KO/TKO,
2020-09-19,Kevin Holland,Darren Stewart,Kevin Holland,DEC,
2020-09-19,Journey Newson,Randy Costa,Randy Costa,KO/TKO,
2020-09-19,Tyson Nam,Jerome Rivera,Tyson Nam,KO/TKO,
2020-09-19,Mayra Bueno Silva,Mara Romero Borella,Mayra Bueno Silva,SUB,
2020-09-19,Khamzat Chimaev,Gerald Meerschaert,Khamzat Chimaev,KO/TKO,
2020-09-19,Mirsad Bektic,Damon Jackson,Damon Jackson,SUB,
2020-09-19,Darrick Minner,TJ Laramie,Darrick Minner,SUB,
2020-09-19,Jordan Espinosa,David Dvorak,David Dvorak,DEC,
2020-09-19,Johnny Walker,Ryan Spann,Johnny Walker,KO/TKO,
2020-09-19,Mackenzie Dern,Randa Markos,Mackenzie Dern,SUB,
2020-09-19,Andre Ewell,Irwin Rivera,Andre Ewell,DEC,
2020-09-25,Rongzhu,Shayilan Nuerdanbieke,Rongzhu,,WLF: W.A.R.S. 47
2020-09-25,Ian Machado Garry,George McManus,Ian Machado Garry,,Cage Warriors 115
2020-09-25,Manon Fiorot,Naomi Tataroglu,Manon Fiorot,,UAE Warriors 13
2020-09-25,Casey O'Neill,Christina Stelliou,Casey O'Neill,,UAE Warriors 13
2020-09-26,Kai Kara-France,Brandon Royval,Brandon Royval,SUB,
2020-09-26,Brad Riddell,Alex Da Silva,Brad Riddell,DEC,
2020-09-26,Shane Young,Ludovit Klein,Ludovit Klein,KO/TKO,
2020-09-26,Israel Adesanya,Paulo Costa,Israel Adesanya,KO/TKO,
2020-09-26,Diego Sanchez,Jake Matthews,Jake Matthews,DEC,
2020-09-26,Mason Jones,Adam Proctor,Mason Jones,,Cage Warriors 116
2020-09-26,Dominick Reyes,Jan Blachowicz,Jan Blachowicz,KO/TKO,
2020-09-26,Khadis Ibragimov,Danilo Marques,Danilo Marques,DEC,
2020-09-26,Juan Espino,Jeff Hughes,Juan Espino,SUB,
2020-09-26,Oumar Sy,Mehdi Matajev,Oumar Sy,,GMC Fight Night: Grabinski vs. Stoimenov
2020-09-26,Hakeem Dawodu,Zubaira Tukhugov,Hakeem Dawodu,DEC,
2020-09-26,William Knight,Aleksa Camur,William Knight,DEC,
2020-09-26,Ketlen Vieira,Sijara Eubanks,Ketlen Vieira,DEC,
2020-09-26,Christian Leroy Duncan,Kyle McClurkin,Christian Leroy Duncan,,Cage Warriors 116
2020-09-27,Kai Asakura,Shoji Maruyama,Kai Asakura,,Rizin FF: Rizin Fighting Federation 24
2020-10-03,Casey Kenney,Alatengheili,Casey Kenney,DEC,
2020-10-03,Tresean Gore,Christian Echols,Tresean Gore,,Alabama Fighting Championship 5: Five On it
2020-10-03,Kyler Phillips,Cameron Else,Kyler Phillips,KO/TKO,
2020-10-03,Robert Bryczek,Virgiliu Frasineac,Robert Bryczek,,FEN 30: Lotos Fight Night 3
2020-10-03,Trevor Peek,Stephen Wilhite,,Draw,Alabama Fighting Championship 5: Five On it
2020-10-03,Holly Holm,Irene Aldana,Holly Holm,DEC,
2020-10-03,Carlos Condit,Court McGee,Carlos Condit,DEC,
2020-10-03,Yorgan De Castro,Carlos Felipe,Carlos Felipe,DEC,
2020-10-03,Loma Lookboonmee,Jinh Yu Frey,Loma Lookboonmee,DEC,
2020-10-03,Cam Rowston,Eli Taufuiaevalu,Cam Rowston,,Shuriken Fight Series 8
2020-10-03,Dequan Townsend,Duško Todorović,Duško Todorović,KO/TKO,
2020-10-03,Luigi Vendramini,Jessin Ayari,Luigi Vendramini,KO/TKO,
2020-10-03,Charles Jourdain,Josh Culibao,,Draw,
2020-10-03,Germaine de Randamie,Julianna Pena,Germaine de Randamie,SUB,
2020-10-03,Jordan Williams,Nassourdine Imavov,Nassourdine Imavov,DEC,
2020-10-10,Ben Rothwell,Marcin Tybura,Marcin Tybura,DEC,
2020-10-10,Alexia Thainara,Karina Ribeiro,Alexia Thainara,,
2020-10-10,Impa Kasanganay,Joaquin Buckley,Joaquin Buckley,KO/TKO,
2020-10-10,Edson Barboza,Makwan Amirkhani,Edson Barboza,DEC,
2020-10-10,Tom Breese,KB Bhullar,Tom Breese,KO/TKO,
2020-10-10,Chris Daukaus,Rodrigo Nascimento,Chris Daukaus,KO/TKO,
2020-10-10,Michael Page,Ross Houston,Michael Page,,Bellator 248: Kongo vs. Johnson 2
2020-10-10,Youssef Zalal,Ilia Topuria,Ilia Topuria,DEC,
2020-10-10,Giga Chikadze,Omar Morales,Giga Chikadze,DEC,
2020-10-10,Markus Perez,Dricus Du Plessis,Dricus Du Plessis,KO/TKO,
2020-10-10,Tracy Cortez,Stephanie Egger,Tracy Cortez,DEC,
2020-10-10,Bruno Silva,Tagir Ulanbekov,Tagir Ulanbekov,DEC,
2020-10-10,Ali AlQaisi,Tony Kelley,Tony Kelley,DEC,
2020-10-10,Tom Aspinall,Alan Baudot,Tom Aspinall,KO/TKO,
2020-10-10,Ding Meng,Zeyihang Zhou,Ding Meng,,
2020-10-10,Marlon Moraes,Cory Sandhagen,Cory Sandhagen,KO/TKO,
2020-10-16,Mandel Nallo,Saad Awad,,Draw,Bellator 249: Cyborg vs. Blencowe
2020-10-16,Gabriel Santos,Elves Brener,Gabriel Santos,,Future FC 12: Future Fighting Championships 12
2020-10-16,Christian Edwards,Hamza Salim,Christian Edwards,,Bellator 249: Cyborg vs. Blencowe
2020-10-17,Claudio Silva,James Krause,James Krause,DEC,
2020-10-17,Gillian Robertson,Poliana Botelho,Gillian Robertson,DEC,
2020-10-17,Said Nurmagomedov,Mark Striegl,Said Nurmagomedov,KO/TKO,
2020-10-17,Mateusz Gamrot,Guram Kutateladze,Guram Kutateladze,DEC,
2020-10-17,JunYong Park,John Phillips,JunYong Park,DEC,
2020-10-17,Thomas Almeida,Jonathan Martinez,Jonathan Martinez,DEC,
2020-10-17,Brian Ortega,Chan Sung Jung,Brian Ortega,DEC,
2020-10-17,Lerryan Douglas,Emerson Rios,Lerryan Douglas,,
2020-10-17,Jimmy Crute,Modestas Bukauskas,Jimmy Crute,KO/TKO,
2020-10-17,Katlyn Cerminara,Jessica Andrade,Jessica Andrade,KO/TKO,
2020-10-17,Jamie Mullarkey,Farés Ziam,Farés Ziam,DEC,
2020-10-17,Gadzhimurad Antigulov,Maxim Grishin,Maxim Grishin,KO/TKO,
2020-10-24,Lauren Murphy,Liliya Shakirova,Lauren Murphy,SUB,
2020-10-24,Shamil Gaziev,Denis Gvozdev,Shamil Gaziev,,Belarusian Fighting Championship 63
2020-10-24,Stefan Struve,Tai Tuivasa,Tai Tuivasa,KO/TKO,
2020-10-24,Magomed Ankalaev,Ion Cutelaba,Magomed Ankalaev,KO/TKO,
2020-10-24,Jacob Malkoun,Phil Hawes,Phil Hawes,KO/TKO,
2020-10-24,Liana Jojua,Miranda Maverick,Miranda Maverick,KO/TKO,
2020-10-24,Alex Oliveira,Shavkat Rakhmonov,Shavkat Rakhmonov,SUB,
2020-10-24,Nathaniel Wood,Casey Kenney,Casey Kenney,DEC,
2020-10-24,Joel Álvarez,Alexander Yakovlev,Joel Álvarez,SUB,
2020-10-24,Alexander Volkov,Walt Harris,Alexander Volkov,KO/TKO,
2020-10-24,Robert Whittaker,Jared Cannonier,Robert Whittaker,DEC,
2020-10-24,Khabib Nurmagomedov,Justin Gaethje,Khabib Nurmagomedov,SUB,
2020-10-31,King Green,Thiago Moises,Thiago Moises,DEC,
2020-10-31,Uriah Hall,Anderson Silva,Uriah Hall,KO/TKO,
2020-10-31,Kevin Holland,Charlie Ontiveros,Kevin Holland,SUB,
2020-10-31,Jingnan Xiong,Tiffany Teo,Jingnan Xiong,,
2020-10-31,Loopy Godinez,Vanessa Demopoulos,Loopy Godinez,,LFA 94: Demopoulos vs. Godinez
2020-10-31,Reinier de Ridder,Aung La N Sang,Reinier de Ridder,,
2020-10-31,Sean Strickland,Jack Marshman,Sean Strickland,DEC,
2020-10-31,Ozzy Diaz,Logan Woods,Ozzy Diaz,,LFA 94: Demopoulos vs. Godinez
2020-10-31,Cole Williams,Jason Witt,Jason Witt,SUB,
2020-10-31,Adrian Yanez,Victor Rodriguez,Adrian Yanez,KO/TKO,
2020-10-31,Chris Gruetzemacher,Alexander Hernandez,Alexander Hernandez,KO/TKO,
2020-10-31,Julia Polastri,Jessica Cunha,Julia Polastri,,Standout Fighting Tournament 22: Serafim vs. Mara
2020-10-31,Dustin Jacoby,Justin Ledet,Dustin Jacoby,KO/TKO,
2020-10-31,Xiao Long,Shanati Shamaiti,Xiao Long,,WLF: W.A.R.S. 48
2020-10-31,Maurice Greene,Greg Hardy,Greg Hardy,KO/TKO,
2020-10-31,Miles Johns,Kevin Natividad,Miles Johns,KO/TKO,
2020-10-31,Bryce Mitchell,Andre Fili,Bryce Mitchell,DEC,
2020-11-05,Ignacio Bahamondes,Edson Gomez,Ignacio Bahamondes,,
2020-11-07,Alexandr Romanov,Marcos Rogerio de Lima,Alexandr Romanov,SUB,
2020-11-07,Darren Elkins,Eduardo Garagorri,Darren Elkins,SUB,
2020-11-07,Raoni Barcelos,Khalid Taha,Raoni Barcelos,DEC,
2020-11-07,Gustavo Lopez,Anthony Birchak,Gustavo Lopez,SUB,
2020-11-07,Ding Meng,Yuhe Zhang,Ding Meng,,
2020-11-07,Thiago Santos,Glover Teixeira,Glover Teixeira,SUB,
2020-11-07,Claudia Gadelha,Yan Xiaonan,Yan Xiaonan,DEC,
2020-11-07,Max Griffin,Ramiz Brahimaj,Max Griffin,KO/TKO,
2020-11-07,Giga Chikadze,Jamey Simmons,Giga Chikadze,KO/TKO,
2020-11-07,Andrei Arlovski,Tanner Boser,Andrei Arlovski,DEC,
2020-11-07,Trevin Giles,Bevon Lewis,Trevin Giles,KO/TKO,
2020-11-08,Mairon Santos,Andre Borges,Mairon Santos,,Shooto Brazil: Shooto Brazil 103
2020-11-13,Patricio Pitbull,Pedro Carvalho,Patricio Pitbull,,Bellator 252: Pitbull vs. Carvalho
2020-11-13,Aaron Pico,John de Jesus,Aaron Pico,,Bellator 252: Pitbull vs. Carvalho
2020-11-13,Yazmin Jauregui,Annely Jimenez Garcia,Yazmin Jauregui,,UWC Mexico 24: Friday the 13th
2020-11-14,Don'Tale Mayes,Roque Martinez,Don'Tale Mayes,DEC,
2020-11-14,Paul Felder,Rafael Dos Anjos,Rafael Dos Anjos,DEC,
2020-11-14,Manoel Sousa,Estabili Amato,Manoel Sousa,,Standout Fighting Tournament 24: Cabecao vs. Jacare
2020-11-14,Randa Markos,Kanako Murata,Kanako Murata,DEC,
2020-11-14,Ashley Yoder,Miranda Granger,Ashley Yoder,DEC,
2020-11-14,Alex Morono,Rhys McKee,Alex Morono,DEC,
2020-11-14,Abdul Razak Alhassan,Khaos Williams,Khaos Williams,KO/TKO,
2020-11-14,Geraldo de Freitas,Tony Gravely,Tony Gravely,DEC,
2020-11-14,Kay Hansen,Cory McKenna,Cory McKenna,DEC,
2020-11-14,Brendan Allen,Sean Strickland,Sean Strickland,KO/TKO,
2020-11-21,Valentina Shevchenko,Jennifer Maia,Valentina Shevchenko,DEC,
2020-11-21,Mike Perry,Tim Means,Tim Means,DEC,
2020-11-21,Ryan Kuse,Micaias Ureña,Ryan Kuse,,
2020-11-21,Katlyn Cerminara,Cynthia Calvillo,Katlyn Cerminara,DEC,
2020-11-21,Kyle Daukaus,Dustin Stoltzfus,Kyle Daukaus,DEC,
2020-11-21,Joaquin Buckley,Jordan Wright,Joaquin Buckley,KO/TKO,
2020-11-21,Alan Jouban,Jared Gooden,Alan Jouban,DEC,
2020-11-21,Juliana Miller,Kendal Holowell,Juliana Miller,,
2020-11-21,Mauricio Rua,Paul Craig,Paul Craig,KO/TKO,
2020-11-21,Antonina Shevchenko,Ariane da Silva,Antonina Shevchenko,KO/TKO,
2020-11-21,Daniel Rodriguez,Nicolas Dalby,Nicolas Dalby,DEC,
2020-11-21,Louis Cosce,Sasha Palatnikov,Sasha Palatnikov,KO/TKO,
2020-11-21,Deiveson Figueiredo,Alex Perez,Deiveson Figueiredo,SUB,
2020-11-21,Brandon Moreno,Brandon Royval,Brandon Moreno,KO/TKO,
2020-11-27,Manon Fiorot,Gabriela Campo,Manon Fiorot,,UAE Warriors 14
2020-11-28,Gina Mazany,Rachael Ostovich,Gina Mazany,KO/TKO,
2020-11-28,Sumudaerji,Malcolm Gordon,Sumudaerji,KO/TKO,
2020-11-28,Jonathan Pearce,Kai Kamaka III,Jonathan Pearce,KO/TKO,
2020-11-28,Spike Carlyle,Bill Algeo,Bill Algeo,DEC,
2020-11-28,Martin Day,Anderson Dos Santos,Anderson Dos Santos,SUB,
2020-11-28,Ding Meng,Qi Wang,Ding Meng,,
2020-11-28,Anthony Smith,Devin Clark,Anthony Smith,SUB,
2020-11-28,Luke Sanders,Nate Maness,Nate Maness,SUB,
2020-11-28,Miguel Baeza,Takashi Sato,Miguel Baeza,SUB,
2020-11-28,Josh Parisian,Parker Porter,Parker Porter,DEC,
2020-11-28,Ashlee Evans-Smith,Norma Dumont,Norma Dumont,DEC,
2020-11-29,Vitor Petrino,Willian Telles,Vitor Petrino,,Adventure Fighters Tournament - AFT 25
2020-12-03,Marcio Barbosa,Wellington Nunes,Marcio Barbosa,,
2020-12-04,Diyar Nurgozhay,Sergey Baryshev,Diyar Nurgozhay,,
2020-12-05,Ilia Topuria,Damon Jackson,Ilia Topuria,KO/TKO,
2020-12-05,Ovince Saint Preux,Jamahal Hill,Jamahal Hill,KO/TKO,
2020-12-05,Jack Hermansson,Marvin Vettori,Marvin Vettori,DEC,
2020-12-05,Louis Smolka,Jose Quinonez,Louis Smolka,KO/TKO,
2020-12-05,Gabriel Benitez,Justin Jaynes,Gabriel Benitez,KO/TKO,
2020-12-05,Roman Dolidze,John Allan,Roman Dolidze,DEC,
2020-12-05,Matt Wiman,Jordan Leavitt,Jordan Leavitt,KO/TKO,
2020-12-05,Gian Villante,Jake Collier,Jake Collier,DEC,
2020-12-10,Esteban Ribovics,Javier Basurto,Esteban Ribovics,,FFC 44: Basurto vs. Ribovics
2020-12-10,Rodrigo Vera,Carlos Ciappino,Rodrigo Vera,,FFC 44: Basurto vs. Ribovics
2020-12-11,Billy Ray Goff,Robson Gracie Jr.,Billy Ray Goff,,
2020-12-12,Morgan Charrière,Perry Goodwin,Morgan Charrière,,CW 119: Cage Warriors 119
2020-12-12,Junior Dos Santos,Ciryl Gane,Ciryl Gane,KO/TKO,
2020-12-12,Chase Hooper,Peter Barrett,Chase Hooper,SUB,
2020-12-12,Renato Moicano,Rafael Fiziev,Rafael Fiziev,KO/TKO,
2020-12-12,Tecia Pennington,Sam Hughes,Tecia Pennington,KO/TKO,
2020-12-12,Ian Machado Garry,Lawrence Jordan Tracy,Ian Machado Garry,,Cage Warriors 119
2020-12-12,Mackenzie Dern,Virna Jandiroba,Mackenzie Dern,DEC,
2020-12-12,Kevin Holland,Jacare Souza,Kevin Holland,KO/TKO,
2020-12-12,Gauge Young,Shea Conley,Gauge Young,,
2020-12-12,Gavin Tucker,Billy Quarantillo,Gavin Tucker,DEC,
2020-12-12,Tony Ferguson,Charles Oliveira,Charles Oliveira,DEC,
2020-12-12,Cub Swanson,Daniel Pineda,Cub Swanson,KO/TKO,
2020-12-12,Shamil Gaziev,Artur Bunkov,Shamil Gaziev,,MMA Series 22: Fighting Championship Pankration
2020-12-12,Christian Leroy Duncan,Lukasz Marcinkowski,Christian Leroy Duncan,,Cage Warriors 119
2020-12-13,Brandon Moreno,Deiveson Figueiredo,,Draw,
2020-12-18,Elise Reed,Jillian DeCoursey,Elise Reed,,Cage Fury Fighting Championships 91
2020-12-18,Timmy Cuamba,Joshua Francis,Timmy Cuamba,,Cage Fury Fighting Championships 90
2020-12-18,Mike Malott,Solomon Renfro,Mike Malott,,Cage Fury Fighting Championships 91
2020-12-19,Anthony Pettis,Alex Morono,Anthony Pettis,DEC,
2020-12-19,Marlon Moraes,Rob Font,Rob Font,KO/TKO,
2020-12-19,Marcin Tybura,Greg Hardy,Marcin Tybura,KO/TKO,
2020-12-19,Stephen Thompson,Geoff Neal,Stephen Thompson,DEC,
2020-12-19,Michel Pereira,Khaos Williams,Michel Pereira,DEC,
2020-12-19,Khalid Satuev,Myktybek Orolbai,Khalid Satuev,,ACA YE 15: ACA Young Eagles
2020-12-19,Christos Giagos,Carlton Minus,Christos Giagos,DEC,
2020-12-19,Jimmy Flick,Cody Durden,Jimmy Flick,SUB,
2020-12-19,Jose Aldo,Marlon Vera,Jose Aldo,DEC,
2020-12-19,Tafon Nchukwi,Jamie Pickett,Tafon Nchukwi,DEC,
2020-12-19,Gillian Robertson,Taila Santos,Taila Santos,DEC,
2020-12-19,Sijara Eubanks,Pannie Kianzad,Pannie Kianzad,DEC,
2020-12-19,Ding Meng,Xiangxu Qi,Ding Meng,,
2020-12-19,Deron Winn,Antonio Arroyo,Deron Winn,DEC,
2020-12-19,Abus Magomedov,Cezary Kesik,Abus Magomedov,,KSW 57: De Fries vs. Kita
2020-12-20,Rizvan Kuniev,Vladimir Dayneko,Rizvan Kuniev,,Eagle Fighting Championship 31
2020-12-24,Nurullo Aliev,Alexander Grebnev,Nurullo Aliev,,AMC - Fight Nights Global: Winter Cup
2020-12-30,Oumar Sy,Daniel Skvor,Oumar Sy,,OKTAGON 20: Vémola vs. Lohoré
2020-12-31,Kyoji Horiguchi,Kai Asakura,Kyoji Horiguchi,,Rizin FF: Rizin Fighting Federation 26
2021-01-10,Nursulton Ruziboev,Maksym Soroka,Nursulton Ruziboev,,WFCA: Andijan Mayor Cup
2021-01-14,Xiao Long,Haitao Ti,Xiao Long,,
2021-01-14,Rongzhu,Deliya Bi,Rongzhu,,WLF: W.A.R.S. 50
2021-01-15,Avliyohon Hamidov,Louis Jourdain,Avliyohon Hamidov,,UAE Warriors 15
2021-01-16,David Zawada,Ramazan Emeev,Ramazan Emeev,DEC,
2021-01-16,Carlos Condit,Matt Brown,Carlos Condit,DEC,
2021-01-16,Joaquin Buckley,Alessio Di Chirico,Alessio Di Chirico,KO/TKO,
2021-01-16,Max Holloway,Calvin Kattar,Max Holloway,DEC,
2021-01-16,Sarah Moras,Vanessa Melo,Vanessa Melo,DEC,
2021-01-16,Wu Yanan,Joselyne Edwards,Joselyne Edwards,DEC,
2021-01-16,Carlos Felipe,Justin Tafa,Carlos Felipe,DEC,
2021-01-16,Jacob Kilburn,Austin Lingo,Austin Lingo,DEC,
2021-01-16,Santiago Ponzinibbio,Li Jingliang,Li Jingliang,KO/TKO,
2021-01-16,Punahele Soriano,Duško Todorović,Punahele Soriano,KO/TKO,
2021-01-20,Sumudaerji,Zarrukh Adashev,Sumudaerji,DEC,
2021-01-20,Omari Akhmedov,Tom Breese,Omari Akhmedov,SUB,
2021-01-20,Francisco Figueiredo,Jerome Rivera,Francisco Figueiredo,DEC,
2021-01-20,Ike Villanueva,Vinicius Moreira,Ike Villanueva,KO/TKO,
2021-01-20,Matt Schnell,Tyson Nam,Matt Schnell,DEC,
2021-01-20,Umar Nurmagomedov,Sergey Morozov,Umar Nurmagomedov,SUB,
2021-01-20,Ricky Simon,Gaetano Pirrello,Ricky Simon,SUB,
2021-01-20,Michael Chiesa,Neil Magny,Michael Chiesa,DEC,
2021-01-20,Warlley Alves,Mounir Lazzez,Warlley Alves,KO/TKO,
2021-01-20,Lerone Murphy,Douglas Silva de Andrade,Lerone Murphy,DEC,
2021-01-20,Mike Davis,Mason Jones,Mike Davis,DEC,
2021-01-20,Dalcha Lungiambula,Markus Perez,Dalcha Lungiambula,DEC,
2021-01-20,Victoria Leonardo,Manon Fiorot,Manon Fiorot,KO/TKO,
2021-01-20,Roxanne Modafferi,Viviane Araujo,Viviane Araujo,DEC,
2021-01-22,Karolina Sobek,Klaudia Syguła,Karolina Sobek,,AFN 9: Armia Fight Night
2021-01-22,Yousri Belgaroui,Badreddine Diani,Yousri Belgaroui,,UAE Warriors 16
2021-01-23,Julianna Pena,Sara McMann,Julianna Pena,SUB,
2021-01-23,Andrew Sanchez,Makhmud Muradov,Makhmud Muradov,KO/TKO,
2021-01-23,Amir Albazi,Zhalgas Zhumagulov,Amir Albazi,DEC,
2021-01-23,Dustin Poirier,Conor McGregor,Dustin Poirier,KO/TKO,
2021-01-23,Dan Hooker,Michael Chandler,Michael Chandler,KO/TKO,
2021-01-23,Marina Rodriguez,Amanda Ribas,Marina Rodriguez,KO/TKO,
2021-01-23,Nik Lentz,Movsar Evloev,Movsar Evloev,DEC,
2021-01-23,Khalil Rountree Jr.,Marcin Prachnio,Marcin Prachnio,DEC,
2021-01-23,Arman Tsarukyan,Matt Frevola,Arman Tsarukyan,DEC,
2021-01-23,Jessica Eye,Joanne Wood,Joanne Wood,DEC,
2021-01-23,Kuerbanjiang Tuluosibake,Ding Meng,Kuerbanjiang Tuluosibake,,
2021-01-23,Brad Tavares,Antonio Carlos Junior,Brad Tavares,DEC,
2021-01-30,Daniel Torres,Salahdine Parnasse,Daniel Torres,,KSW 58: Parnasse vs. Torres
2021-02-06,Michael Johnson,Clay Guida,Clay Guida,DEC,
2021-02-06,Devonte Smith,Justin Jaynes,Devonte Smith,KO/TKO,
2021-02-06,Alistair Overeem,Alexander Volkov,Alexander Volkov,KO/TKO,
2021-02-06,Molly McCann,Lara Procopio,Lara Procopio,DEC,
2021-02-06,Timur Valiev,Martin Day,Timur Valiev,DEC,
2021-02-06,Cory Sandhagen,Frankie Edgar,Cory Sandhagen,KO/TKO,
2021-02-06,Karol Rosa,Joselyne Edwards,Karol Rosa,DEC,
2021-02-06,Mike Rodriguez,Danilo Marques,Danilo Marques,SUB,
2021-02-06,Alexandre Pantoja,Manel Kape,Alexandre Pantoja,DEC,
2021-02-06,Diego Ferreira,Beneil Dariush,Beneil Dariush,DEC,
2021-02-06,SeungWoo Choi,Youssef Zalal,SeungWoo Choi,DEC,
2021-02-06,Ode Osbourne,Jerome Rivera,Ode Osbourne,KO/TKO,
2021-02-13,Evelyn Martins,Melissa Croden,Evelyn Martins,,Titan FC 67: Sabatello vs. Blackshear
2021-02-13,Rodolfo Vieira,Anthony Hernandez,Anthony Hernandez,SUB,
2021-02-13,Kelvin Gastelum,Ian Heinisch,Kelvin Gastelum,DEC,
2021-02-13,Maycee Barber,Alexa Grasso,Alexa Grasso,DEC,
2021-02-13,Polyana Viana,Mallory Martin,Polyana Viana,SUB,
2021-02-13,Cody Brundage,Joe Kropschot,Cody Brundage,,LFA 99: Dennis vs. Cherant
2021-02-13,Kamaru Usman,Gilbert Burns,Kamaru Usman,KO/TKO,
2021-02-13,Ricky Simon,Brian Kelleher,Ricky Simon,DEC,
2021-02-13,Olivier Murad,Muhammad Naimov,Olivier Murad,,Titan FC 67: Sabatello vs. Blackshear
2021-02-13,Gabe Green,Phil Rowe,Gabe Green,DEC,
2021-02-13,Belal Muhammad,Dhiego Lima,Belal Muhammad,DEC,
2021-02-13,Maki Pitolo,Julian Marquez,Julian Marquez,SUB,
2021-02-13,Andre Ewell,Chris Gutierrez,Chris Gutierrez,DEC,
2021-02-14,Pablo Torrealba,Quillan Salkilld,Pablo Torrealba,,
2021-02-20,Trevor Peek,Darnell Truett,Trevor Peek,,AFC 6: Alabama Fighting Championship
2021-02-20,Eddie Wineland,John Castaneda,John Castaneda,KO/TKO,
2021-02-20,Charles Rosa,Darrick Minner,Darrick Minner,DEC,
2021-02-20,Shana Dobson,Casey O'Neill,Casey O'Neill,KO/TKO,
2021-02-20,Charles Johnson,Karlee Pangilinan,Charles Johnson,,LFA 100: Altamirano vs. Smith
2021-02-20,Nate Landwehr,Julian Erosa,Julian Erosa,KO/TKO,
2021-02-20,Mairon Santos,Paulo Roberto Aquiles,Mairon Santos,,Showtime Fights 4
2021-02-20,Jared Gordon,Danny Chavez,Jared Gordon,DEC,
2021-02-20,Curtis Blaydes,Derrick Lewis,Derrick Lewis,KO/TKO,
2021-02-20,Phil Hawes,Nassourdine Imavov,Phil Hawes,DEC,
2021-02-20,Aiemann Zahabi,Drako Rodriguez,Aiemann Zahabi,KO/TKO,
2021-02-20,Nursulton Ruziboev,Bogdan Kotlovyanov,Nursulton Ruziboev,,Open Fighting Championship 2
2021-02-20,Aleksei Oleinik,Chris Daukaus,Chris Daukaus,KO/TKO,
2021-02-20,Ketlen Vieira,Yana Santos,Yana Santos,DEC,
2021-02-20,Serghei Spivac,Jared Vanderaa,Serghei Spivac,KO/TKO,
2021-02-20,Andrei Arlovski,Tom Aspinall,Tom Aspinall,SUB,
2021-02-21,Vitor Petrino,Fabio Gois,Vitor Petrino,,Adventure Fighters Tournament: AFT 26
2021-02-21,Rei Tsuruya,Tatsuki Okano,Rei Tsuruya,,Deep: 100 Impact
2021-02-27,Jairzinho Rozenstruik,Ciryl Gane,Ciryl Gane,DEC,
2021-02-27,Nikita Krylov,Magomed Ankalaev,Magomed Ankalaev,DEC,
2021-02-27,Alexis Davis,Sabina Mazo,Alexis Davis,DEC,
2021-02-27,Vince Cachero,Ronnie Lawrence,Ronnie Lawrence,KO/TKO,
2021-02-27,Shamil Gaziev,Vladislav Kozlovskiy,Shamil Gaziev,,Belarusian Fighting Championship 66
2021-02-27,Richie Miranda,Jordan Timbal,Richie Miranda,,
2021-02-27,Dustin Jacoby,Maxim Grishin,Dustin Jacoby,DEC,
2021-02-27,Alex Caceres,Kevin Croom,Alex Caceres,DEC,
2021-02-27,Alexander Hernandez,Thiago Moises,Thiago Moises,DEC,
2021-02-27,Pedro Munhoz,Jimmie Rivera,Pedro Munhoz,DEC,
2021-03-05,Josiah Harrell,Carlos Garnett Jr.,Josiah Harrell,,OCL: Ohio Combat League 10
2021-03-06,Dominick Cruz,Casey Kenney,Dominick Cruz,DEC,
2021-03-06,Livinha Souza,Amanda Lemos,Amanda Lemos,KO/TKO,
2021-03-06,Petr Yan,Aljamain Sterling,Aljamain Sterling,DQ,
2021-03-06,Islam Makhachev,Drew Dober,Islam Makhachev,SUB,
2021-03-06,Song Yadong,Kyler Phillips,Kyler Phillips,DEC,
2021-03-06,Tim Elliott,Jordan Espinosa,Tim Elliott,DEC,
2021-03-06,Jan Blachowicz,Israel Adesanya,Jan Blachowicz,DEC,
2021-03-06,Uroš Medić,Aalon Cruz,Uroš Medić,KO/TKO,
2021-03-06,Felipe Lima,Fernando Flores,Felipe Lima,,Fight Club Rush 8
2021-03-06,Sean Brady,Jake Matthews,Sean Brady,SUB,
2021-03-06,Kennedy Nzechukwu,Carlos Ulberg,Kennedy Nzechukwu,KO/TKO,
2021-03-06,Thiago Santos,Aleksandar Rakic,Aleksandar Rakic,DEC,
2021-03-06,Joseph Benavidez,Askar Askarov,Askar Askarov,DEC,
2021-03-06,Mario Bautista,Trevin Jones,Trevin Jones,KO/TKO,
2021-03-06,Amanda Nunes,Megan Anderson,Amanda Nunes,SUB,
2021-03-06,Rogerio Bontorin,Kai Kara-France,Kai Kara-France,KO/TKO,
2021-03-11,Nursulton Ruziboev,Ibrahima Mane,Nursulton Ruziboev,,Brave CF 47
2021-03-13,Alden Coria,Rashaad Robinson,Alden Coria,,LFA 101: The Undefeated
2021-03-13,Jasmine Jasudavicius,Ashley Deen,Jasmine Jasudavicius,,CFFC 93: Huckbody vs. Jeffery
2021-03-13,Gloria de Paula,Jinh Yu Frey,Jinh Yu Frey,DEC,
2021-03-13,Nasrat Haqparast,Rafa Garcia,Nasrat Haqparast,DEC,
2021-03-13,Matthew Semelsberger,Jason Witt,Matthew Semelsberger,KO/TKO,
2021-03-13,Cortney Casey,JJ Aldrich,JJ Aldrich,DEC,
2021-03-13,Manel Kape,Matheus Nicolau,Matheus Nicolau,DEC,
2021-03-13,Jonathan Martinez,Davey Grant,Davey Grant,KO/TKO,
2021-03-13,Rani Yahya,Ray Rodriguez,Rani Yahya,SUB,
2021-03-13,Misha Cirkunov,Ryan Spann,Ryan Spann,KO/TKO,
2021-03-13,Charles Jourdain,Marcelo Rojo,Charles Jourdain,KO/TKO,
2021-03-13,Denise Gomes,Juliana Nascimento,Denise Gomes,,O Rei da Luta 3: Betao vs Rudney
2021-03-13,Dan Ige,Gavin Tucker,Dan Ige,KO/TKO,
2021-03-13,Angela Hill,Ashley Yoder,Angela Hill,DEC,
2021-03-13,Steven Koslow,Anthony Retic,Steven Koslow,,Combat Night Pro 20
2021-03-13,Pavel Andrusca,Bogdan Nelu,Pavel Andrusca,,Eagles FC: Reset
2021-03-18,Azat Maksum,Michael Aljarouj,Azat Maksum,,Brave CF 48: Arabian Nights
2021-03-18,Christian Leroy Duncan,Will Currie,Christian Leroy Duncan,,Cage Warriors 120
2021-03-19,Ian Machado Garry,Rostem Akman,Ian Machado Garry,,Cage Warriors 121
2021-03-19,Yousri Belgaroui,Sallah Dekhissi,Yousri Belgaroui,,UAE Warriors 17
2021-03-19,Jack Jenkins,Jesse Medina,Jack Jenkins,,
2021-03-20,Derek Brunson,Kevin Holland,Derek Brunson,DEC,
2021-03-20,Adrian Yanez,Gustavo Lopez,Adrian Yanez,KO/TKO,
2021-03-20,Jordan Vucenic,Morgan Charrière,Jordan Vucenic,,CW 122: Cage Warriors 122
2021-03-20,Trevin Giles,Roman Dolidze,Trevin Giles,DEC,
2021-03-20,Marion Reneau,Macy Chiasson,Macy Chiasson,DEC,
2021-03-20,Gregory Rodrigues,Al Matavao,Gregory Rodrigues,,LFA 102: Johns vs. Souza
2021-03-20,Bruno Silva,JP Buys,Bruno Silva,KO/TKO,
2021-03-20,Tai Tuivasa,Harry Hunsucker,Tai Tuivasa,KO/TKO,
2021-03-20,Cheyanne Vlismas,Montserrat Conejo Ruiz,Montserrat Conejo Ruiz,DEC,
2021-03-20,Song Kenan,Max Griffin,Max Griffin,KO/TKO,
2021-03-20,Leonardo Santos,Grant Dawson,Grant Dawson,KO/TKO,
2021-03-20,Montel Jackson,Jesse Strader,Montel Jackson,KO/TKO,
2021-03-25,Axel Sola,Kuitty Begaj,Axel Sola,,Brave CF 49
2021-03-25,Francesco Nuzzi,Bernardo Sopaj,Francesco Nuzzi,,Brave CF 49
2021-03-26,Ryan Kuse,Damian Attie,Ryan Kuse,,
2021-03-27,Jamie Mullarkey,Khama Worthy,Jamie Mullarkey,KO/TKO,
2021-03-27,Marc-Andre Barriault,Abu Azaitar,Marc-Andre Barriault,KO/TKO,
2021-03-27,Stipe Miocic,Francis Ngannou,Francis Ngannou,KO/TKO,
2021-03-27,Jared Gooden,Abubakar Nurmagomedov,Abubakar Nurmagomedov,DEC,
2021-03-27,Sean O'Malley,Thomas Almeida,Sean O'Malley,KO/TKO,
2021-03-27,Alonzo Menifield,Fabio Cherant,Alonzo Menifield,SUB,
2021-03-27,Tyron Woodley,Vicente Luque,Vicente Luque,SUB,
2021-03-27,Shane Young,Omar Morales,Omar Morales,DEC,
2021-03-27,Modestas Bukauskas,Michal Oleksiejczuk,Michal Oleksiejczuk,DEC,
2021-03-27,Vanessa Demopoulos,Cynthia Arceo,Vanessa Demopoulos,,LFA 103: Carlyle vs. Dagvadorj
2021-03-27,Gillian Robertson,Miranda Maverick,Miranda Maverick,DEC,
2021-03-27,Gigi Canuto,Amanda Lovato,Gigi Canuto,,
2021-04-01,Jarrah Al-Silawi,Ismail Naurdiev,Jarrah Al-Silawi,,Brave CF 50
2021-04-01,Timmy Cuamba,Frank Wells,Timmy Cuamba,,Cage Fury Fighting Championships 94
2021-04-02,Patricio Pitbull,Emmanuel Sanchez,Patricio Pitbull,,Bellator 255: Pitbull vs. Sanchez 2
2021-04-02,Mandel Nallo,Ricardo Seixas,Mandel Nallo,,Bellator 255: Pitbull vs. Sanchez 2
2021-04-03,Shamil Gaziev,Alexey Druzhinin,Shamil Gaziev,,MMA Series 29: World Cup
2021-04-08,Ramazan Temirov,Shodavlat Sultonmurodov,Ramazan Temirov,,Kokand Mayor Cup
2021-04-09,Gianni Vazquez,David Martinez,Gianni Vazquez,,Combate Global: Chairez vs. Monterroso
2021-04-09,Édgar Cháirez,Mefi Monterroso,Édgar Cháirez,,Combate Global: Chairez vs. Monterroso
2021-04-10,Impa Kasanganay,Sasha Palatnikov,Impa Kasanganay,SUB,
2021-04-10,Jim Miller,Joe Solecki,Joe Solecki,DEC,
2021-04-10,Yorgan De Castro,Jarjis Danho,Jarjis Danho,KO/TKO,
2021-04-10,Mike Perry,Daniel Rodriguez,Daniel Rodriguez,DEC,
2021-04-10,Nina Nunes,Mackenzie Dern,Mackenzie Dern,SUB,
2021-04-10,Da Woon Jung,William Knight,Da Woon Jung,DEC,
2021-04-10,Marvin Vettori,Kevin Holland,Marvin Vettori,DEC,
2021-04-10,Hunter Azure,Jack Shore,Jack Shore,DEC,
2021-04-10,Sam Alvey,Julian Marquez,Julian Marquez,SUB,
2021-04-10,Scott Holtzman,Mateusz Gamrot,Mateusz Gamrot,KO/TKO,
2021-04-10,Mick Parkin,Jan Lysak,Mick Parkin,,Caged Steel Fighting Championship 25
2021-04-10,Luis Saldana,Jordan Griffin,Luis Saldana,DEC,
2021-04-10,John Makdessi,Ignacio Bahamondes,John Makdessi,DEC,
2021-04-10,Arnold Allen,Sodiq Yusuff,Arnold Allen,DEC,
2021-04-12,Ilimbek Akylbek Uulu,Shokhrukh Nozirov,Ilimbek Akylbek Uulu,,Falco FC: Duysheev vs. Kasymov
2021-04-17,Alexandr Romanov,Juan Espino,Alexandr Romanov,DEC,
2021-04-17,Joel Bauman,Julien LeBlanc,Joel Bauman,,LFA 104: McKenzie vs. Phillips
2021-04-17,Austin Hubbard,Dakota Bush,Austin Hubbard,DEC,
2021-04-17,Robert Whittaker,Kelvin Gastelum,Robert Whittaker,DEC,
2021-04-17,Bartosz Fabinski,Gerald Meerschaert,Gerald Meerschaert,SUB,
2021-04-17,Tracy Cortez,Justine Kish,Tracy Cortez,DEC,
2021-04-17,Luis Pena,Alexander Munoz,Luis Pena,DEC,
2021-04-17,Andrei Arlovski,Chase Sherman,Andrei Arlovski,DEC,
2021-04-17,Jessica Penne,Loopy Godinez,Jessica Penne,DEC,
2021-04-17,Abdul Razak Alhassan,Jacob Malkoun,Jacob Malkoun,DEC,
2021-04-17,Tony Gravely,Anthony Birchak,Tony Gravely,KO/TKO,
2021-04-24,Aoriqileng,Jeff Molina,Jeff Molina,DEC,
2021-04-24,Anthony Smith,Jimmy Crute,Anthony Smith,KO/TKO,
2021-04-24,Kazula Vargas,Rongzhu,Kazula Vargas,DEC,
2021-04-24,Kamaru Usman,Jorge Masvidal,Kamaru Usman,KO/TKO,
2021-04-24,Liang Na,Ariane Carnelossi,Ariane Carnelossi,KO/TKO,
2021-04-24,Dwight Grant,Stefan Sekulic,Dwight Grant,DEC,
2021-04-24,Pat Sabatini,Tristan Connelly,Pat Sabatini,DEC,
2021-04-24,Valentina Shevchenko,Jessica Andrade,Valentina Shevchenko,KO/TKO,
2021-04-24,Batgerel Danaa,Kevin Natividad,Batgerel Danaa,KO/TKO,
2021-04-24,Karl Roberson,Brendan Allen,Brendan Allen,SUB,
2021-04-24,Alex Oliveira,Randy Brown,Randy Brown,SUB,
2021-04-24,Zhang Weili,Rose Namajunas,Rose Namajunas,KO/TKO,
2021-04-24,Uriah Hall,Chris Weidman,Uriah Hall,KO/TKO,
2021-04-29,Reinier de Ridder,Aung La N Sang,Reinier de Ridder,,
2021-05-01,Giga Chikadze,Cub Swanson,Giga Chikadze,KO/TKO,
2021-05-01,Jose Ochoa,Franklin Grifo,Jose Ochoa,,FFC 45: Ecuador
2021-05-01,Kaik Brito,Robert Bryczek,Kaik Brito,,OKTAGON 23: Knize vs. Fusi
2021-05-01,Kai Kamaka III,TJ Brown,TJ Brown,DEC,
2021-05-01,Poliana Botelho,Luana Carolina,Luana Carolina,DEC,
2021-05-01,Luke Sanders,Felipe Colares,Felipe Colares,DEC,
2021-05-01,Loma Lookboonmee,Sam Hughes,Loma Lookboonmee,DEC,
2021-05-01,Andreas Michailidis,KB Bhullar,Andreas Michailidis,DEC,
2021-05-01,Randa Markos,Luana Pinheiro,Luana Pinheiro,DQ,
2021-05-01,Merab Dvalishvili,Cody Stamann,Merab Dvalishvili,DEC,
2021-05-01,Sean Strickland,Krzysztof Jotko,Sean Strickland,DEC,
2021-05-01,Dominick Reyes,Jiri Prochazka,Jiri Prochazka,KO/TKO,
2021-05-07,Michael Page,Derek Anderson,Michael Page,,Bellator 258: Archuleta vs. Pettis
2021-05-08,JunYong Park,Tafon Nchukwi,JunYong Park,DEC,
2021-05-08,Christian Aguilera,Carlston Harris,Carlston Harris,SUB,
2021-05-08,Phil Hawes,Kyle Daukaus,Phil Hawes,DEC,
2021-05-08,Neil Magny,Geoff Neal,Neil Magny,DEC,
2021-05-08,Diego Ferreira,Gregor Gillespie,Gregor Gillespie,KO/TKO,
2021-05-08,Donald Cerrone,Alex Morono,Alex Morono,KO/TKO,
2021-05-08,Gauge Young,Chase Kuebler,Gauge Young,,
2021-05-08,Klaudia Syguła,Sylwia Maksym,Klaudia Syguła,,Armia Fight Night Special Edition
2021-05-08,Marina Rodriguez,Michelle Waterson-Gomez,Marina Rodriguez,DEC,
2021-05-08,Maurice Greene,Marcos Rogerio de Lima,Marcos Rogerio de Lima,DEC,
2021-05-08,Ludovit Klein,Michael Trizano,Michael Trizano,DEC,
2021-05-14,Ramiro Jimenez,Michael Rodriguez,Ramiro Jimenez,,Combate Global: Alday vs. Lopez
2021-05-15,Rinya Nakamura,Takumi Arai,Rinya Nakamura,,FD: Fighting Dreamers
2021-05-15,Andrea Lee,Antonina Shevchenko,Andrea Lee,SUB,
2021-05-15,Lando Vannata,Mike Grundy,Lando Vannata,DEC,
2021-05-15,Tony Ferguson,Beneil Dariush,Beneil Dariush,DEC,
2021-05-15,Ateba Gautier,Israel Mano,Ateba Gautier,,WSC: Africa MMA Open Championships
2021-05-15,Jacare Souza,Andre Muniz,Andre Muniz,SUB,
2021-05-15,Christos Giagos,Sean Soriano,Christos Giagos,SUB,
2021-05-15,Shane Burgos,Edson Barboza,Edson Barboza,KO/TKO,
2021-05-15,Charles Oliveira,Michael Chandler,Charles Oliveira,KO/TKO,
2021-05-15,Gina Mazany,Priscila Cachoeira,Priscila Cachoeira,KO/TKO,
2021-05-15,Katlyn Cerminara,Viviane Araujo,Katlyn Cerminara,DEC,
2021-05-15,Jordan Wright,Jamie Pickett,Jordan Wright,KO/TKO,
2021-05-15,Kevin Aguilar,Tucker Lutz,Tucker Lutz,DEC,
2021-05-16,Michael Aswell,Jordan Plutin,Michael Aswell,,Fury Fighting Championship 46
2021-05-22,Gregory Rodrigues,Josh Fremd,Gregory Rodrigues,,LFA 108: Fremd vs. Rodrigues
2021-05-22,Justin Tafa,Jared Vanderaa,Jared Vanderaa,DEC,
2021-05-22,Josh Culibao,Shayilan Nuerdanbieke,Josh Culibao,DEC,
2021-05-22,Jack Hermansson,Edmen Shahbazyan,Jack Hermansson,DEC,
2021-05-22,Yan Xiaonan,Carla Esparza,Carla Esparza,KO/TKO,
2021-05-22,Claire Guthrie,Juliana Miller,Claire Guthrie,,
2021-05-22,Ben Rothwell,Chris Barnett,Ben Rothwell,SUB,
2021-05-22,David Dvorak,Juancamilo Ronderos,David Dvorak,SUB,
2021-05-22,Rafael Alves,Damir Ismagulov,Damir Ismagulov,DEC,
2021-05-22,Bruno Silva,Victor Rodriguez,Bruno Silva,KO/TKO,
2021-05-22,Court McGee,Claudio Silva,Court McGee,DEC,
2021-05-22,Felicia Spencer,Norma Dumont,Norma Dumont,DEC,
2021-05-22,Rob Font,Cody Garbrandt,Rob Font,DEC,
2021-05-22,Ricardo Ramos,Bill Algeo,Ricardo Ramos,DEC,
2021-05-28,Ramazan Temirov,Satbek Esengeldin,Ramazan Temirov,,Octagon 19
2021-05-29,Elise Reed,Hilarie Rose,Elise Reed,,Cage Fury Fighting Championships 97
2021-05-29,David Martinez,Alex Gonzalez,David Martinez,,Combate Global: 2021 Bantamweight Tournament
2021-05-29,David Martinez,Alan Cantu Garcia,David Martinez,,Combate Global: 2021 Bantamweight Tournament
2021-05-29,David Martinez,Alejandro Gonzalez,David Martinez,,
2021-05-29,David Martinez,Francisco Rivera,David Martinez,,Combate Global: 2021 Bantamweight Tournament
2021-05-30,Losene Keita,Raymond Jarman,Losene Keita,,WFL MMA 5: The Ultimate Clash
2021-05-31,JooSang Yoo,Baek Ho Jang,JooSang Yoo,,AFC 16: Angel's Fighting Championship
2021-06-04,Ailin Perez,Geyse Yasmin,Ailin Perez,,NFC: Natal Fight Championship 19
2021-06-05,Duško Todorović,Gregory Rodrigues,Gregory Rodrigues,DEC,
2021-06-05,Manon Fiorot,Tabatha Ricci,Manon Fiorot,KO/TKO,
2021-06-05,Salahdine Parnasse,Filip Pejic,Salahdine Parnasse,,KSW 61: Pudzian vs. Juras
2021-06-05,Montana De La Rosa,Ariane da Silva,Montana De La Rosa,KO/TKO,
2021-06-05,Tanner Boser,Ilir Latifi,Ilir Latifi,DEC,
2021-06-05,Walt Harris,Marcin Tybura,Marcin Tybura,KO/TKO,
2021-06-05,Alexia Thainara,Rayanne dos Santos,Alexia Thainara,,
2021-06-05,Denise Gomes,Andreyna Raquel,Denise Gomes,,Arena Global: Arena Global 12
2021-06-05,Santiago Ponzinibbio,Miguel Baeza,Santiago Ponzinibbio,DEC,
2021-06-05,Claudio Puelles,Jordan Leavitt,Claudio Puelles,DEC,
2021-06-05,Jairzinho Rozenstruik,Augusto Sakai,Jairzinho Rozenstruik,KO/TKO,
2021-06-05,Sean Woodson,Youssef Zalal,Sean Woodson,DEC,
2021-06-05,Trevor Peek,Cris Mims,Trevor Peek,,AFC 7: Reunion
2021-06-05,Francisco Trinaldo,Muslim Salikhov,Muslim Salikhov,DEC,
2021-06-05,Roman Dolidze,Laureano Staropoli,Roman Dolidze,DEC,
2021-06-05,Makwan Amirkhani,Kamuela Kirk,Kamuela Kirk,DEC,
2021-06-11,Aaron Pico,Aiden Lee,Aaron Pico,,Bellator 260: Lima vs. Amasov
2021-06-12,Demian Maia,Belal Muhammad,Belal Muhammad,DEC,
2021-06-12,Drew Dober,Brad Riddell,Brad Riddell,DEC,
2021-06-12,Lauren Murphy,Joanne Wood,Lauren Murphy,DEC,
2021-06-12,Farés Ziam,Luigi Vendramini,Farés Ziam,DEC,
2021-06-12,Matt Frevola,Terrance McKinney,Terrance McKinney,KO/TKO,
2021-06-12,Paul Craig,Jamahal Hill,Paul Craig,KO/TKO,
2021-06-12,Carlos Felipe,Jake Collier,Carlos Felipe,DEC,
2021-06-12,Pannie Kianzad,Alexis Davis,Pannie Kianzad,DEC,
2021-06-12,Eryk Anders,Darren Stewart,Eryk Anders,DEC,
2021-06-12,Leon Edwards,Nate Diaz,Leon Edwards,DEC,
2021-06-12,Movsar Evloev,Hakeem Dawodu,Movsar Evloev,DEC,
2021-06-12,Israel Adesanya,Marvin Vettori,Israel Adesanya,DEC,
2021-06-12,Chase Hooper,Steven Peterson,Steven Peterson,DEC,
2021-06-12,Deiveson Figueiredo,Brandon Moreno,Brandon Moreno,SUB,
2021-06-12,Ilimbek Akylbek Uulu,Ali Sanuev,Ilimbek Akylbek Uulu,,WEF Selection 36
2021-06-13,Kai Asakura,Shooto Watanabe,Kai Asakura,,Rizin FF: Rizin Fighting Federation 28
2021-06-18,Diyar Nurgozhay,Sergio Souza,Diyar Nurgozhay,,Eagle FC 37
2021-06-19,Casey O'Neill,Lara Procopio,Casey O'Neill,SUB,
2021-06-19,Chan Sung Jung,Dan Ige,Chan Sung Jung,DEC,
2021-06-19,Matt Brown,Dhiego Lima,Matt Brown,KO/TKO,
2021-06-19,Aleksei Oleinik,Serghei Spivac,Serghei Spivac,DEC,
2021-06-19,Wellington Turman,Bruno Silva,Bruno Silva,KO/TKO,
2021-06-19,Marlon Vera,Davey Grant,Marlon Vera,DEC,
2021-06-19,Josh Parisian,Roque Martinez,Josh Parisian,DEC,
2021-06-19,Joaquim Silva,Ricky Glenn,Ricky Glenn,KO/TKO,
2021-06-19,Aleksa Camur,Nicolae Negumereanu,Nicolae Negumereanu,DEC,
2021-06-19,Kanako Murata,Virna Jandiroba,Virna Jandiroba,KO/TKO,
2021-06-19,Julian Erosa,SeungWoo Choi,SeungWoo Choi,KO/TKO,
2021-06-19,Khaos Williams,Matthew Semelsberger,Khaos Williams,DEC,
2021-06-20,MarQuel Mederos,Jonathon Moskowitz,MarQuel Mederos,,
2021-06-23,Daniil Donchenko,Makhail Kovalenko,Daniil Donchenko,,The Dice Team 1
2021-06-24,Christian Leroy Duncan,Will Currie,Christian Leroy Duncan,,Cage Warriors 123
2021-06-25,Christian Edwards,Simon Biyong,Christian Edwards,,Bellator 261: Johnson vs. Moldavsky
2021-06-26,Kennedy Nzechukwu,Danilo Marques,Kennedy Nzechukwu,KO/TKO,
2021-06-26,Tim Means,Nicolas Dalby,Tim Means,DEC,
2021-06-26,Ciryl Gane,Alexander Volkov,Ciryl Gane,DEC,
2021-06-26,Tanner Boser,Ovince Saint Preux,Tanner Boser,KO/TKO,
2021-06-26,Julia Avila,Julija Stoliarenko,Julia Avila,SUB,
2021-06-26,Warlley Alves,Jeremiah Wells,Jeremiah Wells,KO/TKO,
2021-06-26,Charles Rosa,Justin Jaynes,Charles Rosa,DEC,
2021-06-26,Yancy Medeiros,Damir Hadzovic,Damir Hadzovic,DEC,
2021-06-26,Raoni Barcelos,Timur Valiev,Timur Valiev,DEC,
2021-06-26,Ian Machado Garry,Jack Grant,Ian Machado Garry,,Cage Warriors 125
2021-06-26,Renato Moicano,Jai Herbert,Renato Moicano,SUB,
2021-06-26,Shavkat Rakhmonov,Michel Prazeres,Shavkat Rakhmonov,SUB,
2021-06-26,Marcin Prachnio,Ike Villanueva,Marcin Prachnio,KO/TKO,
2021-06-27,Jean Silva,Adriano Souza,Jean Silva,,Future FC: Road to Future 1
2021-06-27,Nick Klein,Dan Almario,Nick Klein,,Pure FC 19
2021-06-27,Eduardo Chapolin,Junior Assis,Eduardo Chapolin,,
2021-07-03,Ding Meng,Kewei Xu,Ding Meng,,
2021-07-03,Charles Johnson,Yuma Horiuchi,Charles Johnson,,LFA 110: Johnson vs. Horiuchi
2021-07-04,Rei Tsuruya,Ryo Araki,Rei Tsuruya,,Deep: 101 Impact
2021-07-04,Alexia Thainara,Giovanna Melo,Alexia Thainara,,
2021-07-07,Xiao Long,Jiarong Qi,Xiao Long,,
2021-07-10,Ryan Hall,Ilia Topuria,Ilia Topuria,KO/TKO,
2021-07-10,Gilbert Burns,Stephen Thompson,Gilbert Burns,DEC,
2021-07-10,Jacqueline Cavalcanti,Nora Cornolle,Jacqueline Cavalcanti,,FFAC: FFA Challenge 2
2021-07-10,Elves Brener,Adilson Ramos Silva,Elves Brener,,IF 6: Imperio Fight 6
2021-07-10,Trevin Giles,Dricus Du Plessis,Dricus Du Plessis,KO/TKO,
2021-07-10,Carlos Condit,Max Griffin,Max Griffin,DEC,
2021-07-10,Jennifer Maia,Jessica Eye,Jennifer Maia,DEC,
2021-07-10,Tai Tuivasa,Greg Hardy,Tai Tuivasa,KO/TKO,
2021-07-10,Irene Aldana,Yana Santos,Irene Aldana,KO/TKO,
2021-07-10,Niko Price,Michel Pereira,Michel Pereira,DEC,
2021-07-10,Lawrence Lui,Nick Thornton,Lawrence Lui,,
2021-07-10,Dustin Poirier,Conor McGregor,Dustin Poirier,KO/TKO,
2021-07-10,Billy Ray Goff,Sean Lally,Billy Ray Goff,,
2021-07-10,Sean O'Malley,Kris Moutinho,Sean O'Malley,KO/TKO,
2021-07-10,Omari Akhmedov,Brad Tavares,Brad Tavares,DEC,
2021-07-10,Zhalgas Zhumagulov,Jerome Rivera,Zhalgas Zhumagulov,SUB,
2021-07-10,Matthieu Letho Duclos,Lois Laurent,Matthieu Letho Duclos,,FFAC: FFA Challenge 2
2021-07-11,Marcio Barbosa,Ronaldo Junior,Marcio Barbosa,,
2021-07-15,Manoel Sousa,Brendo Bispo de Souza,Manoel Sousa,,SFT 27: Bispo vs Sousa
2021-07-16,Klaudia Syguła,Daria Regil,Klaudia Syguła,,Armia Fight Night 10
2021-07-17,Amanda Lemos,Montserrat Conejo Ruiz,Amanda Lemos,KO/TKO,
2021-07-17,Luann Sardinha,Kauê Fernandes,Luann Sardinha,,
2021-07-17,Rodolfo Bellato,Carlos Eduardo Souza Custodio,Rodolfo Bellato,,LFA 111: De Sa vs. Bonfim
2021-07-17,Rodolfo Vieira,Dustin Stoltzfus,Rodolfo Vieira,SUB,
2021-07-17,Rodrigo Vera,Mauricio Gomez Oquendo,Rodrigo Vera,,FFC 46: Gavidia vs. Mollinedo
2021-07-17,Jeremy Stephens,Mateusz Gamrot,Mateusz Gamrot,SUB,
2021-07-17,Marion Reneau,Miesha Tate,Miesha Tate,KO/TKO,
2021-07-17,Gabriel Benitez,Billy Quarantillo,Billy Quarantillo,KO/TKO,
2021-07-17,Islam Makhachev,Thiago Moises,Islam Makhachev,SUB,
2021-07-17,Daniel Rodriguez,Preston Parsons,Daniel Rodriguez,KO/TKO,
2021-07-17,Khalid Taha,Sergey Morozov,Sergey Morozov,DEC,
2021-07-17,Lucas Fernando,Joao Dantas,Lucas Fernando,,
2021-07-17,Francisco Figueiredo,Malcolm Gordon,Malcolm Gordon,DEC,
2021-07-18,Vitor Petrino,Caike Souza,Vitor Petrino,,Future FC: Road to Future 2
2021-07-19,Gabriel Bonfim,Brenner Alberth Barreto,Gabriel Bonfim,,LFA 112: Welterweight Grand Prix
2021-07-24,Mickey Gall,Jordan Williams,Mickey Gall,SUB,
2021-07-24,Diana Belbita,Hannah Goldy,Diana Belbita,DEC,
2021-07-24,Nassourdine Imavov,Ian Heinisch,Nassourdine Imavov,KO/TKO,
2021-07-24,Darren Elkins,Darrick Minner,Darren Elkins,KO/TKO,
2021-07-24,Julio Arce,Andre Ewell,Julio Arce,KO/TKO,
2021-07-24,Punahele Soriano,Brendan Allen,Brendan Allen,DEC,
2021-07-24,Cory Sandhagen,TJ Dillashaw,TJ Dillashaw,DEC,
2021-07-24,Alvaro Ucendo,Fabia Sintes,Alvaro Ucendo,,Hombres de Honor 106
2021-07-24,Sijara Eubanks,Elise Reed,Sijara Eubanks,KO/TKO,
2021-07-24,Kyler Phillips,Raulian Paiva,Raulian Paiva,DEC,
2021-07-24,Miranda Maverick,Maycee Barber,Maycee Barber,DEC,
2021-07-24,Adrian Yanez,Randy Costa,Adrian Yanez,KO/TKO,
2021-07-24,Josiah Harrell,Timmy Tyler,Josiah Harrell,,OCL: Ohio Combat League 14
2021-07-25,Yadier del Valle,Aric Mercado,Yadier del Valle,,Fury Fighting Championship 48
2021-07-25,Rinya Nakamura,Akuri Ronda,Rinya Nakamura,,Shooto: Professional Shooto 2021 Vol. 5
2021-07-26,Mehemmedeli Osmanli,Elnar Makhmudov,Mehemmedeli Osmanli,,WJF 13: World Jaguar Federation Series 13
2021-07-29,Shamil Gaziev,Murad Adyrbaev,Shamil Gaziev,,BFC Contender Series 7: Belarusian Fighting Championship
2021-07-31,Waldo Cortes Acosta,Edison Lopes,Waldo Cortes Acosta,,RUF MMA 42: Road to One: Summer Showdown
2021-07-31,Alden Coria,Donnie Ballou,Alden Coria,,LFA 113: Lewis vs. Petersen
2021-07-31,Chris Gruetzemacher,Rafa Garcia,Chris Gruetzemacher,DEC,
2021-07-31,Jinh Yu Frey,Ashley Yoder,Jinh Yu Frey,DEC,
2021-07-31,Djorden Santos,Rodolfo Andrade de Oliveira,Djorden Santos,,Sul Fluminense Fight Night 4
2021-07-31,Gigi Canuto,Kathy Solorzano,Gigi Canuto,,
2021-07-31,Uriah Hall,Sean Strickland,Sean Strickland,DEC,
2021-07-31,Niklas Stolze,Jared Gooden,Jared Gooden,KO/TKO,
2021-07-31,AJ McKee,Patricio Pitbull,AJ McKee,,Bellator 263: Pitbull vs. McKee
2021-07-31,Phil Rowe,Orion Cosce,Phil Rowe,KO/TKO,
2021-07-31,Cheyanne Vlismas,Gloria de Paula,Cheyanne Vlismas,KO/TKO,
2021-07-31,Collin Anglin,Melsik Baghdasaryan,Melsik Baghdasaryan,KO/TKO,
2021-07-31,Ryan Benoit,Zarrukh Adashev,Zarrukh Adashev,DEC,
2021-07-31,Bryan Barberena,Jason Witt,Jason Witt,DEC,
2021-08-01,Joseph Morales,Kevin Wirth,Joseph Morales,,CW 126: Cage Warriors 126
2021-08-01,Brunno Ferreira,Allan Da Silva Pena,Brunno Ferreira,,Future FC: Road to Future 3
2021-08-05,Denise Gomes,Andressa Romero,Denise Gomes,,Standout Fighting Tournament 28: Mexicano vs. Matsumoto
2021-08-06,Ryan Kuse,Amir Naser Kazemi,Ryan Kuse,,
2021-08-07,Devon Brock,Chris Padilla,Devon Brock,,Lights Out Xtreme Fighting 5
2021-08-07,Derrick Lewis,Ciryl Gane,Ciryl Gane,KO/TKO,
2021-08-07,Johnny Munoz,Jamey Simmons,Johnny Munoz,SUB,
2021-08-07,Alonzo Menifield,Ed Herman,Alonzo Menifield,DEC,
2021-08-07,Jose Aldo,Pedro Munhoz,Jose Aldo,DEC,
2021-08-07,King Green,Rafael Fiziev,Rafael Fiziev,DEC,
2021-08-07,Manel Kape,Ode Osbourne,Manel Kape,KO/TKO,
2021-08-07,Vince Morales,Drako Rodriguez,Vince Morales,DEC,
2021-08-07,Michael Chiesa,Vicente Luque,Vicente Luque,SUB,
2021-08-07,Louie Sutherland,Pavel Dalidko,Louie Sutherland,,AFC 18: Almighty Fighting Championship 18
2021-08-07,Tecia Pennington,Angela Hill,Tecia Pennington,DEC,
2021-08-07,Song Yadong,Casey Kenney,Song Yadong,DEC,
2021-08-07,Miles Johns,Anderson Dos Santos,Miles Johns,KO/TKO,
2021-08-07,Karolina Kowalkiewicz,Jessica Penne,Jessica Penne,SUB,
2021-08-07,Victoria Leonardo,Melissa Gatto,Melissa Gatto,KO/TKO,
2021-08-08,Jean Silva,Tiago Souza,Jean Silva,,Big Shot Fight 1: Floripa x Goiania
2021-08-10,Brady Hiestand,Vince Murdock,Brady Hiestand,,The Ultimate Fighter 29 Semifinal
2021-08-13,Yazmin Jauregui,Criszaida Adames,Yazmin Jauregui,,Combate Global: Last Latina Standing
2021-08-13,Yazmin Jauregui,Claire Lopez,Yazmin Jauregui,,Combate Global: Last Latina Standing
2021-08-13,Yazmin Jauregui,Stephanie Frausto,Yazmin Jauregui,,Combate Global: Last Latina Standing
2021-08-14,Myktybek Orolbai,Peyman Haciev,Myktybek Orolbai,,Open Fighting Championship 8
2021-08-14,Ravena Oliveira,Edjane Agostinho,Ravena Oliveira,,
2021-08-14,Djorden Santos,Daniel Chicao,Djorden Santos,,X1 Kombat 4
2021-08-14,Timmy Cuamba,James Lyons,Timmy Cuamba,,Cage Fury Fighting Championships 99
2021-08-15,Losene Keita,Bartosz Gorczyza,Losene Keita,,WFL MMA 6: Keita vs. Gorczyca
2021-08-17,Tresean Gore,Gilbert Urbina,Tresean Gore,,The Ultimate Fighter 29 Semifinal
2021-08-21,Sasha Palatnikov,Ramiz Brahimaj,Ramiz Brahimaj,SUB,
2021-08-21,Ailin Perez,Alessandra Tainara,Ailin Perez,,Samurai Fight House 1: Perez vs. Tainara
2021-08-21,William Knight,Fabio Cherant,William Knight,KO/TKO,
2021-08-21,Brian Kelleher,Domingo Pilarte,Brian Kelleher,DEC,
2021-08-21,Brunno Ferreira,Ewerton Polaquini,Brunno Ferreira,,Maktub Fight Pro
2021-08-21,Roosevelt Roberts,Ignacio Bahamondes,Ignacio Bahamondes,KO/TKO,
2021-08-21,Trevin Jones,Saidyokub Kakhramonov,Saidyokub Kakhramonov,SUB,
2021-08-21,Parker Porter,Chase Sherman,Parker Porter,DEC,
2021-08-21,Austin Lingo,Luis Saldana,Austin Lingo,DEC,
2021-08-21,Vinc Pichel,Austin Hubbard,Vinc Pichel,DEC,
2021-08-21,Bea Malecki,Josiane Nunes,Josiane Nunes,KO/TKO,
2021-08-21,Clay Guida,Mark Madsen,Mark Madsen,DEC,
2021-08-21,Alexandre Pantoja,Brandon Royval,Alexandre Pantoja,SUB,
2021-08-21,Jared Cannonier,Kelvin Gastelum,Jared Cannonier,DEC,
2021-08-26,Richie Miranda,Isaiah Culpepper,Richie Miranda,,
2021-08-28,Kevin Lee,Daniel Rodriguez,Daniel Rodriguez,DEC,
2021-08-28,Alessio Di Chirico,Abdul Razak Alhassan,Abdul Razak Alhassan,KO/TKO,
2021-08-28,Jamall Emmers,Pat Sabatini,Pat Sabatini,SUB,
2021-08-28,Dustin Jacoby,Darren Stewart,Dustin Jacoby,KO/TKO,
2021-08-28,Sam Alvey,Wellington Turman,Wellington Turman,DEC,
2021-08-28,Andre Petroski,Micheal Gillmore,Andre Petroski,KO/TKO,
2021-08-28,Ricky Turcios,Brady Hiestand,Ricky Turcios,DEC,
2021-08-28,Edson Barboza,Giga Chikadze,Giga Chikadze,KO/TKO,
2021-08-28,Bryan Battle,Gilbert Urbina,Bryan Battle,SUB,
2021-08-28,Mana Martinez,Guido Cannetti,Mana Martinez,DEC,
2021-08-28,Makhmud Muradov,Gerald Meerschaert,Gerald Meerschaert,SUB,
2021-08-28,Charles Johnson,Joao Camilo,Charles Johnson,,LFA 114: Souza vs. Garcia
2021-08-28,JJ Aldrich,Vanessa Demopoulos,JJ Aldrich,DEC,
2021-08-29,Waldo Cortes Acosta,Jordan Powell,Waldo Cortes Acosta,,RUF MMA 43: Road to One: The Quarterfinals
2021-09-01,Azamat Murzakanov,Matheus Scheffel,Azamat Murzakanov,,
2021-09-01,Joanderson Brito,Diego Lopes,Joanderson Brito,,
2021-09-03,Jingnan Xiong,Michelle Nicolini,Jingnan Xiong,,
2021-09-04,Modestas Bukauskas,Khalil Rountree Jr.,Khalil Rountree Jr.,KO/TKO,
2021-09-04,Julian Erosa,Charles Jourdain,Julian Erosa,SUB,
2021-09-04,Dalcha Lungiambula,Marc-Andre Barriault,Marc-Andre Barriault,DEC,
2021-09-04,Jimmy Vienot,Daniil Donchenko,Jimmy Vienot,,UAE Warriors 22
2021-09-04,Jack Shore,Liudvik Sholinian,Jack Shore,DEC,
2021-09-04,Vitor Petrino,Gadzhimurad Antigulov,Vitor Petrino,,UAE Warriors 22
2021-09-04,Paddy Pimblett,Luigi Vendramini,Paddy Pimblett,KO/TKO,
2021-09-04,Derek Brunson,Darren Till,Derek Brunson,SUB,
2021-09-04,Molly McCann,Ji Yeon Kim,Molly McCann,DEC,
2021-09-04,Tom Aspinall,Serghei Spivac,Tom Aspinall,KO/TKO,
2021-09-04,Alex Morono,David Zawada,Alex Morono,DEC,
2021-09-05,Michael Aswell,Zachariah Thorne,Michael Aswell,,Fury Fighting Championship 50
2021-09-08,Chidi Njokuani,Mario Sousa,Chidi Njokuani,,
2021-09-08,Chad Anheliger,Muin Gafurov,Chad Anheliger,,
2021-09-11,Trevor Peek,Ben Brewer,Trevor Peek,,AFC 8: All American Bash
2021-09-12,Nursulton Ruziboev,Alex de Paula,Nursulton Ruziboev,,Open Fighting Championship 10
2021-09-13,MarQuel Mederos,Chris Sherley-Rios,MarQuel Mederos,,
2021-09-15,Jasmine Jasudavicius,Julia Polastri,Jasmine Jasudavicius,,
2021-09-17,Nurullo Aliev,Kirill Kryukov,Nurullo Aliev,,EFC/AMC: Abdulmanap Nurmagomedov In Memory Tournament
2021-09-17,Muhammad Naimov,Andres Ponce,Muhammad Naimov,,Titan FC 72: Dias vs. Ibraimov
2021-09-17,Ilimbek Akylbek Uulu,Gani Adilserikov,Ilimbek Akylbek Uulu,,Octagon 23
2021-09-17,Ryan Kuse,Rob Fuller,Ryan Kuse,,
2021-09-18,Rongzhu,Brandon Jenkins,Rongzhu,KO/TKO,
2021-09-18,Ariane da Silva,Mandy Bohm,Ariane da Silva,DEC,
2021-09-18,Anthony Smith,Ryan Spann,Anthony Smith,SUB,
2021-09-18,Alatengheili,Gustavo Lopez,,Draw,
2021-09-18,Pannie Kianzad,Raquel Pennington,Raquel Pennington,DEC,
2021-09-18,Joaquin Buckley,Antonio Arroyo,Joaquin Buckley,KO/TKO,
2021-09-18,Sofia Montenegro,Paola Garay,Sofia Montenegro,,Invictus Deluxe Championship: Mena vs. Ibanez
2021-09-18,Emily Whitmire,Hannah Goldy,Hannah Goldy,SUB,
2021-09-18,Erin Blanchfield,Sarah Alpar,Erin Blanchfield,DEC,
2021-09-18,Impa Kasanganay,Carlston Harris,Carlston Harris,KO/TKO,
2021-09-18,Montel Jackson,JP Buys,Montel Jackson,DEC,
2021-09-18,Ion Cutelaba,Devin Clark,Ion Cutelaba,DEC,
2021-09-18,Mike Rodriguez,Tafon Nchukwi,Tafon Nchukwi,DEC,
2021-09-18,Arman Tsarukyan,Christos Giagos,Arman Tsarukyan,KO/TKO,
2021-09-18,Nate Maness,Tony Gravely,Nate Maness,KO/TKO,
2021-09-18,Ben Parrish,Christian Edwards,Ben Parrish,,Bellator 266: Davis vs. Romero
2021-09-19,Bruno Lopes,Marcelo Tenorio,Bruno Lopes,,
2021-09-19,Kai Asakura,Alan Yamaniha,Kai Asakura,,Rizin FF: Rizin Fighting Federation 30
2021-09-23,Sean Sharaf,Bruno Casillas,Sean Sharaf,,FCOC 65: Fight Club OC
2021-09-24,Shamil Gaziev,Grigoriy Ponomarev,Shamil Gaziev,,AMC: Fight Nights Global/Donskoy Ataman
2021-09-24,Ramazan Temirov,Daniel Conceição,Ramazan Temirov,,Future FC 13
2021-09-25,Dan Hooker,Nasrat Haqparast,Dan Hooker,DEC,
2021-09-25,Nick Diaz,Robbie Lawler,Robbie Lawler,KO/TKO,
2021-09-25,Curtis Blaydes,Jairzinho Rozenstruik,Curtis Blaydes,DEC,
2021-09-25,Ismail Naurdiev,Olli Santalahti,Ismail Naurdiev,,Brave CF 54
2021-09-25,Valentina Shevchenko,Lauren Murphy,Valentina Shevchenko,KO/TKO,
2021-09-25,Axel Sola,Wawryzniec Bartnik,Axel Sola,,Brave CF 54
2021-09-25,Jessica Andrade,Cynthia Calvillo,Jessica Andrade,KO/TKO,
2021-09-25,Uroš Medić,Jalin Turner,Jalin Turner,SUB,
2021-09-25,Marcio Barbosa,Gabriel Oliveira,Marcio Barbosa,,
2021-09-25,Shamil Abdurakhimov,Chris Daukaus,Chris Daukaus,KO/TKO,
2021-09-25,Alexander Volkanovski,Brian Ortega,Alexander Volkanovski,DEC,
2021-09-25,Roxanne Modafferi,Taila Santos,Taila Santos,DEC,
2021-09-25,Jonathan Pearce,Omar Morales,Jonathan Pearce,SUB,
2021-09-25,Matthew Semelsberger,Martin Sano,Matthew Semelsberger,KO/TKO,
2021-09-25,Marlon Moraes,Merab Dvalishvili,Merab Dvalishvili,KO/TKO,
2021-09-25,Nursulton Ruziboev,Alexander Dolotenko,Nursulton Ruziboev,,ATFC 3: Amir Temur Fighting Championship 3
2021-09-25,Cody Brundage,Nick Maximov,Nick Maximov,DEC,
2021-09-26,Mick Parkin,Szymon Szynkiewicz,Mick Parkin,,Olympus FC: Revival
2021-09-29,Rizvan Kuniev,Edivan Santos,Rizvan Kuniev,,
2021-10-01,Michael Page,Douglas Lima,Michael Page,,Bellator 267: Lima vs. MVP 2
2021-10-01,Paul Hughes,Morgan Charrière,Paul Hughes,,CW 128: Cage Warriors 128
2021-10-02,Ravena Oliveira,Sharolayne Almeida,Ravena Oliveira,,Piemont Fight 2
2021-10-02,Ivan Tena,Timmy Cuamba,Ivan Tena,,Combate Global: Morales vs. Sweeney
2021-10-02,Devonte Smith,Jamie Mullarkey,Jamie Mullarkey,KO/TKO,
2021-10-02,Misha Cirkunov,Krzysztof Jotko,Krzysztof Jotko,DEC,
2021-10-02,Thiago Santos,Johnny Walker,Thiago Santos,DEC,
2021-10-02,Antonina Shevchenko,Casey O'Neill,Casey O'Neill,KO/TKO,
2021-10-02,Joe Solecki,Jared Gordon,Jared Gordon,DEC,
2021-10-02,Alejandro Perez,Johnny Eduardo,Alejandro Perez,SUB,
2021-10-02,Bethe Correia,Karol Rosa,Karol Rosa,DEC,
2021-10-02,Mario Pinto,Joffie Houlton,Mario Pinto,,Contenders 31: Contenders London
2021-10-02,Douglas Silva de Andrade,Gaetano Pirrello,Douglas Silva de Andrade,KO/TKO,
2021-10-02,Stephanie Egger,Shanna Young,Stephanie Egger,KO/TKO,
2021-10-02,Ding Meng,Gongyi Zou,Ding Meng,,
2021-10-02,Alex Oliveira,Niko Price,Niko Price,DEC,
2021-10-02,Alexander Hernandez,Mike Breeden,Alexander Hernandez,KO/TKO,
2021-10-02,Kyle Daukaus,Kevin Holland,,Draw,
2021-10-06,Mike Malott,Shimon Smotritsky,Mike Malott,,
2021-10-09,Charles Rosa,Damon Jackson,Damon Jackson,DEC,
2021-10-09,Mackenzie Dern,Marina Rodriguez,Marina Rodriguez,DEC,
2021-10-09,Steve Garcia,Charlie Ontiveros,Steve Garcia,KO/TKO,
2021-10-09,Tim Elliott,Matheus Nicolau,Matheus Nicolau,DEC,
2021-10-09,Randy Brown,Jared Gooden,Randy Brown,DEC,
2021-10-09,Loopy Godinez,Silvana Gomez Juarez,Loopy Godinez,SUB,
2021-10-09,Alexandr Romanov,Jared Vanderaa,Alexandr Romanov,KO/TKO,
2021-10-09,Sabina Mazo,Mariya Agapova,Mariya Agapova,SUB,
2021-10-09,Gauge Young,Cliff Wright,Gauge Young,,
2021-10-09,Chris Gutierrez,Felipe Colares,Chris Gutierrez,DEC,
2021-10-15,JooSang Yoo,Jun Hee Jung,JooSang Yoo,,AFC 17: Angel's Fighting Championship
2021-10-16,Nate Landwehr,Ludovit Klein,Nate Landwehr,SUB,
2021-10-16,Manon Fiorot,Mayra Bueno Silva,Manon Fiorot,DEC,
2021-10-16,Istela Nunes,Ariane Carnelossi,Ariane Carnelossi,SUB,
2021-10-16,Jim Miller,Erick Gonzalez,Jim Miller,KO/TKO,
2021-10-16,Batgerel Danaa,Brandon Davis,Batgerel Danaa,KO/TKO,
2021-10-16,Andrei Arlovski,Carlos Felipe,Andrei Arlovski,DEC,
2021-10-16,Andrew Sanchez,Bruno Silva,Bruno Silva,KO/TKO,
2021-10-16,Loopy Godinez,Luana Carolina,Luana Carolina,DEC,
2021-10-16,Aspen Ladd,Norma Dumont,Norma Dumont,DEC,
2021-10-16,Danny Roberts,Ramazan Emeev,Danny Roberts,DEC,
2021-10-17,Richie Miranda,James Lynch,Richie Miranda,,
2021-10-17,Diyar Nurgozhay,Magomed Magomedov,Diyar Nurgozhay,,
2021-10-18,Joshua Van,Tony Esquivel,Joshua Van,,Fury Fighting Championship 52
2021-10-20,Piera Rodriguez,Valesca Machado,Piera Rodriguez,,
2021-10-22,James Gonzalez,Lerryan Douglas,James Gonzalez,,Ring of Combat 74
2021-10-22,Ramazan Temirov,Talgat Zhumagaliyev,Ramazan Temirov,,Muradov Professional League 1: Mirzamatov vs. Jankovic
2021-10-22,Melissa Amaya,Gisselle Garcia Villanueva,Melissa Amaya,,Combate Global: Romero Hernandez vs. Montanez
2021-10-23,Khama Worthy,Jai Herbert,Jai Herbert,KO/TKO,
2021-10-23,Nicolae Negumereanu,Ike Villanueva,Nicolae Negumereanu,KO/TKO,
2021-10-23,Oumar Sy,Adam Tomasik,Oumar Sy,,KSW 64: Przybysz vs. Santos
2021-10-23,Mansur Abdul-Malik,Cole Jordan,Mansur Abdul-Malik,,XMMA 3: Vice City
2021-10-23,Mason Jones,David Onama,Mason Jones,DEC,
2021-10-23,Paulo Costa,Marvin Vettori,Marvin Vettori,DEC,
2021-10-23,Francisco Trinaldo,Dwight Grant,Francisco Trinaldo,DEC,
2021-10-23,Wes Schultz,Victor Jones,Wes Schultz,,Pure FC 20 - Pure Fighting Championships 20
2021-10-23,Tabatha Ricci,Maria Oliveira,Tabatha Ricci,DEC,
2021-10-23,Livinha Souza,Randa Markos,Randa Markos,DEC,
2021-10-23,Rodrigo Vera,Juan Diaz,Rodrigo Vera,,FFC 47: Vera vs. Diaz
2021-10-23,Jeff Molina,Daniel Lacerda,Jeff Molina,KO/TKO,
2021-10-23,Jonathan Martinez,Zviad Lazishvili,Jonathan Martinez,DEC,
2021-10-23,Jamie Pickett,Laureano Staropoli,Jamie Pickett,DEC,
2021-10-23,Grant Dawson,Ricky Glenn,,Draw,
2021-10-23,JunYong Park,Gregory Rodrigues,Gregory Rodrigues,KO/TKO,
2021-10-23,Alex Caceres,SeungWoo Choi,Alex Caceres,SUB,
2021-10-23,Jessica-Rose Clark,Joselyne Edwards,Jessica-Rose Clark,DEC,
2021-10-23,Rei Tsuruya,Kenta Kubo,Rei Tsuruya,,Deep: 104 Impact
2021-10-27,Cristian Quinonez,Xiao Long,Cristian Quinonez,,
2021-10-30,Makwan Amirkhani,Lerone Murphy,Lerone Murphy,KO/TKO,
2021-10-30,Li Jingliang,Khamzat Chimaev,Khamzat Chimaev,SUB,
2021-10-30,Ding Meng,Wulan Muhemaitihali,Ding Meng,,
2021-10-30,Albert Duraev,Roman Kopylov,Albert Duraev,DEC,
2021-10-30,Jan Blachowicz,Glover Teixeira,Glover Teixeira,SUB,
2021-10-30,Tagir Ulanbekov,Allan Nascimento,Tagir Ulanbekov,DEC,
2021-10-30,Magomed Ankalaev,Volkan Oezdemir,Magomed Ankalaev,DEC,
2021-10-30,Elizeu Zaleski dos Santos,Benoit Saint-Denis,Elizeu Zaleski dos Santos,DEC,
2021-10-30,Islam Makhachev,Dan Hooker,Islam Makhachev,SUB,
2021-10-30,Alexander Volkov,Marcin Tybura,Alexander Volkov,DEC,
2021-10-30,Eduardo Chapolin,Tiago Santos,Eduardo Chapolin,,MF Fighters 6
2021-10-30,Petr Yan,Cory Sandhagen,Petr Yan,DEC,
2021-10-30,Hu Yaozong,Andre Petroski,Andre Petroski,SUB,
2021-10-30,Denise Gomes,Jeanne Ruas,Denise Gomes,,Standout Fighting Tournament 31: Moreira vs. Cardoso
2021-10-30,Ozzy Diaz,Moses Murrietta,Ozzy Diaz,,Lights Out Xtreme Fighting 6
2021-10-30,Ricardo Ramos,Zubaira Tukhugov,Zubaira Tukhugov,DEC,
2021-10-30,Quillan Salkilld,Nicko Flessas,Quillan Salkilld,,
2021-10-30,Amanda Ribas,Virna Jandiroba,Amanda Ribas,DEC,
2021-10-30,Shamil Gamzatov,Michal Oleksiejczuk,Michal Oleksiejczuk,KO/TKO,
2021-11-05,Klaudia Syguła,Zoya Litvinenko,Klaudia Syguła,,Armia Fight Night 11
2021-11-06,Dustin Jacoby,John Allan,Dustin Jacoby,DEC,
2021-11-06,Ian Machado Garry,Jordan Williams,Ian Machado Garry,KO/TKO,
2021-11-06,Tamires Vidal,Ailin Perez,Tamires Vidal,,Samurai Fight House 2: Perez vs. Vidal
2021-11-06,Alex Pereira,Andreas Michailidis,Alex Pereira,KO/TKO,
2021-11-06,Al Iaquinta,King Green,King Green,KO/TKO,
2021-11-06,Zdenek Polivka,Robert Bryczek,Zdenek Polivka,,OKTAGON Prime 4
2021-11-06,Melsik Baghdasaryan,Bruno Souza,Melsik Baghdasaryan,DEC,
2021-11-06,Gian Villante,Chris Barnett,Chris Barnett,KO/TKO,
2021-11-06,Steven Koslow,Marcelo Willian,Steven Koslow,,Combat Night Pro: Jacksonville 2021
2021-11-06,Daniil Donchenko,Gustavo Wurlitzer,Daniil Donchenko,,B1 MMA: Mad Cage
2021-11-06,Shane Burgos,Billy Quarantillo,Shane Burgos,DEC,
2021-11-06,Kamaru Usman,Colby Covington,Kamaru Usman,DEC,
2021-11-06,Rose Namajunas,Zhang Weili,Rose Namajunas,DEC,
2021-11-06,Phil Hawes,Chris Curtis,Chris Curtis,KO/TKO,
2021-11-06,Justin Gaethje,Michael Chandler,Justin Gaethje,DEC,
2021-11-06,Edmen Shahbazyan,Nassourdine Imavov,Nassourdine Imavov,KO/TKO,
2021-11-06,Frankie Edgar,Marlon Vera,Marlon Vera,KO/TKO,
2021-11-06,CJ Vergara,Ode Osbourne,Ode Osbourne,DEC,
2021-11-06,Billy Ray Goff,Marty Navis,Billy Ray Goff,,
2021-11-12,Abdul-Rakhman Yakhyaev,Elbek Ravshanov,Abdul-Rakhman Yakhyaev,,ACA Young Eagles 22
2021-11-13,Aaron Pico,Justin Gonzales,Aaron Pico,,Bellator 271: Cyborg vs. Kavanagh
2021-11-13,Max Holloway,Yair Rodriguez,Max Holloway,DEC,
2021-11-13,Melissa Amaya,Andrea Amaro,Melissa Amaya,,Combate Global: USA vs. Mexico
2021-11-13,Daniel Compton,Joe Kropschot,Daniel Compton,,Zhoug Lou CFS 2
2021-11-13,Ben Rothwell,Marcos Rogerio de Lima,Marcos Rogerio de Lima,KO/TKO,
2021-11-13,Miguel Baeza,Khaos Williams,Khaos Williams,KO/TKO,
2021-11-13,Fabia Sintes,Jhosimar Sagbay,Fabia Sintes,,Barcelona Fight League 3
2021-11-13,Song Yadong,Julio Arce,Song Yadong,KO/TKO,
2021-11-13,Felicia Spencer,Leah Letson,Felicia Spencer,KO/TKO,
2021-11-13,Cynthia Calvillo,Andrea Lee,Andrea Lee,KO/TKO,
2021-11-13,Marc Diakiese,Rafael Alves,Rafael Alves,SUB,
2021-11-13,Cortney Casey,Liana Jojua,Cortney Casey,DEC,
2021-11-13,Sean Woodson,Collin Anglin,Sean Woodson,KO/TKO,
2021-11-13,Marcio Barbosa,Jameson Oliveira,Marcio Barbosa,,
2021-11-13,Kennedy Nzechukwu,Da Woon Jung,Da Woon Jung,KO/TKO,
2021-11-13,Waldo Cortes Acosta,Muhammed DeReese,Waldo Cortes Acosta,,Bellator 271: Cyborg vs. Kavanagh
2021-11-13,Thiago Moises,Joel Álvarez,Joel Álvarez,KO/TKO,
2021-11-13,Pavel Andrusca,Andrei Jovteak,Pavel Andrusca,,Eagles FC: Danger Zone
2021-11-14,Bruno Lopes,Flavio Rodrigo Magon,Bruno Lopes,,
2021-11-20,Josiah Harrell,Homer Mangram,Josiah Harrell,,OCL: Ohio Combat League 16
2021-11-20,Davey Grant,Adrian Yanez,Adrian Yanez,DEC,
2021-11-20,Cody Durden,Aoriqileng,Cody Durden,DEC,
2021-11-20,Felipe Lima,Evgeniy Odnorog,Felipe Lima,,Fight Club Rush 10
2021-11-20,Luana Pinheiro,Sam Hughes,Luana Pinheiro,DEC,
2021-11-20,Shayilan Nuerdanbieke,Sean Soriano,Shayilan Nuerdanbieke,DEC,
2021-11-20,Rani Yahya,Kyung Ho Kang,Rani Yahya,DEC,
2021-11-20,Loma Lookboonmee,Loopy Godinez,Loopy Godinez,DEC,
2021-11-20,Joanne Wood,Taila Santos,Taila Santos,SUB,
2021-11-20,Pat Sabatini,Tucker Lutz,Pat Sabatini,DEC,
2021-11-20,Ketlen Vieira,Miesha Tate,Ketlen Vieira,DEC,
2021-11-20,Rafa Garcia,Natan Levy,Rafa Garcia,DEC,
2021-11-20,Michael Chiesa,Sean Brady,Sean Brady,DEC,
2021-11-21,Joshua Van,Chase Eastham,Joshua Van,,Fury Fighting Championship 54
2021-11-21,Eduardo Chapolin,Tiago Xavier,Eduardo Chapolin,,
2021-11-26,Raul Rosas Jr.,Eduardo Velazquez,Raul Rosas Jr.,,UWC Mexico 30: Leyva vs. Galera
2021-11-26,Myktybek Orolbai,Mashrapjon Sabirov,Myktybek Orolbai,,SFC: Sulukta FC
2021-11-26,Myktybek Orolbai,Adis Taalaybek uulu,Myktybek Orolbai,,SFC: Sulukta FC
2021-11-27,Payton Talbott,Abdikabyl Kaldar,Payton Talbott,,FirePower Promotions MMA: Magnum Force
2021-11-28,Mick Parkin,Ashley Pollard,Mick Parkin,,RAC 9: Rise and Conquer 9
2021-12-04,Bryan Barberena,Darian Weeks,Bryan Barberena,DEC,
2021-12-04,Alex Morono,Mickey Gall,Alex Morono,DEC,
2021-12-04,Brad Riddell,Rafael Fiziev,Rafael Fiziev,KO/TKO,
2021-12-04,Clay Guida,Leonardo Santos,Clay Guida,SUB,
2021-12-04,Alonzo Menifield,William Knight,William Knight,DEC,
2021-12-04,Claudio Puelles,Chris Gruetzemacher,Claudio Puelles,SUB,
2021-12-04,Manel Kape,Zhalgas Zhumagulov,Manel Kape,KO/TKO,
2021-12-04,Rob Font,Jose Aldo,Jose Aldo,DEC,
2021-12-04,Maki Pitolo,Duško Todorović,Duško Todorović,KO/TKO,
2021-12-04,Jimmy Crute,Jamahal Hill,Jamahal Hill,KO/TKO,
2021-12-04,Cheyanne Vlismas,Mallory Martin,Cheyanne Vlismas,DEC,
2021-12-04,Louis Smolka,Vince Morales,Vince Morales,KO/TKO,
2021-12-04,Losene Keita,Karol Rysavy,Losene Keita,,OKTAGON 29: Kozma vs. Veličković
2021-12-04,Rodrigo Vera,Abimael Sagrero,Rodrigo Vera,,FFC 48: Mexico
2021-12-04,Brendan Allen,Chris Curtis,Chris Curtis,KO/TKO,
2021-12-05,Jack Jenkins,Jason Petropoulos,Jack Jenkins,,
2021-12-10,Christian Leroy Duncan,Justin Moore,Christian Leroy Duncan,,Cage Warriors 131
2021-12-11,Gillian Robertson,Priscila Cachoeira,Gillian Robertson,SUB,
2021-12-11,Jamey-Lyn Horth,Mayra Cantuaria,Jamey-Lyn Horth,,LFA 120: Cantuária vs. Horth
2021-12-11,Geoff Neal,Santiago Ponzinibbio,Geoff Neal,DEC,
2021-12-11,Randy Costa,Tony Kelley,Tony Kelley,KO/TKO,
2021-12-11,Teymur Zhaparov,Ilimbek Akylbek Uulu,Teymur Zhaparov,,Octagon 26
2021-12-11,Raulian Paiva,Sean O'Malley,Sean O'Malley,KO/TKO,
2021-12-11,Josh Emmett,Dan Ige,Josh Emmett,DEC,
2021-12-11,Augusto Sakai,Tai Tuivasa,Tai Tuivasa,KO/TKO,
2021-12-11,Kai Kara-France,Cody Garbrandt,Kai Kara-France,KO/TKO,
2021-12-11,Pedro Munhoz,Dominick Cruz,Dominick Cruz,DEC,
2021-12-11,Charles Oliveira,Dustin Poirier,Charles Oliveira,SUB,
2021-12-11,Andre Muniz,Eryk Anders,Andre Muniz,SUB,
2021-12-11,Miranda Maverick,Erin Blanchfield,Erin Blanchfield,DEC,
2021-12-11,Ryan Hall,Darrick Minner,Ryan Hall,DEC,
2021-12-11,Luis Felipe Filgueira da Silva,Marcio Barbosa,Luis Felipe Filgueira da Silva,,
2021-12-11,Jordan Wright,Bruno Silva,Bruno Silva,KO/TKO,
2021-12-11,Amanda Nunes,Julianna Pena,Julianna Pena,SUB,
2021-12-12,José Montanha,Sidney Araujo,José Montanha,,
2021-12-12,Nursulton Ruziboev,Eduard Arustamyan,Nursulton Ruziboev,,Open Fighting Championship 14 & Alash Pride 71
2021-12-18,Sijara Eubanks,Melissa Gatto,Melissa Gatto,KO/TKO,
2021-12-18,Amanda Lemos,Angela Hill,Amanda Lemos,DEC,
2021-12-18,Raquel Pennington,Macy Chiasson,Raquel Pennington,SUB,
2021-12-18,Derrick Lewis,Chris Daukaus,Derrick Lewis,KO/TKO,
2021-12-18,Salahdine Parnasse,Daniel Torres,Salahdine Parnasse,,KSW 65: Khalidov vs. Soldić
2021-12-18,Dustin Stoltzfus,Gerald Meerschaert,Gerald Meerschaert,SUB,
2021-12-18,Cub Swanson,Darren Elkins,Cub Swanson,KO/TKO,
2021-12-18,Justin Tafa,Harry Hunsucker,Justin Tafa,KO/TKO,
2021-12-18,Stephen Thompson,Belal Muhammad,Belal Muhammad,DEC,
2021-12-18,Eric Nolan,Shane WhiteEagle,Eric Nolan,,CFFC 104: Bilder vs. Buenafuente
2021-12-18,Louie Sutherland,Atanas Krastanov,Louie Sutherland,,FightStar Championship 20
2021-12-18,Ding Meng,Taiyilake Nueraji,Ding Meng,,
2021-12-18,Charles Jourdain,Andre Ewell,Charles Jourdain,DEC,
2021-12-18,Don'Tale Mayes,Josh Parisian,Don'Tale Mayes,KO/TKO,
2021-12-18,Raphael Assuncao,Ricky Simon,Ricky Simon,KO/TKO,
2021-12-18,Lawrence Lui,Caleb Lally,Lawrence Lui,,
2021-12-18,Jordan Leavitt,Matt Sayles,Jordan Leavitt,SUB,
2021-12-18,Ravena Oliveira,Gabriele Santana,Ravena Oliveira,,
2021-12-18,Diego Ferreira,Mateusz Gamrot,Mateusz Gamrot,KO/TKO,
2021-12-19,Devon Jackson,Joshua Van,Devon Jackson,,Fury Fighting Championship 55
2021-12-19,Michael Aswell,Cristian Lopez,Michael Aswell,,Fury Fighting Championship 55
2021-12-19,Djorden Santos,Miguel Firmino,Djorden Santos,,Thunder Fight 33
2021-12-29,Xiao Long,Range Tedan,Xiao Long,,
2021-12-31,Hiromasa Ougikubo,Kai Asakura,Hiromasa Ougikubo,,Rizin FF: Rizin Fighting Federation 33
2021-12-31,Kai Asakura,Kenta Takizawa,Kai Asakura,,Rizin FF: Rizin Fighting Federation 33
2022-01-07,Trevor Peek,David Robins,Trevor Peek,,Aries Fight Series 3
2022-01-14,Jingnan Xiong,Ayaka Miura,Jingnan Xiong,,
2022-01-15,TJ Brown,Charles Rosa,TJ Brown,DEC,
2022-01-15,Jake Collier,Chase Sherman,Jake Collier,SUB,
2022-01-15,Calvin Kattar,Giga Chikadze,Calvin Kattar,DEC,
2022-01-15,Brandon Royval,Rogerio Bontorin,Brandon Royval,DEC,
2022-01-15,Bill Algeo,Joanderson Brito,Bill Algeo,DEC,
2022-01-15,Court McGee,Ramiz Brahimaj,Court McGee,DEC,
2022-01-15,Michael Cyr,Alden Coria,Michael Cyr,,LFA 121: Brown vs. Jones
2022-01-15,Brian Kelleher,Kevin Croom,Brian Kelleher,DEC,
2022-01-15,Melissa Croden,Jackie MacLean,Melissa Croden,,PAWFC: Pallas Athena Women's Fighting Championship 1
2022-01-15,Katlyn Cerminara,Jennifer Maia,Katlyn Cerminara,DEC,
2022-01-15,Jamie Pickett,Joseph Holmes,Jamie Pickett,DEC,
2022-01-15,Dakota Bush,Viacheslav Borshchev,Viacheslav Borshchev,KO/TKO,
2022-01-16,Rinya Nakamura,Yasuyuki Nojiri,Rinya Nakamura,,Shooto: Professional Shooto 2022 Vol. 1
2022-01-22,Michel Pereira,Andre Fialho,Michel Pereira,DEC,
2022-01-22,Francis Ngannou,Ciryl Gane,Francis Ngannou,DEC,
2022-01-22,Kay Hansen,Jasmine Jasudavicius,Jasmine Jasudavicius,DEC,
2022-01-22,Édgar Cháirez,Ivan Hernandez Flores,Édgar Cháirez,,Naciones MMA 3
2022-01-22,Tony Gravely,Saimon Oliveira,Tony Gravely,DEC,
2022-01-22,Brandon Moreno,Deiveson Figueiredo,Deiveson Figueiredo,DEC,
2022-01-22,Michael Morales,Trevin Giles,Michael Morales,KO/TKO,
2022-01-22,Jack Della Maddalena,Pete Rodriguez,Jack Della Maddalena,KO/TKO,
2022-01-22,Raoni Barcelos,Victor Henry,Victor Henry,DEC,
2022-01-22,Matt Frevola,Genaro Valdez,Matt Frevola,KO/TKO,
2022-01-22,Charles Johnson,Carlos Mota,Charles Johnson,,LFA 122: Johnson vs. Mota
2022-01-22,Cody Stamann,Said Nurmagomedov,Said Nurmagomedov,SUB,
2022-01-22,Silvana Gomez Juarez,Vanessa Demopoulos,Vanessa Demopoulos,SUB,
2022-01-23,Brunno Ferreira,Sebastian Ferreira,Brunno Ferreira,,Big Shot Fight 2: Florianópolis x Curitiba
2022-01-29,Ravena Oliveira,Sheila Amaral,Ravena Oliveira,,
2022-01-30,Manoel Sousa,Trevor Ollison,Manoel Sousa,,CFFC 105: Jeffrey vs. Harris
2022-02-03,Oumar Sy,Paulin Begai,Oumar Sy,,Ares FC 3: Abdouraguimov vs. Godofredo
2022-02-05,Punahele Soriano,Nick Maximov,Nick Maximov,DEC,
2022-02-05,Malcolm Gordon,Denys Bondar,Malcolm Gordon,KO/TKO,
2022-02-05,Chidi Njokuani,Marc-Andre Barriault,Chidi Njokuani,KO/TKO,
2022-02-05,Jack Hermansson,Sean Strickland,Sean Strickland,DEC,
2022-02-05,Shavkat Rakhmonov,Carlston Harris,Shavkat Rakhmonov,KO/TKO,
2022-02-05,Sam Alvey,Brendan Allen,Brendan Allen,SUB,
2022-02-05,Hakeem Dawodu,Michael Trizano,Hakeem Dawodu,DEC,
2022-02-05,Jason Witt,Phil Rowe,Phil Rowe,KO/TKO,
2022-02-05,Tresean Gore,Bryan Battle,Bryan Battle,DEC,
2022-02-05,Dan Argueta,Mairon Santos,Dan Argueta,,LFA 123: Argueta vs. Santos
2022-02-05,Louie Sutherland,Jan Lysak,Louie Sutherland,,Ambition Fight Series: London
2022-02-05,Jailton Almeida,Danilo Marques,Jailton Almeida,KO/TKO,
2022-02-05,Alexis Davis,Julija Stoliarenko,Alexis Davis,DEC,
2022-02-05,Julian Erosa,Steven Peterson,Julian Erosa,DEC,
2022-02-05,Nick Klein,Kacey Joe Sanders,Nick Klein,,Pure FC 21
2022-02-05,Miles Johns,John Castaneda,John Castaneda,SUB,
2022-02-06,Gauge Young,David Evans,Gauge Young,,
2022-02-07,Kody Steele,Jessee Gengler,Kody Steele,,Fury Fighting Championship 56
2022-02-12,Joshua Van,Francisco Obando,Joshua Van,,Fury Fighting Championship 57
2022-02-12,Carlos Ulberg,Fabio Cherant,Carlos Ulberg,DEC,
2022-02-12,William Knight,Maxim Grishin,Maxim Grishin,DEC,
2022-02-12,Jared Cannonier,Derek Brunson,Jared Cannonier,KO/TKO,
2022-02-12,Esteban Ribovics,Franco Aranda,Esteban Ribovics,,Samurai Fight House 3: Prado vs. Basualdo
2022-02-12,Alexander Hernandez,Renato Moicano,Renato Moicano,SUB,
2022-02-12,Payton Talbott,Billy Brand,Payton Talbott,,FirePower Promotions MMA 4: Sudden Impact
2022-02-12,Andrei Arlovski,Jared Vanderaa,Andrei Arlovski,DEC,
2022-02-12,Ty Miller,Justin Dorsey,Ty Miller,,FightWorld 21
2022-02-12,Michael Aswell,Kyle Broadwater,Michael Aswell,,Fury Fighting Championship 57
2022-02-12,Ailin Perez,Romina Aguirre,Ailin Perez,,Samurai Fight House 3: Prado vs. Basualdo
2022-02-12,Andrey Pulyaev,Evgeny Chernyshko,Andrey Pulyaev,,Shlemenko Fighting Championship 3
2022-02-12,Sofia Montenegro,Melanie Rodriguez,Sofia Montenegro,,Samurai Fight House 3: Prado vs. Basualdo
2022-02-12,Mana Martinez,Ronnie Lawrence,Ronnie Lawrence,DEC,
2022-02-12,Douglas Silva de Andrade,Sergey Morozov,Douglas Silva de Andrade,SUB,
2022-02-12,Israel Adesanya,Robert Whittaker,Israel Adesanya,DEC,
2022-02-12,Waldo Cortes Acosta,Derrick Weaver,Waldo Cortes Acosta,,LFA 124: Formiga vs. Bunes
2022-02-12,Jeremiah Wells,Blood Diamond,Jeremiah Wells,SUB,
2022-02-12,Derrick Lewis,Tai Tuivasa,Tai Tuivasa,KO/TKO,
2022-02-12,Kyler Phillips,Marcelo Rojo,Kyler Phillips,SUB,
2022-02-12,Roxanne Modafferi,Casey O'Neill,Casey O'Neill,DEC,
2022-02-12,Santiago Guzman,MarQuel Mederos,Santiago Guzman,,
2022-02-12,King Green,Nasrat Haqparast,King Green,DEC,
2022-02-12,AJ Dobson,Jacob Malkoun,Jacob Malkoun,DEC,
2022-02-19,Mario Bautista,Jay Perrin,Mario Bautista,DEC,
2022-02-19,Jim Miller,Nikolas Motta,Jim Miller,KO/TKO,
2022-02-19,Parker Porter,Alan Baudot,Parker Porter,DEC,
2022-02-19,Chas Skelly,Mark Striegl,Chas Skelly,KO/TKO,
2022-02-19,Gabriel Benitez,David Onama,David Onama,KO/TKO,
2022-02-19,Joaquin Buckley,Abdul Razak Alhassan,Joaquin Buckley,DEC,
2022-02-19,Diana Belbita,Gloria de Paula,Gloria de Paula,DEC,
2022-02-19,Johnny Walker,Jamahal Hill,Jamahal Hill,KO/TKO,
2022-02-19,Nursulton Ruziboev,Luciano Contini,Nursulton Ruziboev,,Octagon 27
2022-02-19,Chad Anheliger,Jesse Strader,Chad Anheliger,KO/TKO,
2022-02-19,Valesca Machado,Janelice Moraes,Valesca Machado,,Arena Global: Arena Global 16
2022-02-19,Jonathan Pearce,Christian Rodriguez,Jonathan Pearce,DEC,
2022-02-19,Jessica-Rose Clark,Stephanie Egger,Stephanie Egger,SUB,
2022-02-19,Nick Browne,Mandel Nallo,Nick Browne,,Bellator 274: Gracie vs. Storley
2022-02-19,Kyle Daukaus,Jamie Pickett,Kyle Daukaus,SUB,
2022-02-19,Ryan Gandra,Marcos Atila,Ryan Gandra,,Gladiators Fight Night 4
2022-02-20,Daniil Donchenko,Shamil Nixacov,Daniil Donchenko,,RFP 88: West Fight 32
2022-02-25,Ahmed Sami,Yousri Belgaroui,Ahmed Sami,,UAE Warriors 25: Africa
2022-02-25,Reinier de Ridder,Kiamrian Abbasov,Reinier de Ridder,,ONE Championship: Full Circle
2022-02-26,Terrance McKinney,Farés Ziam,Terrance McKinney,SUB,
2022-02-26,Armen Petrosyan,Gregory Rodrigues,Armen Petrosyan,DEC,
2022-02-26,Ji Yeon Kim,Priscila Cachoeira,Priscila Cachoeira,DEC,
2022-02-26,Alejandro Perez,Jonathan Martinez,Jonathan Martinez,DEC,
2022-02-26,Islam Makhachev,King Green,Islam Makhachev,KO/TKO,
2022-02-26,Victor Altamirano,Carlos Hernandez,Carlos Hernandez,DEC,
2022-02-26,Arman Tsarukyan,Joel Álvarez,Arman Tsarukyan,KO/TKO,
2022-02-26,Misha Cirkunov,Wellington Turman,Wellington Turman,SUB,
2022-02-26,Rongzhu,Ignacio Bahamondes,Ignacio Bahamondes,SUB,
2022-02-26,Losene Keita,Ronald Paradeiser,Losene Keita,,OKTAGON 31: Pirát vs. Kincl
2022-02-26,Ramiz Brahimaj,Micheal Gillmore,Ramiz Brahimaj,SUB,
2022-02-26,Josiane Nunes,Ramona Pascual,Josiane Nunes,DEC,
2022-02-27,Gianni Vazquez,Devin Miller,Gianni Vazquez,,Fury Fighting Championship 58
2022-02-27,Bruno Lopes,Lucas Rosa,Bruno Lopes,,
2022-02-27,Ramazan Temirov,Mihail Sirbu,Ramazan Temirov,,Muradov Professional League 3: Temirov vs. Sirbu
2022-03-02,Xiao Long,Shanati Shamaiti,Xiao Long,,WLF: W.A.R.S. 58
2022-03-04,Ryan Kuse,Jamal Johnson,Ryan Kuse,,
2022-03-05,Kevin Holland,Alex Oliveira,Kevin Holland,KO/TKO,
2022-03-05,Maryna Moroz,Mariya Agapova,Maryna Moroz,SUB,
2022-03-05,Edson Barboza,Bryce Mitchell,Bryce Mitchell,DEC,
2022-03-05,Tim Elliott,Tagir Ulanbekov,Tim Elliott,DEC,
2022-03-05,Billy Ray Goff,Gary Balletto,Billy Ray Goff,,
2022-03-05,Dustin Jacoby,Michal Oleksiejczuk,Dustin Jacoby,DEC,
2022-03-05,Serghei Spivac,Greg Hardy,Serghei Spivac,KO/TKO,
2022-03-05,Joseph Morales,Sidemar Honorio,Joseph Morales,,CW 133: Cage Warriors 133
2022-03-05,Devonte Smith,Ludovit Klein,Ludovit Klein,DEC,
2022-03-05,Brian Kelleher,Umar Nurmagomedov,Umar Nurmagomedov,SUB,
2022-03-05,Rafael Dos Anjos,Renato Moicano,Rafael Dos Anjos,DEC,
2022-03-05,Jalin Turner,Jamie Mullarkey,Jalin Turner,KO/TKO,
2022-03-05,Colby Covington,Jorge Masvidal,Colby Covington,DEC,
2022-03-05,Nicolae Negumereanu,Kennedy Nzechukwu,Nicolae Negumereanu,DEC,
2022-03-05,Josiah Harrell,John Ramirez,Josiah Harrell,,OCL: Ohio Combat League 18
2022-03-05,Marina Rodriguez,Yan Xiaonan,Marina Rodriguez,DEC,
2022-03-10,Denise Gomes,Milana Dudieva,Denise Gomes,,Invicta FC 46: Rodriguez vs. Torquato II
2022-03-11,Rizvan Kuniev,Anthony Hamilton,Rizvan Kuniev,,Eagle FC 46
2022-03-12,Tafon Nchukwi,Azamat Murzakanov,Azamat Murzakanov,KO/TKO,
2022-03-12,Khalil Rountree Jr.,Karl Roberson,Khalil Rountree Jr.,KO/TKO,
2022-03-12,Marlon Moraes,Song Yadong,Song Yadong,KO/TKO,
2022-03-12,Dalcha Lungiambula,Cody Brundage,Cody Brundage,SUB,
2022-03-12,Drew Dober,Terrance McKinney,Drew Dober,KO/TKO,
2022-03-12,Sabina Mazo,Miranda Maverick,Miranda Maverick,SUB,
2022-03-12,Matthew Semelsberger,AJ Fletcher,Matthew Semelsberger,DEC,
2022-03-12,Trevin Jones,Javid Basharat,Javid Basharat,DEC,
2022-03-12,JJ Aldrich,Gillian Robertson,JJ Aldrich,DEC,
2022-03-12,Gabriel Bonfim,Eduardo Garvon,Gabriel Bonfim,,LFA 126: Bilharinho vs. Delano
2022-03-12,Rodolfo Bellato,Thiago Vieira,Rodolfo Bellato,,LFA 126: Bilharinho vs. Delano
2022-03-12,Damon Jackson,Kamuela Kirk,Damon Jackson,SUB,
2022-03-12,Robert Bryczek,Silas Robson de Oliveira,Robert Bryczek,,FEN 39: Formela vs. Hantea
2022-03-12,Thiago Santos,Magomed Ankalaev,Magomed Ankalaev,DEC,
2022-03-12,Lucas Fernando,Rodrigo Lima Novais,Lucas Fernando,,
2022-03-12,Kris Moutinho,Guido Cannetti,Guido Cannetti,KO/TKO,
2022-03-12,Alex Pereira,Bruno Silva,Alex Pereira,DEC,
2022-03-12,Sodiq Yusuff,Alex Caceres,Sodiq Yusuff,DEC,
2022-03-18,Namsrai Batbayar,Jandos Khurmangaz,Namsrai Batbayar,,
2022-03-18,Lone'er Kavanagh,Ryan Morgan,Lone'er Kavanagh,,CW 134: Cage Warriors 134
2022-03-19,Jack Jenkins,Rod Costa,Jack Jenkins,,
2022-03-19,Jack Shore,Timur Valiev,Jack Shore,DEC,
2022-03-19,Mario Pinto,Berat Berisha,Mario Pinto,,FightStar Championship 21
2022-03-19,Timmy Cuamba,Demetri Miller,Timmy Cuamba,,Gamebred Fighting Championship: Freedom Fight Night
2022-03-19,Jai Herbert,Ilia Topuria,Ilia Topuria,KO/TKO,
2022-03-19,Rafael Tobias,Roger Freitas,Rafael Tobias,,
2022-03-19,Elves Brener,Victor Nunez,Elves Brener,,Predador FC 42
2022-03-19,Muhammad Mokaev,Cody Durden,Muhammad Mokaev,SUB,
2022-03-19,Shamil Abdurakhimov,Sergei Pavlovich,Sergei Pavlovich,KO/TKO,
2022-03-19,Lawrence Lui,Logan Price,Lawrence Lui,,
2022-03-19,Paddy Pimblett,Kazula Vargas,Paddy Pimblett,SUB,
2022-03-19,Molly McCann,Luana Carolina,Molly McCann,KO/TKO,
2022-03-19,Chris Padilla,Emilio Williams,Chris Padilla,,Celtic Gladiator 31
2022-03-19,Salahdine Parnasse,Daniel Rutkowski,Salahdine Parnasse,,KSW 68: Parnasse vs. Rutkowski
2022-03-19,Mike Grundy,Makwan Amirkhani,Makwan Amirkhani,SUB,
2022-03-19,Gunnar Nelson,Takashi Sato,Gunnar Nelson,DEC,
2022-03-19,Richard Jacobi,José Montanha,Richard Jacobi,,
2022-03-19,Arnold Allen,Dan Hooker,Arnold Allen,KO/TKO,
2022-03-19,Cory McKenna,Elise Reed,Elise Reed,DEC,
2022-03-19,Nikita Krylov,Paul Craig,Paul Craig,SUB,
2022-03-19,Alexander Volkov,Tom Aspinall,Tom Aspinall,SUB,
2022-03-20,Matthieu Letho Duclos,Mathias Rieucros,Matthieu Letho Duclos,,YFC 1: Your Fight Club
2022-03-20,Marcio Barbosa,Caio Machado,Marcio Barbosa,,
2022-03-24,Melissa Amaya,Yessica Ortega,Melissa Amaya,,Combate Global: Mexico vs. USA
2022-03-25,Raul Rosas Jr.,Joel Pena,Raul Rosas Jr.,,UWC Mexico 32: Sanchez vs. Valencia
2022-03-25,Yousri Belgaroui,Samir Zaidi,Yousri Belgaroui,,UAE Warriors 27: Africa 2
2022-03-26,Jose Delgado,JJ Nelson,Jose Delgado,,RUF 46: RUF MMA
2022-03-26,Matheus Nicolau,David Dvorak,Matheus Nicolau,DEC,
2022-03-26,Askar Askarov,Kai Kara-France,Kai Kara-France,DEC,
2022-03-26,Sara McMann,Karol Rosa,Sara McMann,DEC,
2022-03-26,Jennifer Maia,Manon Fiorot,Manon Fiorot,DEC,
2022-03-26,Chris Gutierrez,Batgerel Danaa,Chris Gutierrez,KO/TKO,
2022-03-26,Luis Saldana,Bruno Souza,Luis Saldana,DEC,
2022-03-26,Joanne Wood,Alexa Grasso,Alexa Grasso,SUB,
2022-03-26,Ozzy Diaz,Bruno Assis,Ozzy Diaz,,LFA 127: Diaz vs. Assis
2022-03-26,Curtis Blaydes,Chris Daukaus,Curtis Blaydes,KO/TKO,
2022-03-26,Neil Magny,Max Griffin,Neil Magny,DEC,
2022-03-26,Aliaskhab Khizriev,Denis Tiuliulin,Aliaskhab Khizriev,SUB,
2022-03-26,Gigi Canuto,Jasmine Pouncy,Gigi Canuto,,
2022-03-26,Matt Brown,Bryan Barberena,Bryan Barberena,DEC,
2022-03-26,Marc Diakiese,Viacheslav Borshchev,Marc Diakiese,DEC,
2022-03-27,Eduarda Moura,Ana Vitoria Cardoso Santana,Eduarda Moura,,Jardim Fight 4
2022-03-27,Shamil Gaziev,Aleksandr Kolomytsev,Shamil Gaziev,,ProFC 70
2022-04-02,Billy Ray Goff,Justin Sumter,Billy Ray Goff,,
2022-04-02,Nora Cornolle,Marie Loiseau,Nora Cornolle,,GFA: Gladiator Fighting Arena 13
2022-04-02,Christian Leroy Duncan,Djati Mélan,Christian Leroy Duncan,,Cage Warriors 136
2022-04-09,Richie Miranda,Devon Dixon,Richie Miranda,,
2022-04-09,Aspen Ladd,Raquel Pennington,Raquel Pennington,DEC,
2022-04-09,Ian Machado Garry,Darian Weeks,Ian Machado Garry,DEC,
2022-04-09,Anthony Hernandez,Josh Fremd,Anthony Hernandez,DEC,
2022-04-09,Mackenzie Dern,Tecia Pennington,Mackenzie Dern,DEC,
2022-04-09,Piera Rodriguez,Kay Hansen,Piera Rodriguez,DEC,
2022-04-09,Alexander Volkanovski,Chan Sung Jung,Alexander Volkanovski,KO/TKO,
2022-04-09,Aleksei Oleinik,Jared Vanderaa,Aleksei Oleinik,SUB,
2022-04-09,Vinc Pichel,Mark Madsen,Mark Madsen,DEC,
2022-04-09,Aljamain Sterling,Petr Yan,Aljamain Sterling,DEC,
2022-04-09,Mickey Gall,Mike Malott,Mike Malott,KO/TKO,
2022-04-09,Gilbert Burns,Khamzat Chimaev,Khamzat Chimaev,DEC,
2022-04-09,Julio Arce,Daniel Santos,Julio Arce,DEC,
2022-04-10,Nursulton Ruziboev,Paval Masalski,Nursulton Ruziboev,,WEF Global 17 and Kingdom Professional Fight NWPA: Battle on the Neva
2022-04-15,Patricio Pitbull,AJ McKee,Patricio Pitbull,,Bellator 277: McKee vs. Pitbull 2
2022-04-15,Aaron Pico,Adli Edwards,Aaron Pico,,Bellator 277: McKee vs. Pitbull 2
2022-04-15,Ty Miller,Eric Nolan,Ty Miller,,CFFC 107: Bilder vs. Carvalho
2022-04-16,Lerryan Douglas,Juan Pedroso,Lerryan Douglas,,
2022-04-16,Alexia Thainara,Gracie Kelly Campos,Alexia Thainara,,
2022-04-16,Istela Nunes,Sam Hughes,Sam Hughes,DEC,
2022-04-16,Lina Lansberg,Pannie Kianzad,Pannie Kianzad,DEC,
2022-04-16,Chris Barnett,Martin Buday,Martin Buday,DEC,
2022-04-16,Rafael Tobias,Guilherme Cena,Rafael Tobias,,
2022-04-16,Alatengheili,Kevin Croom,Alatengheili,KO/TKO,
2022-04-16,Miguel Baeza,Andre Fialho,Andre Fialho,KO/TKO,
2022-04-16,Vicente Luque,Belal Muhammad,Belal Muhammad,DEC,
2022-04-16,Jordan Leavitt,Trey Ogden,Jordan Leavitt,DEC,
2022-04-16,Trevor Peek,Warren Smith,Trevor Peek,,Aries Fight Series 6
2022-04-16,Mounir Lazzez,Ange Loosa,Mounir Lazzez,DEC,
2022-04-16,Drakkar Klose,Brandon Jenkins,Drakkar Klose,KO/TKO,
2022-04-16,Mayra Bueno Silva,Wu Yanan,Mayra Bueno Silva,DEC,
2022-04-16,Brunno Ferreira,Weldon Silva de Oliveira,Brunno Ferreira,,BFS 8: Brazilian Fighting Series 8
2022-04-16,Rafa Garcia,Jesse Ronson,Rafa Garcia,SUB,
2022-04-16,Devin Clark,William Knight,Devin Clark,KO/TKO,
2022-04-16,Waldo Cortes Acosta,Thomas Petersen,Waldo Cortes Acosta,,LFA 129: Petersen vs. Cortes-Acosta
2022-04-16,Pat Sabatini,TJ Laramie,Pat Sabatini,DEC,
2022-04-16,Caio Borralho,Gadzhi Omargadzhiev,Caio Borralho,DEC,
2022-04-23,Maycee Barber,Montana De La Rosa,Maycee Barber,DEC,
2022-04-23,Amanda Lemos,Jessica Andrade,Jessica Andrade,SUB,
2022-04-23,Jordan Wright,Marc-Andre Barriault,Marc-Andre Barriault,SUB,
2022-04-23,Louie Sutherland,Dion Groombridge,Louie Sutherland,,Sparta Fight Knights: SFK 1: The Rise os Sparta
2022-04-23,Marcin Prachnio,Philipe Lins,Philipe Lins,DEC,
2022-04-23,Lando Vannata,Charles Jourdain,Charles Jourdain,SUB,
2022-04-23,Dean Barry,Mike Jackson,Mike Jackson,DQ,
2022-04-23,Grant Neal,Christian Edwards,Grant Neal,,Bellator 278: Velasquez vs. Carmouche
2022-04-23,Tyson Pedro,Ike Villanueva,Tyson Pedro,KO/TKO,
2022-04-23,Dwight Grant,Sergey Khandozhko,Sergey Khandozhko,KO/TKO,
2022-04-23,Clay Guida,Claudio Puelles,Claudio Puelles,SUB,
2022-04-23,Nora Cornolle,Juliet Chukwu,Nora Cornolle,,Benin Fighting Championship 7
2022-04-23,Aoriqileng,Cameron Else,Aoriqileng,KO/TKO,
2022-04-23,Preston Parsons,Evan Elder,Preston Parsons,DEC,
2022-04-24,Joshua Van,Angelo Trujillo,Joshua Van,,Fury Fighting Championship 60
2022-04-24,Rinya Nakamura,Aleandro Caetano,Rinya Nakamura,,LDH Martial Arts: Pound Storm
2022-04-29,Raul Rosas Jr.,Francisco Villanueva,Raul Rosas Jr.,,UWC Mexico 33: Sabori vs. Rodriguez
2022-04-29,Rei Tsuruya,Taiki Akiba,Rei Tsuruya,,Pancrase: 327
2022-04-30,Eduarda Moura,Suiane Teixeira dos Santos,Eduarda Moura,,Demo Fight 12
2022-04-30,Alexia Thainara,Jeanne Ruas,Alexia Thainara,,
2022-04-30,Gabe Green,Yohan Lainesse,Gabe Green,KO/TKO,
2022-04-30,JooSang Yoo,Doo Seok Oh,JooSang Yoo,,Brave CF 58
2022-04-30,Gina Mazany,Shanna Young,Shanna Young,KO/TKO,
2022-04-30,Eduardo Chapolin,Denis Araujo,Eduardo Chapolin,,Standout Fighting Tournament 34: Buakaw vs. Canguru
2022-04-30,Andre Fili,Joanderson Brito,Joanderson Brito,KO/TKO,
2022-04-30,Rob Font,Marlon Vera,Marlon Vera,DEC,
2022-04-30,Darren Elkins,Tristan Connelly,Darren Elkins,DEC,
2022-04-30,Natan Levy,Mike Breeden,Natan Levy,DEC,
2022-04-30,Marcin Bandel,Luis Felipe Dias,Marcin Bandel,,Brave CF 58
2022-04-30,Leonardo Genuino,Ryan Gandra,Leonardo Genuino,,Savage MMA 2: Genuino vs. Problema
2022-04-30,Krzysztof Jotko,Gerald Meerschaert,Krzysztof Jotko,DEC,
2022-04-30,Axel Sola,Yoon Sung Jang,Axel Sola,,Brave CF 58
2022-04-30,Alexandr Romanov,Chase Sherman,Alexandr Romanov,SUB,
2022-04-30,Jared Gordon,Grant Dawson,Grant Dawson,SUB,
2022-04-30,Andrei Arlovski,Jake Collier,Andrei Arlovski,DEC,
2022-04-30,Daniel Lacerda,Francisco Figueiredo,Francisco Figueiredo,SUB,
2022-05-01,Marcio Barbosa,Tiago Terra Nova,Marcio Barbosa,,
2022-05-06,Youcef Ouabbas,Matthieu Letho Duclos,Youcef Ouabbas,,Bellator 280: Bader vs. Kongo 2
2022-05-07,Macy Chiasson,Norma Dumont,Macy Chiasson,DEC,
2022-05-07,Brandon Royval,Matt Schnell,Brandon Royval,SUB,
2022-05-07,Charles Oliveira,Justin Gaethje,Charles Oliveira,SUB,
2022-05-07,Randy Brown,Khaos Williams,Randy Brown,DEC,
2022-05-07,Eduarda Moura,Renata Aline Santos Silva,Eduarda Moura,,MCF - Matilha Champions Fight
2022-05-07,Blagoy Ivanov,Marcos Rogerio de Lima,Blagoy Ivanov,DEC,
2022-05-07,Tracy Cortez,Melissa Gatto,Tracy Cortez,DEC,
2022-05-07,Francisco Trinaldo,Danny Roberts,Francisco Trinaldo,DEC,
2022-05-07,Wes Schultz,Hamza Salim,Wes Schultz,,LFA 131: Argueta vs. Silva
2022-05-07,Kleydson Rodrigues,CJ Vergara,CJ Vergara,DEC,
2022-05-07,Rose Namajunas,Carla Esparza,Carla Esparza,DEC,
2022-05-07,Andre Fialho,Cameron VanCamp,Andre Fialho,KO/TKO,
2022-05-07,Myktybek Orolbai,Jalin Fuller,Myktybek Orolbai,,LFA 131: Argueta vs. Silva
2022-05-07,Mauricio Rua,Ovince Saint Preux,Ovince Saint Preux,DEC,
2022-05-07,Ding Meng,Aorigele,Ding Meng,,
2022-05-07,Nick Klein,Tristan Overig,Nick Klein,,LFA 131: Argueta vs. Silva
2022-05-07,Ariane Carnelossi,Loopy Godinez,Loopy Godinez,DEC,
2022-05-07,Journey Newson,Fernie Garcia,Journey Newson,DEC,
2022-05-07,Michael Chandler,Tony Ferguson,Michael Chandler,KO/TKO,
2022-05-12,Chelsea Chandler,Courtney King,Chelsea Chandler,,Invicta FC 47: Ducote vs. Zappitella
2022-05-13,Logan Storley,Michael Page,Logan Storley,,Bellator 281: MVP vs. Storley
2022-05-14,Frank Camacho,Manuel Torres,Manuel Torres,KO/TKO,
2022-05-14,Michael Johnson,Alan Patrick,Michael Johnson,KO/TKO,
2022-05-14,Ryan Spann,Ion Cutelaba,Ryan Spann,SUB,
2022-05-14,Virna Jandiroba,Angela Hill,Virna Jandiroba,DEC,
2022-05-14,Davey Grant,Louis Smolka,Davey Grant,KO/TKO,
2022-05-14,Nick Maximov,Andre Petroski,Andre Petroski,SUB,
2022-05-14,Tatsuro Taira,Carlos Candelario,Tatsuro Taira,DEC,
2022-05-14,Viviane Araujo,Andrea Lee,Viviane Araujo,DEC,
2022-05-14,Jake Hadley,Allan Nascimento,Allan Nascimento,DEC,
2022-05-14,Katlyn Cerminara,Amanda Ribas,Katlyn Cerminara,DEC,
2022-05-14,Jan Blachowicz,Aleksandar Rakic,Jan Blachowicz,KO/TKO,
2022-05-15,Joshua Van,Mario Suazo,Joshua Van,,Fury Fighting Championship 62
2022-05-15,MarQuel Mederos,Ben Lugo,MarQuel Mederos,,
2022-05-19,Rodrigo Vera,Nicolas Varela,Rodrigo Vera,,FFC 50: Basurto vs. Juarez
2022-05-20,Ilimbek Akylbek Uulu,Yunus Aliev,Ilimbek Akylbek Uulu,,Octagon 30
2022-05-20,Mehemmedeli Osmanli,Zura Chabakauri,Mehemmedeli Osmanli,,Iron Fist FC 1
2022-05-21,Joseph Holmes,Alen Amedovski,Joseph Holmes,SUB,
2022-05-21,Santiago Ponzinibbio,Michel Pereira,Michel Pereira,DEC,
2022-05-21,Omar Morales,Uroš Medić,Uroš Medić,KO/TKO,
2022-05-21,Darren Smith Jr.,Chris Padilla,Darren Smith Jr.,,UNF 1: Up Next Fighting 1
2022-05-21,Elise Reed,Sam Hughes,Sam Hughes,KO/TKO,
2022-05-21,Mick Parkin,Fatih Aktas,Mick Parkin,,RAC 10: Rise and Conquer 10
2022-05-21,Polyana Viana,Tabatha Ricci,Tabatha Ricci,DEC,
2022-05-21,Chidi Njokuani,Duško Todorović,Chidi Njokuani,KO/TKO,
2022-05-21,Jailton Almeida,Parker Porter,Jailton Almeida,SUB,
2022-05-21,Ramazan Temirov,Argen Maratbek Uulu,Ramazan Temirov,,Muradov Professional League 5: Mirzamatov vs. Esengulov
2022-05-21,Jonathan Martinez,Vince Morales,Jonathan Martinez,DEC,
2022-05-21,Jhonata Diniz,Jose Rodrigo Guelke,Jhonata Diniz,,Spartacus MMA: Spartacus Fight Event 5
2022-05-21,Eryk Anders,JunYong Park,JunYong Park,DEC,
2022-05-21,Holly Holm,Ketlen Vieira,Ketlen Vieira,DEC,
2022-05-21,Chase Hooper,Felipe Colares,Chase Hooper,KO/TKO,
2022-05-22,Ailin Perez,Stephanie Bragayrac,Ailin Perez,,Samurai Fight House 4: Perez vs. Bragayrac
2022-05-27,Manoel Sousa,Mauro Chaulet,Manoel Sousa,,CFFC 109: Sousa vs. Chaulet
2022-05-27,David Martinez,Arturo Vergara,David Martinez,,Combate Global: Martinez vs. Vergara
2022-05-27,Raul Rosas Jr.,Jose Penaloza,Raul Rosas Jr.,,UWC Mexico 34: Carvalho vs. Camilo
2022-05-28,Payton Talbott,Hector Fajardo,Payton Talbott,,Urijah Faber's A1 Combat 2
2022-05-28,Namsrai Batbayar,Tugsbayar Ulziidalai,Namsrai Batbayar,,
2022-05-29,Anthony Drilich,Lawrence Lui,Anthony Drilich,,
2022-05-31,Ilimbek Akylbek Uulu,Serik Makul,Ilimbek Akylbek Uulu,,Alash Pride 74: Zhaparov vs. Farmonboev
2022-06-03,Robelis Despaigne,Katuma Mulumba,Robelis Despaigne,,Titan FC 77
2022-06-04,Joe Solecki,Alex Da Silva,Joe Solecki,DEC,
2022-06-04,Alexander Volkov,Jairzinho Rozenstruik,Alexander Volkov,KO/TKO,
2022-06-04,Rinat Fakhretdinov,Andreas Michailidis,Rinat Fakhretdinov,DEC,
2022-06-04,Losene Keita,Ivan Buchinger,Losene Keita,,OKTAGON 33: Buchinger vs. Keita
2022-06-04,Erin Blanchfield,JJ Aldrich,Erin Blanchfield,SUB,
2022-06-04,Niklas Stolze,Benoit Saint-Denis,Benoit Saint-Denis,SUB,
2022-06-04,Felice Herrig,Karolina Kowalkiewicz,Karolina Kowalkiewicz,SUB,
2022-06-04,Ode Osbourne,Zarrukh Adashev,Ode Osbourne,KO/TKO,
2022-06-04,Dan Ige,Movsar Evloev,Movsar Evloev,DEC,
2022-06-04,Damon Jackson,Dan Argueta,Damon Jackson,DEC,
2022-06-04,Alonzo Menifield,Askar Mozharov,Alonzo Menifield,KO/TKO,
2022-06-04,Brunno Ferreira,Adercino De Jesus,Brunno Ferreira,,Big Shot Fight 3
2022-06-04,Jeff Molina,Zhalgas Zhumagulov,Jeff Molina,DEC,
2022-06-04,Karine Silva,Poliana Botelho,Karine Silva,SUB,
2022-06-04,Michael Trizano,Lucas Almeida,Lucas Almeida,KO/TKO,
2022-06-04,Johnny Munoz,Tony Gravely,Tony Gravely,KO/TKO,
2022-06-05,Michael Aswell,Frank Meno,Michael Aswell,,Fury Fighting Championship 64
2022-06-10,Rinya Nakamura,Gugun Gusman,Rinya Nakamura,,Road to UFC: Episode 3
2022-06-11,SeungWoo Choi,Josh Culibao,Josh Culibao,DEC,
2022-06-11,Glover Teixeira,Jiri Prochazka,Jiri Prochazka,SUB,
2022-06-11,Ramona Pascual,Joselyne Edwards,Joselyne Edwards,DEC,
2022-06-11,Valentina Shevchenko,Taila Santos,Valentina Shevchenko,DEC,
2022-06-11,Andre Fialho,Jake Matthews,Jake Matthews,KO/TKO,
2022-06-11,Liang Na,Silvana Gomez Juarez,Silvana Gomez Juarez,KO/TKO,
2022-06-11,Brendan Allen,Jacob Malkoun,Brendan Allen,DEC,
2022-06-11,Jack Della Maddalena,Ramazan Emeev,Jack Della Maddalena,KO/TKO,
2022-06-11,Maheshate,Steve Garcia,Maheshate,KO/TKO,
2022-06-11,Zhang Weili,Joanna Jedrzejczyk,Zhang Weili,KO/TKO,
2022-06-11,Fabia Sintes,Alex Gonzalez,Fabia Sintes,,Combate Global: Edwards vs. Rodriguez
2022-06-11,Joseph Camacho,Alden Coria,Joseph Camacho,,LFA 134: Gafurov vs. Sousa
2022-06-11,Kyung Ho Kang,Batgerel Danaa,Kyung Ho Kang,DEC,
2022-06-18,Andrey Pulyaev,Stanislav Shaboltas,Andrey Pulyaev,,Shlemenko Fighting Championship 4
2022-06-18,Calvin Kattar,Josh Emmett,Josh Emmett,DEC,
2022-06-18,Ricardo Ramos,Danny Chavez,Ricardo Ramos,KO/TKO,
2022-06-18,Court McGee,Jeremiah Wells,Jeremiah Wells,KO/TKO,
2022-06-18,Eddie Wineland,Cody Stamann,Cody Stamann,KO/TKO,
2022-06-18,Ding Meng,Sejilahu,Ding Meng,,
2022-06-18,Julian Marquez,Gregory Rodrigues,Gregory Rodrigues,KO/TKO,
2022-06-18,Tim Means,Kevin Holland,Kevin Holland,SUB,
2022-06-18,Ismail Naurdiev,Bekten Zheenbekov,Ismail Naurdiev,,Brave CF 59 & ATF 11
2022-06-18,Joaquin Buckley,Albert Duraev,Joaquin Buckley,KO/TKO,
2022-06-18,Maria Oliveira,Gloria de Paula,Maria Oliveira,DEC,
2022-06-18,Roman Dolidze,Kyle Daukaus,Roman Dolidze,KO/TKO,
2022-06-18,Jasmine Jasudavicius,Natalia Silva,Natalia Silva,DEC,
2022-06-18,Phil Hawes,Deron Winn,Phil Hawes,KO/TKO,
2022-06-18,Adrian Yanez,Tony Kelley,Adrian Yanez,KO/TKO,
2022-06-18,Damir Ismagulov,Guram Kutateladze,Damir Ismagulov,DEC,
2022-06-19,Eduarda Moura,Sharolayne Almeida,Eduarda Moura,,VEC - Valhalla Extreme Challenger
2022-06-24,Raul Rosas Jr.,Andres Portocarrero,Raul Rosas Jr.,,UWC Mexico 35: Luna vs. Campos
2022-06-24,Mandel Nallo,Bryce Logan,Mandel Nallo,,Bellator 282: Mousasi vs. Eblen
2022-06-24,Julia Polastri,Kalindra Faria,Julia Polastri,,Iron Man MMA 24
2022-06-24,Jessie Rosas,Eliu Trujillo,Jessie Rosas,,UWC Mexico 35: Luna vs. Campos
2022-06-25,Arman Tsarukyan,Mateusz Gamrot,Mateusz Gamrot,DEC,
2022-06-25,Sofia Montenegro,Oriana Fernandez,Sofia Montenegro,,Circuito Argentino de MMA 11
2022-06-25,Shayilan Nuerdanbieke,TJ Brown,Shayilan Nuerdanbieke,DEC,
2022-06-25,Chris Curtis,Rodolfo Vieira,Chris Curtis,DEC,
2022-06-25,Nate Maness,Umar Nurmagomedov,Umar Nurmagomedov,DEC,
2022-06-25,Josh Parisian,Alan Baudot,Josh Parisian,KO/TKO,
2022-06-25,JP Buys,Cody Durden,Cody Durden,KO/TKO,
2022-06-25,Thiago Moises,Christos Giagos,Thiago Moises,SUB,
2022-06-25,Abdul-Rakhman Yakhyaev,Nazhmudin Yusupov,Abdul-Rakhman Yakhyaev,,ACA Young Eagles 27
2022-06-25,Neil Magny,Shavkat Rakhmonov,Shavkat Rakhmonov,SUB,
2022-06-25,Brian Kelleher,Mario Bautista,Mario Bautista,SUB,
2022-06-25,Vanessa Demopoulos,Jinh Yu Frey,Vanessa Demopoulos,DEC,
2022-06-25,Raulian Paiva,Sergey Morozov,Sergey Morozov,DEC,
2022-06-25,Shamil Gaziev,Kirill Kornilov,Shamil Gaziev,,Ares FC 7: Abdoul vs. Amoussou
2022-06-25,Carlos Ulberg,Tafon Nchukwi,Carlos Ulberg,KO/TKO,
2022-06-26,Mauricio Ruffy,Brenno Silva,Mauricio Ruffy,,APM: Arena Pride MMA 4
2022-07-01,Melissa Amaya,Naomi Tataroglu,Melissa Amaya,,Combate Global: Jimenez vs. Sewell
2022-07-01,Ramiro Jimenez,Devante Sewell,Ramiro Jimenez,,Combate Global: Jimenez vs. Sewell
2022-07-02,Sean Strickland,Alex Pereira,Alex Pereira,KO/TKO,
2022-07-02,Alexander Volkanovski,Max Holloway,Alexander Volkanovski,DEC,
2022-07-02,Jessica-Rose Clark,Julija Stoliarenko,Julija Stoliarenko,SUB,
2022-07-02,Ian Machado Garry,Gabe Green,Ian Machado Garry,DEC,
2022-07-02,Brad Riddell,Jalin Turner,Jalin Turner,SUB,
2022-07-02,Israel Adesanya,Jared Cannonier,Israel Adesanya,DEC,
2022-07-02,Jessica Eye,Maycee Barber,Maycee Barber,DEC,
2022-07-02,Uriah Hall,Andre Muniz,Andre Muniz,DEC,
2022-07-02,Brad Tavares,Dricus Du Plessis,Dricus Du Plessis,DEC,
2022-07-02,Robbie Lawler,Bryan Barberena,Bryan Barberena,KO/TKO,
2022-07-02,Jim Miller,Donald Cerrone,Jim Miller,SUB,
2022-07-03,Mohamad Osseili,Yousri Belgaroui,Mohamad Osseili,,UAE Warriors 31: Arabia 8
2022-07-08,Gianni Vazquez,Adam Antolin,Gianni Vazquez,,Fury Fighting Championship 66
2022-07-09,Douglas Silva de Andrade,Said Nurmagomedov,Said Nurmagomedov,DEC,
2022-07-09,Antonina Shevchenko,Cortney Casey,Antonina Shevchenko,DEC,
2022-07-09,Ronnie Lawrence,Saidyokub Kakhramonov,Saidyokub Kakhramonov,DEC,
2022-07-09,Caio Borralho,Armen Petrosyan,Caio Borralho,DEC,
2022-07-09,Aiemann Zahabi,Ricky Turcios,Aiemann Zahabi,DEC,
2022-07-09,Jared Vanderaa,Chase Sherman,Chase Sherman,KO/TKO,
2022-07-09,Junior Tafa,Taisei Sekino,Junior Tafa,,BP 1: Beatdown Promotions 1
2022-07-09,David Onama,Garrett Armfield,David Onama,SUB,
2022-07-09,Dorjan Dokaj,Nick Klein,Dorjan Dokaj,,BTC 16: Challenger Series 1
2022-07-09,Kennedy Nzechukwu,Karl Roberson,Kennedy Nzechukwu,KO/TKO,
2022-07-09,Michael Johnson,Jamie Mullarkey,Jamie Mullarkey,DEC,
2022-07-09,Rafael Dos Anjos,Rafael Fiziev,Rafael Fiziev,KO/TKO,
2022-07-09,Cody Brundage,Tresean Gore,Cody Brundage,KO/TKO,
2022-07-10,Marcio Barbosa,Kevin Moreyra,Marcio Barbosa,,Inka FC 34: Peru vs. Brazil
2022-07-10,Kevin Borjas,Joseph Vieira da Silva,Kevin Borjas,,Inka FC 34: Peru vs. Brazil
2022-07-15,Timmy Cuamba,Cody Huard,Timmy Cuamba,,Freedom Fight Night 2
2022-07-15,Jose Delgado,Demetri Miller,Jose Delgado,,Freedom Fight Night 2
2022-07-15,Mario Pinto,Maxwell Djantou Nana,Mario Pinto,,FightStar Championship 22
2022-07-16,Bill Algeo,Herbert Burns,Bill Algeo,KO/TKO,
2022-07-16,Lauren Murphy,Miesha Tate,Lauren Murphy,DEC,
2022-07-16,Dustin Jacoby,Da Woon Jung,Dustin Jacoby,KO/TKO,
2022-07-16,Steven Koslow,James Dunn,Steven Koslow,,Combat Night: Orlando 2022
2022-07-16,Bruno Lopes,Mailton Azevedo,Bruno Lopes,,
2022-07-16,Levi Rodrigues Jr.,Cristiano Vicente,Levi Rodrigues Jr.,,
2022-07-16,Davi Bittencourt,Eduardo Chapolin,Davi Bittencourt,,
2022-07-16,Dwight Grant,Dustin Stoltzfus,Dustin Stoltzfus,DEC,
2022-07-16,Punahele Soriano,Dalcha Lungiambula,Punahele Soriano,KO/TKO,
2022-07-16,Michelle Waterson-Gomez,Amanda Lemos,Amanda Lemos,SUB,
2022-07-16,Ricky Simon,Jack Shore,Ricky Simon,SUB,
2022-07-16,Li Jingliang,Muslim Salikhov,Li Jingliang,KO/TKO,
2022-07-16,Shane Burgos,Charles Jourdain,Shane Burgos,DEC,
2022-07-16,Jessica Penne,Emily Ducote,Emily Ducote,DEC,
2022-07-16,Matt Schnell,Sumudaerji,Matt Schnell,SUB,
2022-07-16,Brian Ortega,Yair Rodriguez,Yair Rodriguez,KO/TKO,
2022-07-19,Juliana Miller,Kaytlin Neil,Juliana Miller,,The Ultimate Fighter 30 Semifinal: Nunes vs. Peña
2022-07-22,Lone'er Kavanagh,Ander Sanchez,Lone'er Kavanagh,,CW 141: Cage Warriors 141
2022-07-22,Reinier de Ridder,Vitaly Bigdash,Reinier de Ridder,,
2022-07-23,Glenn Williams,Ateba Gautier,Glenn Williams,,Budo Fighting Championship 50
2022-07-23,Curtis Blaydes,Tom Aspinall,Curtis Blaydes,KO/TKO,
2022-07-23,Oumar Sy,Bartlomiej Gladkowicz,Oumar Sy,,KSW 72: Romanowski vs. Grzebyk
2022-07-23,Nikita Krylov,Alexander Gustafsson,Nikita Krylov,KO/TKO,
2022-07-23,Nathaniel Wood,Charles Rosa,Nathaniel Wood,DEC,
2022-07-23,Muhammad Mokaev,Charles Johnson,Muhammad Mokaev,DEC,
2022-07-23,Paul Craig,Volkan Oezdemir,Volkan Oezdemir,DEC,
2022-07-23,Marc Diakiese,Damir Hadzovic,Marc Diakiese,DEC,
2022-07-23,Paddy Pimblett,Jordan Leavitt,Paddy Pimblett,SUB,
2022-07-23,Claudio Silva,Nicolas Dalby,Nicolas Dalby,DEC,
2022-07-23,Jai Herbert,Kyle Nelson,Jai Herbert,DEC,
2022-07-23,Mason Jones,Ludovit Klein,Ludovit Klein,DEC,
2022-07-23,Makwan Amirkhani,Jonathan Pearce,Jonathan Pearce,KO/TKO,
2022-07-23,Molly McCann,Hannah Goldy,Molly McCann,KO/TKO,
2022-07-23,Mandy Bohm,Victoria Leonardo,Victoria Leonardo,DEC,
2022-07-23,Jack Hermansson,Chris Curtis,Jack Hermansson,DEC,
2022-07-27,Joe Pyfer,Ozzy Diaz,Joe Pyfer,,
2022-07-28,Rafael Tobias,Sombay Silvino,Rafael Tobias,,
2022-07-29,Klaudia Syguła,Brena Cardozo,Klaudia Syguła,,Armia Fight Night 14
2022-07-29,Gauge Young,Demagio Smith,Gauge Young,,
2022-07-30,Drakkar Klose,Rafa Garcia,Drakkar Klose,DEC,
2022-07-30,Derrick Lewis,Sergei Pavlovich,Sergei Pavlovich,KO/TKO,
2022-07-30,Alexandre Pantoja,Alex Perez,Alexandre Pantoja,SUB,
2022-07-30,Brandon Moreno,Kai Kara-France,Brandon Moreno,KO/TKO,
2022-07-30,Julianna Pena,Amanda Nunes,Amanda Nunes,DEC,
2022-07-30,Luiz Cado,Luis Felipe Dias,Luiz Cado,,Brave CF 60
2022-07-30,Ateba Gautier,Jan Lysak,Ateba Gautier,,Vida Fight Championship 3
2022-07-30,Michael Morales,Adam Fugitt,Michael Morales,KO/TKO,
2022-07-30,Magomed Ankalaev,Anthony Smith,Magomed Ankalaev,KO/TKO,
2022-07-30,Alex Morono,Matthew Semelsberger,Alex Morono,DEC,
2022-07-30,Nicolae Negumereanu,Ihor Potieria,Nicolae Negumereanu,KO/TKO,
2022-07-30,Orion Cosce,Blood Diamond,Orion Cosce,DEC,
2022-07-30,Joselyne Edwards,Ji Yeon Kim,Joselyne Edwards,DEC,
2022-07-30,Drew Dober,Rafael Alves,Drew Dober,KO/TKO,
2022-07-31,Ding Meng,Damu Wu,Ding Meng,,
2022-08-03,Waldo Cortes Acosta,Danilo Suzart,Waldo Cortes Acosta,,
2022-08-03,Billy Ray Goff,Shimon Smotritsky,Billy Ray Goff,,
2022-08-05,Junior Tafa,Kelvin Fitial,Junior Tafa,,Hex Fight Series 23
2022-08-06,Mohammed Usman,Zac Pauga,Mohammed Usman,KO/TKO,
2022-08-06,Damian Pinas,Jeandrick Croes,Damian Pinas,,Caribbean FC 8: Wester vs. Otalora
2022-08-06,Augusto Sakai,Serghei Spivac,Serghei Spivac,KO/TKO,
2022-08-06,Terrance McKinney,Erick Gonzalez,Terrance McKinney,SUB,
2022-08-06,Axel Sola,Wladimir Holodenko,Axel Sola,,Brave CF 61
2022-08-06,Thiago Santos,Jamahal Hill,Jamahal Hill,KO/TKO,
2022-08-06,Vicente Luque,Geoff Neal,Geoff Neal,KO/TKO,
2022-08-06,Sam Alvey,Michal Oleksiejczuk,Michal Oleksiejczuk,KO/TKO,
2022-08-06,Brogan Walker,Juliana Miller,Juliana Miller,KO/TKO,
2022-08-06,Bryan Battle,Takashi Sato,Bryan Battle,KO/TKO,
2022-08-06,Cory McKenna,Miranda Granger,Cory McKenna,SUB,
2022-08-06,Mayra Bueno Silva,Stephanie Egger,Mayra Bueno Silva,SUB,
2022-08-10,Clayton Carpenter,Édgar Cháirez,Clayton Carpenter,,
2022-08-12,Muhammad Naimov,Sitik Muduev,Muhammad Naimov,,Tuff-N-Uff 129
2022-08-13,Yazmin Jauregui,Iasmin Lucindo,Yazmin Jauregui,DEC,
2022-08-13,Francesco Nuzzi,Moktar Benkaci,,Draw,
2022-08-13,Marlon Vera,Dominick Cruz,Marlon Vera,KO/TKO,
2022-08-13,Ode Osbourne,Tyson Nam,Tyson Nam,KO/TKO,
2022-08-13,Devin Clark,Azamat Murzakanov,Azamat Murzakanov,KO/TKO,
2022-08-13,Cynthia Calvillo,Nina Nunes,Nina Nunes,DEC,
2022-08-13,Angela Hill,Loopy Godinez,Angela Hill,DEC,
2022-08-13,Trevor Peek,Khama Worthy,Trevor Peek,,Aries Fight Series: AMPD
2022-08-13,Martin Buday,Lukasz Brzeski,Martin Buday,DEC,
2022-08-13,Jason Witt,Josh Quinlan,Josh Quinlan,KO/TKO,
2022-08-13,Gabriel Benitez,Charlie Ontiveros,Gabriel Benitez,KO/TKO,
2022-08-13,Nate Landwehr,David Onama,Nate Landwehr,DEC,
2022-08-13,Priscila Cachoeira,Ariane da Silva,Priscila Cachoeira,KO/TKO,
2022-08-13,Bruno Silva,Gerald Meerschaert,Gerald Meerschaert,SUB,
2022-08-14,Joshua Van,Paris Moran,Joshua Van,,Fury Fighting Championship 67
2022-08-17,Esteban Ribovics,Thomas Paull,Esteban Ribovics,,
2022-08-20,Sean Woodson,Luis Saldana,,Draw,
2022-08-20,Wu Yanan,Lucie Pudilova,Lucie Pudilova,KO/TKO,
2022-08-20,Quillan Salkilld,Dom Mar Fan,Quillan Salkilld,,
2022-08-20,Jose Aldo,Merab Dvalishvili,Merab Dvalishvili,DEC,
2022-08-20,Paulo Costa,Luke Rockhold,Paulo Costa,DEC,
2022-08-20,AJ Fletcher,Ange Loosa,Ange Loosa,DEC,
2022-08-20,Kamaru Usman,Leon Edwards,Leon Edwards,KO/TKO,
2022-08-20,Tyson Pedro,Harry Hunsucker,Tyson Pedro,KO/TKO,
2022-08-20,Leonardo Santos,Jared Gordon,Jared Gordon,DEC,
2022-08-20,Amir Albazi,Francisco Figueiredo,Amir Albazi,SUB,
2022-08-20,Rafael Tobias,Haroldo Mesquita,Rafael Tobias,,
2022-08-20,Abraham Bably,Louie Sutherland,Abraham Bably,,2022 PFL Playoffs: Featherweights & Women's Lightweights
2022-08-20,Aoriqileng,Jay Perrin,Aoriqileng,DEC,
2022-08-20,Marcin Tybura,Alexandr Romanov,Marcin Tybura,DEC,
2022-08-20,Daniel Lacerda,Victor Altamirano,Victor Altamirano,KO/TKO,
2022-08-21,Diyar Nurgozhay,Konstantin Andreitsev,Diyar Nurgozhay,,Eagle FC 50
2022-08-24,Denise Gomes,Rayanne dos Santos,Denise Gomes,,
2022-08-24,Mick Parkin,Eduardo Neves,Mick Parkin,,
2022-08-25,Namsrai Batbayar,Zagdsuren Baljinnyam,Namsrai Batbayar,,
2022-08-26,Eric Nolan,Ibrahim Kallie,Eric Nolan,,CFFC 112: Perez vs. Wells
2022-08-26,Ty Miller,Manny Morales,Ty Miller,,CFFC 112: Perez vs. Wells
2022-08-27,Richie Miranda,Elijah Harris,Richie Miranda,,
2022-08-27,Ilimbek Akylbek Uulu,Nodir Aliododov,Ilimbek Akylbek Uulu,,Octagon 34
2022-08-27,Wes Schultz,Jon Knutson,Wes Schultz,,LFA 140: Mota vs. Abuev
2022-08-27,Melissa Croden,Cornelia Holm,Melissa Croden,,PAWFC: Pallas Athena Women's Fighting Championship 2
2022-08-28,Feroz Nejrabi,Mehemmedeli Osmanli,Feroz Nejrabi,,Nurlan Fight Arena 1
2022-09-03,Alessio Di Chirico,Roman Kopylov,Roman Kopylov,KO/TKO,
2022-09-03,Farés Ziam,Michal Figlak,Farés Ziam,DEC,
2022-09-03,Ciryl Gane,Tai Tuivasa,Ciryl Gane,KO/TKO,
2022-09-03,Khalid Taha,Cristian Quinonez,Cristian Quinonez,KO/TKO,
2022-09-03,Benoit Saint-Denis,Gabriel Miranda,Benoit Saint-Denis,KO/TKO,
2022-09-03,John Makdessi,Nasrat Haqparast,Nasrat Haqparast,DEC,
2022-09-03,William Gomis,Jarno Errens,William Gomis,DEC,
2022-09-03,Stephanie Egger,Ailin Perez,Stephanie Egger,SUB,
2022-09-03,Charles Jourdain,Nathaniel Wood,Nathaniel Wood,DEC,
2022-09-03,Abus Magomedov,Dustin Stoltzfus,Abus Magomedov,KO/TKO,
2022-09-03,Robert Whittaker,Marvin Vettori,Robert Whittaker,DEC,
2022-09-03,Nassourdine Imavov,Joaquin Buckley,Nassourdine Imavov,DEC,
2022-09-07,Vitor Petrino,Rodolfo Bellato,Vitor Petrino,,
2022-09-07,Gabriel Bonfim,Trey Waters,Gabriel Bonfim,,
2022-09-10,Chad Anheliger,Alatengheili,Alatengheili,DEC,
2022-09-10,Khamzat Chimaev,Kevin Holland,Khamzat Chimaev,SUB,
2022-09-10,Darian Weeks,Yohan Lainesse,Yohan Lainesse,DEC,
2022-09-10,Norma Dumont,Danyelle Wolf,Norma Dumont,DEC,
2022-09-10,Nate Diaz,Tony Ferguson,Nate Diaz,SUB,
2022-09-10,Irene Aldana,Macy Chiasson,Irene Aldana,KO/TKO,
2022-09-10,Melissa Martinez,Elise Reed,Elise Reed,DEC,
2022-09-10,Rafael Tobias,Alexandre Borges,Rafael Tobias,,
2022-09-10,Jhonata Diniz,Roberson Andrade,Jhonata Diniz,,Metanoia Fight Combat: MFC Premium
2022-09-10,Jake Collier,Chris Barnett,Chris Barnett,KO/TKO,
2022-09-10,Denis Tiuliulin,Jamie Pickett,Denis Tiuliulin,KO/TKO,
2022-09-10,Hakeem Dawodu,Julian Erosa,Julian Erosa,DEC,
2022-09-10,Johnny Walker,Ion Cutelaba,Johnny Walker,SUB,
2022-09-10,Jailton Almeida,Anton Turkalj,Jailton Almeida,SUB,
2022-09-10,Li Jingliang,Daniel Rodriguez,Daniel Rodriguez,DEC,
2022-09-11,Rei Tsuruya,Masatoshi Ueda,Rei Tsuruya,,Pancrase: 329
2022-09-14,Trevor Peek,Malik Lewis,Trevor Peek,,
2022-09-16,Nora Cornolle,Asmaa Abach,Nora Cornolle,,UAE Warriors 32: Africa 3
2022-09-17,Anthony Hernandez,Marc-Andre Barriault,Anthony Hernandez,SUB,
2022-09-17,Tony Gravely,Javid Basharat,Javid Basharat,DEC,
2022-09-17,Trevin Giles,Louis Cosce,Trevin Giles,DEC,
2022-09-17,Mariya Agapova,Gillian Robertson,Gillian Robertson,SUB,
2022-09-17,Gigi Canuto,Jamie Colleen Miller,Gigi Canuto,,
2022-09-17,Chidi Njokuani,Gregory Rodrigues,Gregory Rodrigues,KO/TKO,
2022-09-17,Cory Sandhagen,Song Yadong,Cory Sandhagen,KO/TKO,
2022-09-17,Joe Pyfer,Alen Amedovski,Joe Pyfer,KO/TKO,
2022-09-17,Denise Gomes,Loma Lookboonmee,Loma Lookboonmee,DEC,
2022-09-17,Trey Ogden,Daniel Zellhuber,Trey Ogden,DEC,
2022-09-17,Tanner Boser,Rodrigo Nascimento,Rodrigo Nascimento,DEC,
2022-09-17,Damon Jackson,Pat Sabatini,Damon Jackson,KO/TKO,
2022-09-17,Andre Fili,Bill Algeo,Andre Fili,DEC,
2022-09-17,Nikolas Motta,Cameron VanCamp,Nikolas Motta,KO/TKO,
2022-09-21,Raul Rosas Jr.,Mando Gutierrez,Raul Rosas Jr.,,
2022-09-21,Nurullo Aliev,Josh Wick,Nurullo Aliev,,
2022-09-21,Brunno Ferreira,Leon Aliu,Brunno Ferreira,,
2022-09-22,Gisela Luna,Sofia Montenegro,Gisela Luna,,FFC 53: Argentina
2022-09-22,Rodrigo Vera,Jonathan Martinez,Rodrigo Vera,,FFC 53: Argentina
2022-09-23,MarQuel Mederos,Darren Whitney,MarQuel Mederos,,
2022-09-23,Cam Rowston,Pane Haraki,Cam Rowston,,Shuriken Fight Series 12
2022-09-23,Daniil Donchenko,Arkhat Mynbaev,Daniil Donchenko,,Naiza Fighting Championship 44
2022-09-24,Eduarda Moura,Bianca Sattelmayer,Eduarda Moura,,Demo Fight 14
2022-09-24,Robert Bryczek,Mateusz Strzelczyk,Robert Bryczek,,MMA Attack 4 - Comeback
2022-09-25,Kevin Borjas,Sebastiao da Silva Calixto,Kevin Borjas,,Inka FC 35: Borjas vs. Calixto
2022-09-28,Jack Jenkins,Emiliano Linares,Jack Jenkins,,
2022-09-29,Valesca Machado,Liz Tracy,Valesca Machado,,Invicta FC 49: Delboni vs. DeCoursey
2022-09-30,Andrey Pulyaev,Aleksander Kurshinsky,Andrey Pulyaev,,Shlemenko Fighting Championship 5
2022-09-30,JooSang Yoo,Gustavo Wurlitzer,JooSang Yoo,,AFC 20: Angel's Fighting Championship
2022-10-01,Mike Davis,Viacheslav Borshchev,Mike Davis,DEC,
2022-10-01,Jingnan Xiong,Angela Lee,Jingnan Xiong,,
2022-10-01,Julija Stoliarenko,Chelsea Chandler,Chelsea Chandler,KO/TKO,
2022-10-01,Mackenzie Dern,Yan Xiaonan,Yan Xiaonan,DEC,
2022-10-01,Lucas Fernando,Fabio Aguiar,Lucas Fernando,,
2022-10-01,Jeremy Kennedy,Aaron Pico,Jeremy Kennedy,,Bellator 286: Pitbull vs. Borics
2022-10-01,Raoni Barcelos,Trevin Jones,Raoni Barcelos,DEC,
2022-10-01,Randy Brown,Francisco Trinaldo,Randy Brown,DEC,
2022-10-01,Kauê Fernandes,Jose Arly,Kauê Fernandes,,
2022-10-01,Krzysztof Jotko,Brendan Allen,Brendan Allen,SUB,
2022-10-01,Patricio Pitbull,Adam Borics,Patricio Pitbull,,Bellator 286: Pitbull vs. Borics
2022-10-01,Sodiq Yusuff,Don Shainis,Sodiq Yusuff,SUB,
2022-10-01,John Castaneda,Daniel Santos,Daniel Santos,KO/TKO,
2022-10-01,Bruno Lopes,Willyanedson Paiva,Bruno Lopes,,
2022-10-01,Guido Cannetti,Randy Costa,Guido Cannetti,SUB,
2022-10-01,Joaquim Silva,Jesse Ronson,Joaquim Silva,KO/TKO,
2022-10-01,Ilir Latifi,Aleksei Oleinik,Ilir Latifi,DEC,
2022-10-07,Yadier del Valle,Miguel Lugo,Yadier del Valle,,Combate Global: Martinez vs. Osuna
2022-10-07,David Martinez,Axel Osuna,David Martinez,,Combate Global: Martinez vs. Osuna
2022-10-08,Josiah Harrell,Tracy Reeder,Josiah Harrell,,CFFC 113: Sears vs. Velasco
2022-10-08,Andre Lima,Joao Vitor Oliveira,Andre Lima,,
2022-10-08,Michael Aljarouj,Sylvain Sommerei,Michael Aljarouj,KO/TKO,MMAGP
2022-10-09,Nilson Rojas,John Alvarez,Nilson Rojas,,
2022-10-15,Alexa Grasso,Viviane Araujo,Alexa Grasso,DEC,
2022-10-15,Matthieu Letho Duclos,Giorgi Egnatashvili,Matthieu Letho Duclos,,HMMA 5: Hexagone MMA
2022-10-15,Cub Swanson,Jonathan Martinez,Jonathan Martinez,KO/TKO,
2022-10-15,Nick Maximov,Jacob Malkoun,Jacob Malkoun,DEC,
2022-10-15,Abdul-Rakhman Yakhyaev,Mohamadou Lamine,Abdul-Rakhman Yakhyaev,,Khan Fight 1: Hafizoglu vs. Samedov
2022-10-15,Misha Cirkunov,Alonzo Menifield,Alonzo Menifield,KO/TKO,
2022-10-15,Tatsuro Taira,CJ Vergara,Tatsuro Taira,SUB,
2022-10-15,Piera Rodriguez,Sam Hughes,Piera Rodriguez,DEC,
2022-10-15,Mike Jackson,Pete Rodriguez,Pete Rodriguez,KO/TKO,
2022-10-15,Joanderson Brito,Lucas Alexander,Joanderson Brito,SUB,
2022-10-15,Mana Martinez,Brandon Davis,Mana Martinez,DEC,
2022-10-15,Carli Judice,Ivana Coleman,Carli Judice,,
2022-10-15,Jordan Wright,Duško Todorović,Duško Todorović,KO/TKO,
2022-10-15,Raphael Assuncao,Victor Henry,Raphael Assuncao,DEC,
2022-10-19,Marcin Bandel,Ismail Naurdiev,Marcin Bandel,,Brave CF 63
2022-10-20,Rongzhu,Felipe Maia,Rongzhu,,UAE Warriors 34
2022-10-22,Beneil Dariush,Mateusz Gamrot,Beneil Dariush,DEC,
2022-10-22,Payton Talbott,Anthony Jimenez,Payton Talbott,,Urijah Faber's A1 Combat 6
2022-10-22,Petr Yan,Sean O'Malley,Sean O'Malley,DEC,
2022-10-22,Armen Petrosyan,AJ Dobson,Armen Petrosyan,DEC,
2022-10-22,Charles Oliveira,Islam Makhachev,Islam Makhachev,SUB,
2022-10-22,Muhammad Mokaev,Malcolm Gordon,Muhammad Mokaev,SUB,
2022-10-22,Karol Rosa,Lina Lansberg,Karol Rosa,DEC,
2022-10-22,Namsrai Batbayar,Ayuush Ariungerel,Namsrai Batbayar,,
2022-10-22,Volkan Oezdemir,Nikita Krylov,Nikita Krylov,DEC,
2022-10-22,Abubakar Nurmagomedov,Gadzhi Omargadzhiev,Abubakar Nurmagomedov,DEC,
2022-10-22,Aljamain Sterling,TJ Dillashaw,Aljamain Sterling,KO/TKO,
2022-10-22,Makhmud Muradov,Caio Borralho,Caio Borralho,DEC,
2022-10-22,Belal Muhammad,Sean Brady,Belal Muhammad,KO/TKO,
2022-10-22,Katlyn Cerminara,Manon Fiorot,Manon Fiorot,DEC,
2022-10-22,Kody Steele,Brakenden Freeman,Kody Steele,,Fury FC: Challenger Series 1
2022-10-23,Rinya Nakamura,Shohei Nose,Rinya Nakamura,,Road to UFC: Episode 6
2022-10-28,Shamil Gaziev,Pavel Dailidko,Shamil Gaziev,,Brave CF 65
2022-10-29,Andrei Arlovski,Marcos Rogerio de Lima,Marcos Rogerio de Lima,SUB,
2022-10-29,Dustin Jacoby,Khalil Rountree Jr.,Khalil Rountree Jr.,DEC,
2022-10-29,Waldo Cortes Acosta,Jared Vanderaa,Waldo Cortes Acosta,DEC,
2022-10-29,Rafael Tobias,Nathan Oliveira,Rafael Tobias,,
2022-10-29,Josh Fremd,Tresean Gore,Tresean Gore,SUB,
2022-10-29,Chase Hooper,Steve Garcia,Steve Garcia,KO/TKO,
2022-10-29,Tim Means,Max Griffin,Max Griffin,DEC,
2022-10-29,Phil Hawes,Roman Dolidze,Roman Dolidze,KO/TKO,
2022-10-29,Christian Rodriguez,Joshua Weems,Christian Rodriguez,SUB,
2022-10-29,Joseph Holmes,JunYong Park,JunYong Park,SUB,
2022-10-29,Cody Durden,Carlos Mota,Cody Durden,DEC,
2022-10-29,Calvin Kattar,Arnold Allen,Arnold Allen,KO/TKO,
2022-10-30,Fabia Sintes,Enzo Perez,Fabia Sintes,,Combate Global: Kraken vs. Azizoun
2022-10-30,Melissa Amaya,Alitzel Mariscal,Melissa Amaya,,Combate Global: Kraken vs. Azizoun
2022-11-04,Imanol Rodriguez,Dante Diaz,Imanol Rodriguez,,Budo Sento Championship 11
2022-11-04,Eric McConico,Freddy Sandoval,Eric McConico,,Freedom Fight Night 3
2022-11-04,Modestas Bukauskas,Lee Chadwick,Modestas Bukauskas,,CW 145: Cage Warriors 145
2022-11-04,Jose Delgado,Jorge Juarez,Jose Delgado,,Freedom Fight Night 3
2022-11-05,Grant Dawson,Mark Madsen,Grant Dawson,SUB,
2022-11-05,Eduarda Moura,Paisiella De Souza Moraes,Eduarda Moura,,WS Fighting 6
2022-11-05,Polyana Viana,Jinh Yu Frey,Polyana Viana,KO/TKO,
2022-11-05,Liudvik Sholinian,Johnny Munoz,Johnny Munoz,DEC,
2022-11-05,Tagir Ulanbekov,Nate Maness,Tagir Ulanbekov,SUB,
2022-11-05,Levi Rodrigues Jr.,Leonardo Genuino,Levi Rodrigues Jr.,,LFA 146: Barbosa vs. Santos
2022-11-05,Carlos Candelario,Jake Hadley,Jake Hadley,SUB,
2022-11-05,Darrick Minner,Shayilan Nuerdanbieke,Shayilan Nuerdanbieke,KO/TKO,
2022-11-05,Marina Rodriguez,Amanda Lemos,Amanda Lemos,KO/TKO,
2022-11-05,Grant Dawson,Mark O. Madsen,Grant Dawson,,
2022-11-05,Gabriel Santos,Marcio Barbosa,Gabriel Santos,,LFA 146: Barbosa vs. Santos
2022-11-05,Julia Polastri,Bianca Sattelmayer,Julia Polastri,,LFA 146: Barbosa vs. Santos
2022-11-05,Miranda Maverick,Shanna Young,Miranda Maverick,DEC,
2022-11-05,Mario Bautista,Benito Lopez,Mario Bautista,SUB,
2022-11-05,Damian Pinas,Julio Cesar,Damian Pinas,,Aruba Fighting Championship 11
2022-11-05,Tamires Vidal,Ramona Pascual,Tamires Vidal,KO/TKO,
2022-11-05,Neil Magny,Daniel Rodriguez,Neil Magny,SUB,
2022-11-12,Michael Trizano,SeungWoo Choi,Michael Trizano,KO/TKO,
2022-11-12,Carla Esparza,Zhang Weili,Zhang Weili,SUB,
2022-11-12,Dan Hooker,Claudio Puelles,Dan Hooker,KO/TKO,
2022-11-12,Matt Frevola,Ottman Azaitar,Matt Frevola,KO/TKO,
2022-11-12,Julio Arce,Montel Jackson,Montel Jackson,DEC,
2022-11-12,Mansur Abdul-Malik,Zion Tomlinson,Mansur Abdul-Malik,,Shogun Fights 25
2022-11-12,Andre Lima,Luis Farias,Andre Lima,,
2022-11-12,Dustin Poirier,Michael Chandler,Dustin Poirier,SUB,
2022-11-12,Israel Adesanya,Alex Pereira,Alex Pereira,KO/TKO,
2022-11-12,Dominick Reyes,Ryan Spann,Ryan Spann,KO/TKO,
2022-11-12,Frankie Edgar,Chris Gutierrez,Chris Gutierrez,KO/TKO,
2022-11-12,Salahdine Parnasse,Sebastian Rajewski,Salahdine Parnasse,,KSW 76: Rajewski vs. Parnasse
2022-11-12,Karolina Kowalkiewicz,Silvana Gomez Juarez,Karolina Kowalkiewicz,DEC,
2022-11-12,Erin Blanchfield,Molly McCann,Erin Blanchfield,SUB,
2022-11-12,Brad Riddell,Renato Moicano,Renato Moicano,SUB,
2022-11-12,Andre Petroski,Wellington Turman,Andre Petroski,DEC,
2022-11-12,Carlos Ulberg,Nicolae Negumereanu,Carlos Ulberg,KO/TKO,
2022-11-12,Christian Leroy Duncan,Marian Dimitrov,Christian Leroy Duncan,,Cage Warriors 146
2022-11-17,Valesca Machado,Ediana Silva,Valesca Machado,,Invicta FC 50: Invicta Fighting Championships
2022-11-17,Valesca Machado,Karolina Wojcik,Valesca Machado,,Invicta FC 50: Invicta Fighting Championships
2022-11-18,Leonardo Morales,Ryan Kuse,Leonardo Morales,,
2022-11-18,Nilson Rojas,Miguel Angel Fierro,Nilson Rojas,,
2022-11-19,Kennedy Nzechukwu,Ion Cutelaba,Kennedy Nzechukwu,KO/TKO,
2022-11-19,Vince Morales,Miles Johns,Miles Johns,DEC,
2022-11-19,Jennifer Maia,Maryna Moroz,Jennifer Maia,DEC,
2022-11-19,Vanessa Demopoulos,Maria Oliveira,Vanessa Demopoulos,DEC,
2022-11-19,Jack Della Maddalena,Danny Roberts,Jack Della Maddalena,KO/TKO,
2022-11-19,Nyamjargal Tumendemberel,Namsrai Batbayar,Nyamjargal Tumendemberel,,
2022-11-19,Chase Sherman,Waldo Cortes Acosta,Waldo Cortes Acosta,DEC,
2022-11-19,Charles Johnson,Zhalgas Zhumagulov,Charles Johnson,DEC,
2022-11-19,Andre Fialho,Muslim Salikhov,Muslim Salikhov,KO/TKO,
2022-11-19,Ricky Turcios,Kevin Natividad,Ricky Turcios,DEC,
2022-11-19,Brady Hiestand,Fernie Garcia,Brady Hiestand,DEC,
2022-11-19,Natalia Silva,Tereza Bleda,Natalia Silva,KO/TKO,
2022-11-19,Jessie Rosas,Raymond Smith,Jessie Rosas,,Bear River FC 16
2022-11-20,Morgan Charrière,Daniel Bazant,Morgan Charrière,,CW 147: Cage Warriors Unplugged
2022-11-20,Jhonata Diniz,Guilherme Lazzarini,Jhonata Diniz,,Imortal FC 11: Rock N' Fight
2022-11-24,Eduarda Moura,Eduarda Santana,Eduarda Moura,,Thunder Fight 39
2022-11-24,Djorden Santos,Filipe Moitinho,Djorden Santos,,Thunder Fight 39
2022-11-25,Édgar Cháirez,Roberto Guerrero,Édgar Cháirez,,UWC Mexico 40: Sabori vs. Sanchez
2022-11-25,Ramazan Temirov,Kayck Alencar,Ramazan Temirov,,Naiza Fighting Championship 48
2022-11-26,Junior Tafa,Nicolas Djurdjevic,Junior Tafa,,Brave CF 66
2022-11-26,Guilherme Pat,Ronny De Souza,Guilherme Pat,,
2022-11-27,Ryan Gandra,Douglas Santos Rakchal,Ryan Gandra,,Federacao Fight 14
2022-12-03,Bryan Barberena,Rafael Dos Anjos,Rafael Dos Anjos,SUB,
2022-12-03,Matheus Nicolau,Matt Schnell,Matheus Nicolau,KO/TKO,
2022-12-03,Eryk Anders,Kyle Daukaus,Eryk Anders,KO/TKO,
2022-12-03,Natan Levy,Genaro Valdez,Natan Levy,DEC,
2022-12-03,Robert Bryczek,Abdel Rahmane Driai,Robert Bryczek,,OKTAGON 37: Kozma vs. Brito
2022-12-03,Angela Hill,Emily Ducote,Angela Hill,DEC,
2022-12-03,Darren Elkins,Jonathan Pearce,Jonathan Pearce,DEC,
2022-12-03,Clay Guida,Scott Holtzman,Clay Guida,DEC,
2022-12-03,Michael Johnson,Marc Diakiese,Michael Johnson,DEC,
2022-12-03,Anatoly Malykhin,Reinier de Ridder,Anatoly Malykhin,,
2022-12-03,Jack Hermansson,Roman Dolidze,Roman Dolidze,KO/TKO,
2022-12-03,Timmy Cuamba,Alexander Schenk,Timmy Cuamba,,iKON FC 6: iKON Fighting Championship
2022-12-03,Stephen Thompson,Kevin Holland,Stephen Thompson,KO/TKO,
2022-12-03,Niko Price,Phil Rowe,Phil Rowe,KO/TKO,
2022-12-03,Yazmin Jauregui,Istela Nunes,Yazmin Jauregui,KO/TKO,
2022-12-03,Marcelo Rojo,Francis Marshall,Francis Marshall,KO/TKO,
2022-12-03,Tai Tuivasa,Sergei Pavlovich,Sergei Pavlovich,KO/TKO,
2022-12-10,Edmen Shahbazyan,Dalcha Lungiambula,Edmen Shahbazyan,KO/TKO,
2022-12-10,Paddy Pimblett,Jared Gordon,Paddy Pimblett,DEC,
2022-12-10,Billy Quarantillo,Alexander Hernandez,Billy Quarantillo,KO/TKO,
2022-12-10,Bryce Mitchell,Ilia Topuria,Ilia Topuria,SUB,
2022-12-10,Chris Curtis,Joaquin Buckley,Chris Curtis,KO/TKO,
2022-12-10,TJ Brown,Erik Silva,TJ Brown,SUB,
2022-12-10,Santiago Ponzinibbio,Alex Morono,Santiago Ponzinibbio,KO/TKO,
2022-12-10,Jairzinho Rozenstruik,Chris Daukaus,Jairzinho Rozenstruik,KO/TKO,
2022-12-10,Bobby Lee,Gauge Young,Bobby Lee,,
2022-12-10,Raul Rosas Jr.,Jay Perrin,Raul Rosas Jr.,SUB,
2022-12-10,Cameron Saaiman,Steven Koslow,Cameron Saaiman,KO/TKO,
2022-12-10,Darren Till,Dricus Du Plessis,Dricus Du Plessis,SUB,
2022-12-10,Jakyp Tuganbaev,Andrey Pulyaev,Jakyp Tuganbaev,,ASI Championship 6
2022-12-10,Richie Miranda,James Wilson,Richie Miranda,,
2022-12-11,Mehemmedeli Osmanli,Cebrail Demir,Mehemmedeli Osmanli,,Nurlan Fight Arena 2
2022-12-16,Bilal Hasan,Xhelal Lleshi,Bilal Hasan,,
2022-12-16,Louis Jourdain,Gabe Sagman,Louis Jourdain,,Unified MMA 48
2022-12-16,Eric Nolan,Derrick Ageday,Eric Nolan,,CFFC 116: Torres vs. Mathison
2022-12-16,Klaudia Syguła,Ana Lobzhanidze,Klaudia Syguła,,FEN 43: Fight Exclusive Night 43
2022-12-17,Sergey Morozov,Journey Newson,Sergey Morozov,DEC,
2022-12-17,Kurtis Campbell,Hakem Alshubrem,Kurtis Campbell,,FCC: Full Contact Contender 32
2022-12-17,Vadym Kutsyi,Ismail Naurdiev,Vadym Kutsyi,,Brave CF 68
2022-12-17,Cody Brundage,Michal Oleksiejczuk,Michal Oleksiejczuk,KO/TKO,
2022-12-17,Andre Lima,Victor Santos,Andre Lima,,
2022-12-17,Jake Matthews,Matthew Semelsberger,Matthew Semelsberger,DEC,
2022-12-17,Alex Caceres,Julian Erosa,Alex Caceres,KO/TKO,
2022-12-17,Drew Dober,King Green,Drew Dober,KO/TKO,
2022-12-17,Amir Albazi,Alessandro Costa,Amir Albazi,KO/TKO,
2022-12-17,David Dvorak,Manel Kape,Manel Kape,DEC,
2022-12-17,Rafa Garcia,Maheshate,Rafa Garcia,DEC,
2022-12-17,Jared Cannonier,Sean Strickland,Jared Cannonier,DEC,
2022-12-17,Arman Tsarukyan,Damir Ismagulov,Arman Tsarukyan,DEC,
2022-12-17,Axel Sola,Matheus Miranda,Axel Sola,,Brave CF 68
2022-12-17,Cheyanne Vlismas,Cory McKenna,Cory McKenna,DEC,
2022-12-17,Said Nurmagomedov,Saidyokub Kakhramonov,Said Nurmagomedov,SUB,
2022-12-17,Bryan Battle,Rinat Fakhretdinov,Rinat Fakhretdinov,DEC,
2022-12-18,Joshua Van,Cleveland McLean,Joshua Van,,Fury Fighting Championship 72
2022-12-18,Michael Aswell,Cameron Graves,Michael Aswell,,Fury Fighting Championship 72
2022-12-25,Rei Tsuruya,Satoru Enomoto,Rei Tsuruya,,Pancrase: 330
2022-12-30,JooSang Yoo,Shunichi Shimizu,JooSang Yoo,,AFC 22: Angel's Fighting Championship
2022-12-31,Patricio Pitbull,Kleber Koike Erbst,Patricio Pitbull,,Bellator MMA vs. Rizin
2022-12-31,Junior Tafa,Tsuyoshi Sudario,Junior Tafa,,Rizin FF: Rizin Fighting Federation 40
2022-12-31,Modestas Bukauskas,Chuck Campbell,Modestas Bukauskas,,CW 148: Cage Warriors 148
2023-01-07,Abdul-Rakhman Yakhyaev,Nikolay Kovalenko,Abdul-Rakhman Yakhyaev,,Khan Fight 2: Blood for Gold
2023-01-14,Allan Nascimento,Carlos Hernandez,Allan Nascimento,SUB,
2023-01-14,Sean Strickland,Nassourdine Imavov,Sean Strickland,DEC,
2023-01-14,Jackson McVey,Deven Paulsen,Jackson McVey,,LFA 150: Farias vs. Sweeney
2023-01-14,Ketlen Vieira,Raquel Pennington,Raquel Pennington,DEC,
2023-01-14,Charles Johnson,Jimmy Flick,Charles Johnson,KO/TKO,
2023-01-14,Claudio Ribeiro,Abdul Razak Alhassan,Abdul Razak Alhassan,KO/TKO,
2023-01-14,Punahele Soriano,Roman Kopylov,Roman Kopylov,KO/TKO,
2023-01-14,Dylan Budka,Wes Schultz,Dylan Budka,,LFA 150: Farias vs. Sweeney
2023-01-14,Umar Nurmagomedov,Raoni Barcelos,Umar Nurmagomedov,KO/TKO,
2023-01-14,Javid Basharat,Mateus Mendonca,Javid Basharat,DEC,
2023-01-14,Mateusz Rębecki,Nick Fiore,Mateusz Rębecki,DEC,
2023-01-14,Dan Ige,Damon Jackson,Dan Ige,KO/TKO,
2023-01-14,Dan Argueta,Nick Aguirre,Dan Argueta,DEC,
2023-01-20,Stan Dorsainvil,Hernandez Banks,Stan Dorsainvil,,
2023-01-21,Saimon Oliveira,Daniel Marcos,Daniel Marcos,KO/TKO,
2023-01-21,Thiago Moises,Melquizael Costa,Thiago Moises,SUB,
2023-01-21,Luan Lacerda,Cody Stamann,Cody Stamann,DEC,
2023-01-21,Lauren Murphy,Jessica Andrade,Jessica Andrade,DEC,
2023-01-21,Mauricio Rua,Ihor Potieria,Ihor Potieria,KO/TKO,
2023-01-21,Ismael Bonfim,Terrance McKinney,Ismael Bonfim,KO/TKO,
2023-01-21,Glover Teixeira,Jamahal Hill,Jamahal Hill,DEC,
2023-01-21,Warlley Alves,Nicolas Dalby,Nicolas Dalby,DEC,
2023-01-21,Paul Craig,Johnny Walker,Johnny Walker,KO/TKO,
2023-01-21,Gregory Rodrigues,Brunno Ferreira,Brunno Ferreira,KO/TKO,
2023-01-21,Shamil Abdurakhimov,Jailton Almeida,Jailton Almeida,KO/TKO,
2023-01-21,Gilbert Burns,Neil Magny,Gilbert Burns,SUB,
2023-01-21,Josiane Nunes,Zarah Fairn,Josiane Nunes,DEC,
2023-01-21,Deiveson Figueiredo,Brandon Moreno,Brandon Moreno,KO/TKO,
2023-01-21,Gabriel Bonfim,Mounir Lazzez,Gabriel Bonfim,SUB,
2023-01-22,Nora Cornolle,Priscila de Souza,Nora Cornolle,,HMMA 6: Hexagone MMA
2023-01-22,Matthieu Letho Duclos,Tobiasz Lewandowski,Matthieu Letho Duclos,,HMMA 6: Hexagone MMA
2023-01-28,Cam Nelson,Colton Braden Simon,Cam Nelson,,
2023-01-28,Cameron Nelson,Colton Braden Simon,Cameron Nelson,,
2023-01-28,Jhonata Diniz,Carlos Nascimento Junior,Jhonata Diniz,,Spartacus MMA: Spartacus Fight Event 27
2023-01-29,Chris Padilla,Eljeria Portee,Chris Padilla,,Up Next Fighting 4
2023-01-29,Kody Steele,Sam Kilmer,Kody Steele,,Fury Fighting Championship 73
2023-01-29,Julia Polastri,Brenda Gottig,Julia Polastri,,LFA 151: Delano vs. Santos
2023-02-02,Rodrigo Vera,Rickson Zenidim,Rodrigo Vera,,FFC 57: Vera vs. Zenidim
2023-02-03,Andrey Pulyaev,Asian Asukhanov,Andrey Pulyaev,,SFC 6: Shlemenko Fighting Championship 6
2023-02-03,Joseph Morales,Anthony Do,Joseph Morales,,Urijah Faber's A1 Combat 8
2023-02-04,SeungGuk Choi,HyunSung Park,HyunSung Park,SUB,
2023-02-04,Ryan Gandra,Miguel Porto,Ryan Gandra,,Spartacus MMA: Spartacus Fight Event 28
2023-02-04,Yusaku Kinoshita,Adam Fugitt,Adam Fugitt,KO/TKO,
2023-02-04,JeongYeong Lee,Yizha,JeongYeong Lee,DEC,
2023-02-04,Toshiomi Kazama,Rinya Nakamura,Rinya Nakamura,KO/TKO,
2023-02-04,Jeka Saragih,Anshul Jubli,Anshul Jubli,KO/TKO,
2023-02-04,Marcin Tybura,Blagoy Ivanov,Marcin Tybura,DEC,
2023-02-04,Da Woon Jung,Devin Clark,Devin Clark,DEC,
2023-02-04,Jean Silva,Valdemir Cardoso,Jean Silva,,Spartacus MMA: Spartacus Fight Event 28
2023-02-04,JunYong Park,Denis Tiuliulin,JunYong Park,SUB,
2023-02-04,Derrick Lewis,Serghei Spivac,Serghei Spivac,SUB,
2023-02-04,Tatsuro Taira,Jesus Aguilar,Tatsuro Taira,SUB,
2023-02-05,Dooho Choi,Kyle Nelson,,Draw,
2023-02-05,Yousri Belgaroui,Bohdan Kotlovjanov,Yousri Belgaroui,,Levels Fight League 7
2023-02-11,Shane Young,Blake Bilder,Blake Bilder,DEC,
2023-02-11,Shannon Ross,Kleydson Rodrigues,Kleydson Rodrigues,KO/TKO,
2023-02-11,Jack Jenkins,Don Shainis,Jack Jenkins,DEC,
2023-02-11,Alonzo Menifield,Jimmy Crute,,Draw,
2023-02-11,Quillan Salkilld,Niam Stephen,Quillan Salkilld,,
2023-02-11,Losene Keita,Samuel Bark,Losene Keita,,OKTAGON 39: Jungwirth vs. Neves
2023-02-11,Yair Rodriguez,Josh Emmett,Yair Rodriguez,SUB,
2023-02-11,Luis Felipe Dias,Helison Cruz,Luis Felipe Dias,,La Bomboneira Fighting Championship 1
2023-02-11,Andre Lima,Natan Ziele,Andre Lima,,
2023-02-11,Josh Culibao,Melsik Baghdasaryan,Josh Culibao,SUB,
2023-02-11,Justin Tafa,Parker Porter,Justin Tafa,KO/TKO,
2023-02-11,Islam Makhachev,Alexander Volkanovski,Islam Makhachev,DEC,
2023-02-11,Jamie Mullarkey,Francisco Prado,Jamie Mullarkey,DEC,
2023-02-11,Jack Della Maddalena,Randy Brown,Jack Della Maddalena,SUB,
2023-02-11,Loma Lookboonmee,Elise Reed,Loma Lookboonmee,SUB,
2023-02-11,Zubaira Tukhugov,Elves Brener,Elves Brener,DEC,
2023-02-11,Louie Sutherland,Alton Meeks,Louie Sutherland,,2023 PFL Challenger Series: Week 3
2023-02-11,Tyson Pedro,Modestas Bukauskas,Modestas Bukauskas,DEC,
2023-02-18,Clayton Carpenter,Juancamilo Ronderos,Clayton Carpenter,SUB,
2023-02-18,Nazim Sadykhov,Evan Elder,Nazim Sadykhov,KO/TKO,
2023-02-18,Jamall Emmers,Khusein Askhabov,Jamall Emmers,DEC,
2023-02-18,Shamil Gaziev,Darko Stosic,Shamil Gaziev,,Brave CF 69
2023-02-18,Josh Parisian,Jamal Pogues,Jamal Pogues,DEC,
2023-02-18,Manoel Sousa,Paulo Laia,Manoel Sousa,,2023 PFL Challenger Series: Week 4
2023-02-18,Ovince Saint Preux,Philipe Lins,Philipe Lins,KO/TKO,
2023-02-18,AJ Fletcher,Themba Gorimbo,AJ Fletcher,SUB,
2023-02-18,Jim Miller,Alexander Hernandez,Alexander Hernandez,DEC,
2023-02-18,Jessica Andrade,Erin Blanchfield,Erin Blanchfield,SUB,
2023-02-18,William Knight,Marcin Prachnio,Marcin Prachnio,DEC,
2023-02-18,Jordan Wright,Zac Pauga,Zac Pauga,DEC,
2023-02-18,Lina Lansberg,Mayra Bueno Silva,Mayra Bueno Silva,SUB,
2023-02-19,Chris Mecate,Jose Delgado,Chris Mecate,,United Fight League 1
2023-02-24,Yousri Belgaroui,Stefan Pretorius,Yousri Belgaroui,,UAE Warriors 35: Africa 4
2023-02-25,Jasmine Jasudavicius,Gabriella Fernandes,Jasmine Jasudavicius,DEC,
2023-02-25,MarQuel Mederos,Tracy Reeder,MarQuel Mederos,,FAC 18: Fighting Alliance Championship
2023-02-25,Tatiana Suarez,Montana De La Rosa,Tatiana Suarez,SUB,
2023-02-25,Joe Solecki,Carl Deaton,Joe Solecki,SUB,
2023-02-25,Erick Gonzalez,Trevor Peek,Trevor Peek,KO/TKO,
2023-02-25,Augusto Sakai,Don'Tale Mayes,Augusto Sakai,DEC,
2023-02-25,Mike Malott,Yohan Lainesse,Mike Malott,SUB,
2023-02-25,Rafael Alves,Nurullo Aliev,Nurullo Aliev,DEC,
2023-02-25,Andre Muniz,Brendan Allen,Brendan Allen,SUB,
2023-02-25,Ode Osbourne,Charles Johnson,Ode Osbourne,DEC,
2023-02-25,Jordan Leavitt,Victor Martinez,Jordan Leavitt,KO/TKO,
2023-02-25,Jessie Rosas,Cesar Bañuelos,Jessie Rosas,,UWC Mexico 41: Mascarado vs. Prototipo
2023-02-26,Nora Cornolle,Sanaa Mandar,Nora Cornolle,,UAE Warriors 37: Arabia 9
2023-03-03,Muhammad Naimov,Dylan Schulte,Muhammad Naimov,,Tuff-N-Uff 131
2023-03-04,Valentina Shevchenko,Alexa Grasso,Alexa Grasso,SUB,
2023-03-04,Derek Brunson,Dricus Du Plessis,Dricus Du Plessis,KO/TKO,
2023-03-04,Mana Martinez,Cameron Saaiman,Cameron Saaiman,DEC,
2023-03-04,Geoff Neal,Shavkat Rakhmonov,Shavkat Rakhmonov,SUB,
2023-03-04,Julian Marquez,Marc-Andre Barriault,Marc-Andre Barriault,KO/TKO,
2023-03-04,Cody Garbrandt,Trevin Jones,Cody Garbrandt,DEC,
2023-03-04,Mateusz Gamrot,Jalin Turner,Mateusz Gamrot,DEC,
2023-03-04,Jon Jones,Ciryl Gane,Jon Jones,SUB,
2023-03-04,Ian Machado Garry,Song Kenan,Ian Machado Garry,KO/TKO,
2023-03-04,Bo Nickal,Jamie Pickett,Bo Nickal,SUB,
2023-03-04,Da'Mon Blackshear,Farid Basharat,Farid Basharat,DEC,
2023-03-04,Jessica Penne,Tabatha Ricci,Tabatha Ricci,SUB,
2023-03-04,Viviane Araujo,Amanda Ribas,Amanda Ribas,DEC,
2023-03-04,Esteban Ribovics,Loik Radzhabov,Loik Radzhabov,DEC,
2023-03-04,Michael Aljarouj,Ezzoubair Bouarsa,Michael Aljarouj,DEC,MMAGP
2023-03-11,Nikita Krylov,Ryan Spann,Nikita Krylov,SUB,
2023-03-11,Mario Pinto,Filip Bradaric,Mario Pinto,,Levels Fight League: Heavyweight Grand Prix
2023-03-11,Tyson Nam,Bruno Silva,Bruno Silva,SUB,
2023-03-11,Rodolfo Bellato,Mateus Messaros,Rodolfo Bellato,,LFA 154: Fernando vs. Silva
2023-03-11,Victor Henry,Tony Gravely,Victor Henry,DEC,
2023-03-11,Alexander Volkov,Alexandr Romanov,Alexander Volkov,KO/TKO,
2023-03-11,Kauê Fernandes,Felipe Douglas,Kauê Fernandes,,
2023-03-11,Vitor Petrino,Anton Turkalj,Vitor Petrino,DEC,
2023-03-11,Mario Pinto,Aladin Ben Halima,Mario Pinto,,Levels Fight League: Heavyweight Grand Prix
2023-03-11,Shanelle Dyer,Weronika Eszer,Shanelle Dyer,,
2023-03-11,Petr Yan,Merab Dvalishvili,Merab Dvalishvili,DEC,
2023-03-11,Mario Bautista,Guido Cannetti,Mario Bautista,SUB,
2023-03-11,Raphael Assuncao,Davey Grant,Davey Grant,SUB,
2023-03-11,Ariane da Silva,JJ Aldrich,Ariane da Silva,DEC,
2023-03-11,Said Nurmagomedov,Jonathan Martinez,Jonathan Martinez,DEC,
2023-03-11,Sedriques Dumas,Josh Fremd,Josh Fremd,SUB,
2023-03-11,Lucas Fernando,Jansey Silva,Lucas Fernando,,
2023-03-11,Carlston Harris,Jared Gooden,Carlston Harris,DEC,
2023-03-11,Michael Page,Goiti Yamauchi,Michael Page,,Bellator 292: Nurmagomedov vs. Henderson
2023-03-11,Ariane Lipski da Silva,JJ Aldrich,Ariane Lipski da Silva,,
2023-03-11,Karl Williams,Lukasz Brzeski,Karl Williams,DEC,
2023-03-11,Mario Pinto,Moreno Kacapor,Mario Pinto,,Levels Fight League: Heavyweight Grand Prix
2023-03-16,Danni McCormack,Valesca Machado,Danni McCormack,,Invicta FC 52: Machado vs. McCormack
2023-03-17,Lone'er Kavanagh,Davide Scarano,Lone'er Kavanagh,,CW 150: Cage Warriors 150
2023-03-17,Anvarbek Daniyalbekov,Andrey Pulyaev,Anvarbek Daniyalbekov,,North-West Power Alliance: Storm on the Neva
2023-03-17,Oumar Sy,Henrique da Silva,Oumar Sy,,KSW 80: Ruchała vs. Eskiev
2023-03-17,Nora Cornolle,Hassna Jaber,Nora Cornolle,,UAE Warriors 38: Africa 5
2023-03-18,Juliana Miller,Veronica Hardy,Veronica Hardy,DEC,
2023-03-18,Leon Edwards,Kamaru Usman,Leon Edwards,DEC,
2023-03-18,Muhammad Mokaev,Jafel Filho,Muhammad Mokaev,SUB,
2023-03-18,Jake Hadley,Malcolm Gordon,Jake Hadley,KO/TKO,
2023-03-18,Tommy McMillen,Elijah Jamerson,Tommy McMillen,,Fusion Fight League: Great Falls vs Everybody
2023-03-18,Joanne Wood,Luana Carolina,Joanne Wood,DEC,
2023-03-18,Lerone Murphy,Gabriel Santos,Lerone Murphy,DEC,
2023-03-18,Payton Talbott,Cristhian Rivas,Payton Talbott,,Urijah Faber's A1 Combat 9
2023-03-18,Jack Shore,Makwan Amirkhani,Jack Shore,SUB,
2023-03-18,Chris Duncan,Omar Morales,Chris Duncan,DEC,
2023-03-18,Sam Patterson,Yanal Ashmouz,Yanal Ashmouz,KO/TKO,
2023-03-18,Jennifer Maia,Casey O'Neill,Jennifer Maia,DEC,
2023-03-18,Justin Gaethje,Rafael Fiziev,Justin Gaethje,DEC,
2023-03-18,Marvin Vettori,Roman Dolidze,Marvin Vettori,DEC,
2023-03-18,Gunnar Nelson,Bryan Barberena,Gunnar Nelson,SUB,
2023-03-18,Christian Leroy Duncan,Duško Todorović,Christian Leroy Duncan,KO/TKO,
2023-03-19,Jhonata Diniz,Rodrigo Duarte,Jhonata Diniz,,Imortal FC 12: Rock N' Fight
2023-03-20,Daniil Donchenko,Muxammad Amirxon Alixujayev,Daniil Donchenko,,Naiza Fighting Championship 50
2023-03-22,Ilimbek Akylbek Uulu,Aivaz Aidinov,Ilimbek Akylbek Uulu,,Octagon 43: Akylbek uulu vs. Aidinov
2023-03-25,Nate Landwehr,Austin Lingo,Nate Landwehr,SUB,
2023-03-25,Jean Silva,Shahin Najafi,Jean Silva,,Spartacus MMA: Spartacus Fight Event 34
2023-03-25,Steven Peterson,Lucas Alexander,Lucas Alexander,DEC,
2023-03-25,Mairon Santos,Rafael Barbosa,Mairon Santos,,LFA 155: Do Nascimento vs. Hodge
2023-03-25,CJ Vergara,Daniel Lacerda,CJ Vergara,KO/TKO,
2023-03-25,Guilherme Pat,Joao Gabriel Mendes,Guilherme Pat,,
2023-03-25,Édgar Cháirez,Gianni Vazquez,Édgar Cháirez,,Fury Fighting Championship 76
2023-03-25,Rafael Tobias,Rick Martin,Rafael Tobias,,
2023-03-25,Chidi Njokuani,Albert Duraev,Albert Duraev,DEC,
2023-03-25,Victor Altamirano,Vinicius Salvador,Victor Altamirano,DEC,
2023-03-25,Andrea Lee,Maycee Barber,Maycee Barber,DEC,
2023-03-25,Carli Judice,Tara Graff,Carli Judice,,
2023-03-25,Holly Holm,Yana Santos,Holly Holm,DEC,
2023-03-25,Marlon Vera,Cory Sandhagen,Cory Sandhagen,DEC,
2023-03-25,Daniel Pineda,Tucker Lutz,Daniel Pineda,SUB,
2023-03-25,Eduarda Moura,Claudiene Ferreira Alves,Eduarda Moura,,DF - Demo Fight 16
2023-03-25,Trevin Giles,Preston Parsons,Trevin Giles,DEC,
2023-03-26,Michael Aswell,Austin Lutchen,Michael Aswell,,Fury Challenger Series 3
2023-03-31,Adam Piccolotti,Mandel Nallo,Adam Piccolotti,,Bellator 293: Golm vs. James
2023-03-31,Rakim Cleveland,Christian Edwards,Rakim Cleveland,,Bellator 293: Golm vs. James
2023-03-31,Jessie Rosas,Alejandro Quero,Jessie Rosas,,UWC Mexico 42: Luna vs. Matos
2023-04-01,Blayne Richards,Eric Nolan,Blayne Richards,,CFFC 118: Forest vs. Radke
2023-04-01,Damian Pinas,Sebastian Villalobos,Damian Pinas,,Madness Fighting Competition 4
2023-04-01,Melissa Amaya,Gillian Noll,Melissa Amaya,,Combate Global: Greyson vs. Dayron
2023-04-07,Rizvan Kuniev,Renan Ferreira,,Draw,2023 PFL Regular Season: Heavyweights & Women's Featherweights
2023-04-08,Ignacio Bahamondes,Trey Ogden,Ignacio Bahamondes,DEC,
2023-04-08,Michelle Waterson-Gomez,Luana Pinheiro,Luana Pinheiro,DEC,
2023-04-08,Shayilan Nuerdanbieke,Steve Garcia,Steve Garcia,KO/TKO,
2023-04-08,Cynthia Calvillo,Loopy Godinez,Loopy Godinez,DEC,
2023-04-08,Gilbert Burns,Jorge Masvidal,Gilbert Burns,DEC,
2023-04-08,Raul Rosas Jr.,Christian Rodriguez,Christian Rodriguez,DEC,
2023-04-08,Gerald Meerschaert,Joe Pyfer,Joe Pyfer,KO/TKO,
2023-04-08,Alex Pereira,Israel Adesanya,Israel Adesanya,KO/TKO,
2023-04-08,Chris Curtis,Kelvin Gastelum,Kelvin Gastelum,DEC,
2023-04-08,Jaqueline Amorim,Sam Hughes,Sam Hughes,DEC,
2023-04-08,Rob Font,Adrian Yanez,Rob Font,KO/TKO,
2023-04-08,Kevin Holland,Santiago Ponzinibbio,Kevin Holland,KO/TKO,
2023-04-14,Andrey Pulyaev,Pavel Mustafin,Andrey Pulyaev,,SFC 7: Shlemenko Fighting Championship 7
2023-04-15,Joselyne Edwards,Lucie Pudilova,Joselyne Edwards,DEC,
2023-04-15,Clay Guida,Rafa Garcia,Rafa Garcia,DEC,
2023-04-15,Rafael Tobias,Diego Frigotto,Rafael Tobias,,
2023-04-15,Tanner Boser,Ion Cutelaba,Ion Cutelaba,KO/TKO,
2023-04-15,Pedro Munhoz,Chris Gutierrez,Pedro Munhoz,DEC,
2023-04-15,Alexia Thainara,Thainara Almeida,Alexia Thainara,,
2023-04-15,Lando Vannata,Daniel Zellhuber,Daniel Zellhuber,DEC,
2023-04-15,Edson Barboza,Billy Quarantillo,Edson Barboza,KO/TKO,
2023-04-15,Bill Algeo,TJ Brown,Bill Algeo,SUB,
2023-04-15,Zak Cummings,Ed Herman,Zak Cummings,KO/TKO,
2023-04-15,Anthony Wint,Luis Alfonso Garcia Diaz,Anthony Wint,,
2023-04-15,Max Holloway,Arnold Allen,Max Holloway,DEC,
2023-04-15,Gillian Robertson,Piera Rodriguez,Gillian Robertson,SUB,
2023-04-15,Aaron Phillips,Gaston Bolanos,Gaston Bolanos,DEC,
2023-04-15,Bruna Brasil,Denise Gomes,Denise Gomes,KO/TKO,
2023-04-15,Brandon Royval,Matheus Nicolau,Brandon Royval,KO/TKO,
2023-04-15,Ryan Gandra,Luiz Fabiano,Ryan Gandra,,Federacao Fight 15
2023-04-15,Jeisla Chaves,Josiane Ribeiro de Oliveira,Jeisla Chaves,,Gomes Fight Championship 8
2023-04-15,Dustin Jacoby,Azamat Murzakanov,Azamat Murzakanov,DEC,
2023-04-16,Guilherme Pat,Luis Andrade de Oliveira,Guilherme Pat,,
2023-04-16,MarQuel Mederos,Mike Murphy,MarQuel Mederos,,
2023-04-22,Aaron Pico,James Gonzalez,Aaron Pico,,Bellator 295: Stots vs. Mix
2023-04-22,Jacqueline Cavalcanti,Melissa Croden,Jacqueline Cavalcanti,,LFA 157: Croden vs. Cavalcanti
2023-04-22,Rani Yahya,Montel Jackson,Montel Jackson,KO/TKO,
2023-04-22,Kegan Gennrich,Richie Miranda,Kegan Gennrich,,LFA 157: Croden vs. Cavalcanti
2023-04-22,Sergei Pavlovich,Curtis Blaydes,Sergei Pavlovich,KO/TKO,
2023-04-22,Ricky Glenn,Christos Giagos,Christos Giagos,KO/TKO,
2023-04-22,Brad Tavares,Bruno Silva,Bruno Silva,KO/TKO,
2023-04-22,Jackson McVey,Tom Krenzel,Jackson McVey,,LFA 157: Croden vs. Cavalcanti
2023-04-22,Brady Hiestand,Batgerel Danaa,Brady Hiestand,KO/TKO,
2023-04-22,Shanelle Dyer,Kamila Simkova,Shanelle Dyer,,
2023-04-22,Karol Rosa,Norma Dumont,Norma Dumont,DEC,
2023-04-22,Tommy McMillen,Kerry Lattimer,Tommy McMillen,,Fusion Fight League: Garcia vs Saunders
2023-04-22,Ateba Gautier,Yu-Joe Lewis Lai,Ateba Gautier,,FCC 33: Full Contact Contender 33
2023-04-22,Iasmin Lucindo,Brogan Walker,Iasmin Lucindo,DEC,
2023-04-22,Jeremiah Wells,Matthew Semelsberger,Jeremiah Wells,DEC,
2023-04-22,Mohammed Usman,Junior Tafa,Mohammed Usman,DEC,
2023-04-22,Francis Marshall,William Gomis,William Gomis,DEC,
2023-04-22,Alden Coria,Jesse Martinelli,Alden Coria,,LFA 157: Croden vs. Cavalcanti
2023-04-29,Josh Quinlan,Trey Waters,Trey Waters,DEC,
2023-04-29,Hailey Cowan,Jamey-Lyn Horth,Jamey-Lyn Horth,DEC,
2023-04-29,Losene Keita,Jakub Tichota,Losene Keita,,OKTAGON 42: Keita vs. Tichota
2023-04-29,Stephanie Egger,Irina Alekseeva,Irina Alekseeva,SUB,
2023-04-29,Cody Durden,Charles Johnson,Cody Durden,DEC,
2023-04-29,Caio Borralho,Michal Oleksiejczuk,Caio Borralho,SUB,
2023-04-29,Julian Erosa,Fernando Padilla,Fernando Padilla,KO/TKO,
2023-04-29,Rodolfo Vieira,Cody Brundage,Rodolfo Vieira,SUB,
2023-04-29,Martin Buday,Jake Collier,Martin Buday,DEC,
2023-04-29,Song Yadong,Ricky Simon,Song Yadong,KO/TKO,
2023-04-29,Morgan Charrière,Pedro Souza,Morgan Charrière,,CW 153: Cage Warriors 153
2023-04-29,Marcos Rogerio de Lima,Waldo Cortes Acosta,Marcos Rogerio de Lima,DEC,
2023-04-29,Journey Newson,Marcus McGhee,Marcus McGhee,SUB,
2023-04-29,Jessie Rosas,Adam McGurk,Jessie Rosas,,Force of One MMA 10
2023-04-30,Kuerbanjiang Tuluosibake,Ding Meng,Kuerbanjiang Tuluosibake,,
2023-05-03,Mandel Nallo,Jorge La Terra,Mandel Nallo,,XMMA 6: Bash At The Beach
2023-05-04,Mansur Abdul-Malik,Brexton Everett,Mansur Abdul-Malik,,Jonathan Ogden Foundation: 18th Annual An Evening Ringside
2023-05-06,Joseph Holmes,Claudio Ribeiro,Claudio Ribeiro,KO/TKO,
2023-05-06,Cam Nelson,Irving Molina,Cam Nelson,,
2023-05-06,Drew Dober,Matt Frevola,Matt Frevola,KO/TKO,
2023-05-06,Ramazan Temirov,Yuta Hamamoto,Ramazan Temirov,,Rizin FF: Rizin Fighting Federation 42
2023-05-06,Kennedy Nzechukwu,Devin Clark,Kennedy Nzechukwu,SUB,
2023-05-06,Braxton Smith,Parker Porter,Parker Porter,KO/TKO,
2023-05-06,Kai Asakura,Yuki Motoya,Kai Asakura,,Rizin FF: Rizin Fighting Federation 42
2023-05-06,Kron Gracie,Charles Jourdain,Charles Jourdain,DEC,
2023-05-06,Cameron Nelson,Irving Molina,Cameron Nelson,,
2023-05-06,Khaos Williams,Rolando Bedoya,Khaos Williams,DEC,
2023-05-06,Movsar Evloev,Diego Lopes,Movsar Evloev,DEC,
2023-05-06,Marina Rodriguez,Virna Jandiroba,Virna Jandiroba,DEC,
2023-05-06,Aljamain Sterling,Henry Cejudo,Aljamain Sterling,DEC,
2023-05-06,Phil Hawes,Ikram Aliskerov,Ikram Aliskerov,KO/TKO,
2023-05-06,Jessica Andrade,Yan Xiaonan,Yan Xiaonan,KO/TKO,
2023-05-06,Belal Muhammad,Gilbert Burns,Belal Muhammad,DEC,
2023-05-13,Ramiro Jimenez,Nicolas Barna,Ramiro Jimenez,,Combate Global: Mexico vs. Japan
2023-05-13,Matt Brown,Court McGee,Matt Brown,KO/TKO,
2023-05-13,Jessica-Rose Clark,Tainara Lisboa,Tainara Lisboa,SUB,
2023-05-13,Bryan Battle,Gabe Green,Bryan Battle,KO/TKO,
2023-05-13,Tim Means,Alex Morono,Alex Morono,SUB,
2023-05-13,Daniel Rodriguez,Ian Machado Garry,Ian Machado Garry,KO/TKO,
2023-05-13,Cody Stamann,Douglas Silva de Andrade,Douglas Silva de Andrade,DEC,
2023-05-13,Anthony Smith,Johnny Walker,Johnny Walker,DEC,
2023-05-13,Karl Williams,Chase Sherman,Karl Williams,DEC,
2023-05-13,Wes Schultz,Zach Edington,Wes Schultz,,GE Fights: High Octane
2023-05-13,Jairzinho Rozenstruik,Jailton Almeida,Jailton Almeida,SUB,
2023-05-13,Carlos Ulberg,Ihor Potieria,Carlos Ulberg,KO/TKO,
2023-05-13,Chris Padilla,Serob Minasyan,Chris Padilla,,Up Next Fighting 7
2023-05-13,Ji Yeon Kim,Mandy Bohm,Mandy Bohm,DEC,
2023-05-17,Liu Ce,Haiming Yu,Liu Ce,,
2023-05-20,Nick Klein,Collin Huckbody,Nick Klein,,Ignite Fights: No Mercy 11
2023-05-20,Chase Hooper,Nick Fiore,Chase Hooper,DEC,
2023-05-20,Robert Bryczek,Lee Chadwick,Robert Bryczek,,OKTAGON 43: Kincl vs Vemola 2
2023-05-20,Andre Fialho,Joaquin Buckley,Joaquin Buckley,KO/TKO,
2023-05-20,Edmen Shahbazyan,Anthony Hernandez,Anthony Hernandez,KO/TKO,
2023-05-20,Orion Cosce,Gilbert Urbina,Gilbert Urbina,KO/TKO,
2023-05-20,Eric McConico,Kevem Felipe,Eric McConico,,LFA 158: Lebosnoyani vs. Jones
2023-05-20,Diego Ferreira,Michael Johnson,Diego Ferreira,KO/TKO,
2023-05-20,Takashi Sato,Themba Gorimbo,Themba Gorimbo,DEC,
2023-05-20,Maheshate,Viacheslav Borshchev,Viacheslav Borshchev,KO/TKO,
2023-05-20,Natalia Silva,Victoria Leonardo,Natalia Silva,KO/TKO,
2023-05-20,Mackenzie Dern,Angela Hill,Mackenzie Dern,DEC,
2023-05-20,Karolina Kowalkiewicz,Vanessa Demopoulos,Karolina Kowalkiewicz,DEC,
2023-05-20,Emily Ducote,Loopy Godinez,Loopy Godinez,DEC,
2023-05-20,Ilir Latifi,Rodrigo Nascimento,Rodrigo Nascimento,DEC,
2023-05-26,Mauricio Ruffy,Ronys Torres,Mauricio Ruffy,,Centurion FC: Rex Redemptor
2023-05-26,Mauricio Ruffy,Corneliu Rotaru Lascar,Mauricio Ruffy,,Centurion FC: Rex Redemptor
2023-05-26,Julien LeBlanc,Sallah Dekhissi,Julien LeBlanc,,Samourai MMA 6
2023-05-26,Louis Jourdain,Diego Silva,Louis Jourdain,,Samourai MMA 6
2023-05-27,Rei Tsuruya,Ronal Siahaan,Rei Tsuruya,,"Road to UFC: Season 2, Episode 1"
2023-05-27,Carli Judice,Monica Medina,Carli Judice,,
2023-05-28,Rodolfo Bellato,Acácio Dos Santos,Rodolfo Bellato,,LFA 159: Bellato vs. Dos Santos
2023-05-28,Xiao Long,Shohei Nose,Xiao Long,,"Road to UFC: Season 2, Episode 3"
2023-05-28,Andre Lima,Alexandre Rodrigues,Andre Lima,,
2023-05-28,Rongzhu,SeongChan Hong,Rongzhu,,"Road to UFC: Season 2, Episode 3"
2023-05-28,Levi Rodrigues Jr.,José Carlos Lima,Levi Rodrigues Jr.,,
2023-05-28,David Martinez,Jose Zarauz,David Martinez,,Combate Global: Martinez vs. Zarauz
2023-06-02,Ateba Gautier,Vuk Lekic,Ateba Gautier,,Titan FC 82 - SBC 47: Bogdanovic vs. Brooks
2023-06-02,Stan Dorsainvil,Joao Guerra,Stan Dorsainvil,,
2023-06-03,Elise Reed,Jinh Yu Frey,Elise Reed,DEC,
2023-06-03,Daniel Santos,Johnny Munoz,Daniel Santos,DEC,
2023-06-03,Abubakar Nurmagomedov,Elizeu Zaleski dos Santos,Elizeu Zaleski dos Santos,DEC,
2023-06-03,Karine Silva,Ketlen Souza,Karine Silva,SUB,
2023-06-03,Kai Kara-France,Amir Albazi,Amir Albazi,DEC,
2023-06-03,Da'Mon Blackshear,Luan Lacerda,Da'Mon Blackshear,KO/TKO,
2023-06-03,Philipe Lins,Maxim Grishin,Philipe Lins,DEC,
2023-06-03,Andrei Arlovski,Don'Tale Mayes,Don'Tale Mayes,KO/TKO,
2023-06-03,Alex Caceres,Daniel Pineda,Alex Caceres,DEC,
2023-06-03,Jamie Mullarkey,Muhammad Naimov,Muhammad Naimov,KO/TKO,
2023-06-03,Jim Miller,Jesse Butler,Jim Miller,KO/TKO,
2023-06-03,John Castaneda,Muin Gafurov,John Castaneda,DEC,
2023-06-03,Tim Elliott,Victor Altamirano,Tim Elliott,DEC,
2023-06-10,Kyle Nelson,Blake Bilder,Kyle Nelson,DEC,
2023-06-10,Quillan Salkilld,Blake Donnelly,Quillan Salkilld,,
2023-06-10,Dan Ige,Nate Landwehr,Dan Ige,DEC,
2023-06-10,Aiemann Zahabi,Aoriqileng,Aiemann Zahabi,KO/TKO,
2023-06-10,Marc-Andre Barriault,Eryk Anders,Marc-Andre Barriault,DEC,
2023-06-10,David Dvorak,Steve Erceg,Steve Erceg,DEC,
2023-06-10,Charles Oliveira,Beneil Dariush,Charles Oliveira,KO/TKO,
2023-06-10,Mike Malott,Adam Fugitt,Mike Malott,SUB,
2023-06-10,Amanda Nunes,Irene Aldana,Amanda Nunes,DEC,
2023-06-10,Diana Belbita,Maria Oliveira,Diana Belbita,DEC,
2023-06-10,Miranda Maverick,Jasmine Jasudavicius,Jasmine Jasudavicius,DEC,
2023-06-16,Sergio Pettis,Patricio Pitbull,Sergio Pettis,,Bellator 297: Nemkov vs. Romero
2023-06-17,Kurtis Campbell,Alexis Tsarmantidis,Kurtis Campbell,,FCC 34: Full Contact Contender 34
2023-06-17,Zac Pauga,Modestas Bukauskas,Modestas Bukauskas,DEC,
2023-06-17,Josiah Harrell,Mike Roberts,Josiah Harrell,,LFA 160: Sweeney vs. Begosso
2023-06-17,Armen Petrosyan,Christian Leroy Duncan,Armen Petrosyan,DEC,
2023-06-17,Tereza Bleda,Gabriella Fernandes,Tereza Bleda,DEC,
2023-06-17,Arman Tsarukyan,Joaquim Silva,Arman Tsarukyan,KO/TKO,
2023-06-17,Matthieu Letho Duclos,Geison Santana Moreno,Matthieu Letho Duclos,,HMMA 9: Hexagone MMA
2023-06-17,Manuel Torres,Nikolas Motta,Manuel Torres,KO/TKO,
2023-06-17,Kyung Ho Kang,Cristian Quinonez,Kyung Ho Kang,SUB,
2023-06-17,Pat Sabatini,Lucas Almeida,Pat Sabatini,SUB,
2023-06-17,Jimmy Flick,Alessandro Costa,Alessandro Costa,KO/TKO,
2023-06-17,Carlos Hernandez,Denys Bondar,Carlos Hernandez,DEC,
2023-06-17,Marvin Vettori,Jared Cannonier,Jared Cannonier,DEC,
2023-06-17,Kyle Daukaus,Robert Gidron,Kyle Daukaus,,CFFC 120: Ndregjoni vs. Araujo
2023-06-17,Nicolas Dalby,Muslim Salikhov,Nicolas Dalby,DEC,
2023-06-17,Eric Nolan,Omoyele Gonzalez,Eric Nolan,,CFFC 120: Ndregjoni vs. Araujo
2023-06-18,Hector Ferral,Fabia Sintes,Hector Ferral,,Combate Global: Gomez vs. Somers
2023-06-23,Axel Sola,Cesar Arzamendia,Axel Sola,,Ares FC 16: Chamsoudinov vs. Escudero
2023-06-24,Josh Emmett,Ilia Topuria,Ilia Topuria,DEC,
2023-06-24,Randy Brown,Wellington Turman,Randy Brown,DEC,
2023-06-24,David Onama,Gabriel Santos,David Onama,KO/TKO,
2023-06-24,Amanda Ribas,Maycee Barber,Maycee Barber,KO/TKO,
2023-06-24,Brendan Allen,Bruno Silva,Brendan Allen,SUB,
2023-06-24,Jamall Emmers,Jack Jenkins,Jack Jenkins,DEC,
2023-06-24,Mateusz Rębecki,Loik Radzhabov,Mateusz Rębecki,KO/TKO,
2023-06-24,Cody Brundage,Sedriques Dumas,Sedriques Dumas,DEC,
2023-06-24,Tabatha Ricci,Gillian Robertson,Tabatha Ricci,DEC,
2023-06-24,Joe Kropschot,Sevak Zadourian,Joe Kropschot,,SF Combat 12: Stars and Stripes
2023-06-24,Neil Magny,Phil Rowe,Neil Magny,DEC,
2023-06-24,Trevor Peek,Chepe Mariscal,Chepe Mariscal,DEC,
2023-06-24,Zhalgas Zhumagulov,Joshua Van,Joshua Van,DEC,
2023-06-25,Yadier del Valle,Michael Aswell,Yadier del Valle,,Fury Fighting Championship 80
2023-06-25,Robelis Despaigne,Travis Gregoire,Robelis Despaigne,,Fury Fighting Championship 80
2023-06-25,MarQuel Mederos,Justice Lamparez,MarQuel Mederos,,
2023-06-28,Liu Ce,Batjargal Munkh-Erdene,Liu Ce,,
2023-06-30,Oumar Sy,Ildemar Alcantara,Oumar Sy,,KOF 1: The King of Fighters
2023-06-30,Imanol Rodriguez,Uziel Gomez,Imanol Rodriguez,,Budo Sento Championship 15
2023-07-01,Ariane da Silva,Melissa Gatto,Ariane da Silva,DEC,
2023-07-01,Max Griffin,Michael Morales,Michael Morales,DEC,
2023-07-01,Brunno Ferreira,Nursulton Ruziboev,Nursulton Ruziboev,KO/TKO,
2023-07-01,Guram Kutateladze,Elves Brener,Elves Brener,KO/TKO,
2023-07-01,Damir Ismagulov,Grant Dawson,Grant Dawson,DEC,
2023-07-01,Sean Strickland,Abus Magomedov,Sean Strickland,KO/TKO,
2023-07-01,Alexandr Romanov,Blagoy Ivanov,Alexandr Romanov,DEC,
2023-07-01,Yana Santos,Karol Rosa,Karol Rosa,DEC,
2023-07-01,Ivana Petrovic,Luana Carolina,Luana Carolina,DEC,
2023-07-01,Kevin Lee,Rinat Fakhretdinov,Rinat Fakhretdinov,SUB,
2023-07-01,Joanderson Brito,Westin Wilson,Joanderson Brito,KO/TKO,
2023-07-01,Ismael Bonfim,Benoit Saint-Denis,Benoit Saint-Denis,SUB,
2023-07-02,Sean Sharaf,Nathan Mullett,Sean Sharaf,,Up Next Fighting 9
2023-07-08,Miguel Porto,Rafael Tobias,Miguel Porto,,LFA 162: Conceição vs. Lopes
2023-07-08,Robbie Lawler,Niko Price,Robbie Lawler,KO/TKO,
2023-07-08,Shannon Ross,Jesus Aguilar,Jesus Aguilar,KO/TKO,
2023-07-08,Vitor Petrino,Marcin Prachnio,Vitor Petrino,SUB,
2023-07-08,Alexander Volkanovski,Yair Rodriguez,Alexander Volkanovski,KO/TKO,
2023-07-08,Kamuela Kirk,Esteban Ribovics,Esteban Ribovics,DEC,
2023-07-08,Robert Whittaker,Dricus Du Plessis,Dricus Du Plessis,KO/TKO,
2023-07-08,Bo Nickal,Val Woodburn,Bo Nickal,KO/TKO,
2023-07-08,Cameron Saaiman,Terrence Mitchell,Cameron Saaiman,KO/TKO,
2023-07-08,Francesco Nuzzi,Farbod Iran Nezhad,Francesco Nuzzi,,2023 PFL Europe Regular Season: Germany
2023-07-08,Jalin Turner,Dan Hooker,Dan Hooker,DEC,
2023-07-08,Brandon Moreno,Alexandre Pantoja,Alexandre Pantoja,DEC,
2023-07-08,Tatsuro Taira,Édgar Cháirez,Tatsuro Taira,DEC,
2023-07-08,Yazmin Jauregui,Denise Gomes,Denise Gomes,KO/TKO,
2023-07-08,Marcio Barbosa,Wellington Prado,Marcio Barbosa,,LFA 162: Conceição vs. Lopes
2023-07-08,Andre Lima,Igor Taylon,Andre Lima,,
2023-07-08,Jimmy Crute,Alonzo Menifield,Alonzo Menifield,SUB,
2023-07-09,Ding Meng,Qi Wang,Ding Meng,,
2023-07-09,Moreno Kacapor,Louie Sutherland,Moreno Kacapor,,Levels Fight League 9
2023-07-14,Daniil Donchenko,Gabriel Souza,Daniil Donchenko,,ONE Friday Fights 25
2023-07-15,Ravena Oliveira,Raquel de Andrade,Ravena Oliveira,,
2023-07-15,Tucker Lutz,Melsik Baghdasaryan,Melsik Baghdasaryan,DEC,
2023-07-15,Nazim Sadykhov,Terrance McKinney,Nazim Sadykhov,SUB,
2023-07-15,Albert Duraev,JunYong Park,JunYong Park,SUB,
2023-07-15,Luis Felipe Dias,Daniel Oliveira,Luis Felipe Dias,,Paranagua Fight 9
2023-07-15,Norma Dumont,Chelsea Chandler,Norma Dumont,DEC,
2023-07-15,Viktoriia Dudakova,Istela Nunes,Viktoriia Dudakova,KO/TKO,
2023-07-15,Evan Elder,Genaro Valdez,Evan Elder,DEC,
2023-07-15,Tyson Nam,Azat Maksum,Azat Maksum,DEC,
2023-07-15,Alexander Munoz,Carl Deaton,Alexander Munoz,DEC,
2023-07-15,Ottman Azaitar,Francisco Prado,Francisco Prado,KO/TKO,
2023-07-15,Ashlee Evans-Smith,Ailin Perez,Ailin Perez,DEC,
2023-07-15,Jack Della Maddalena,Bassil Hafez,Jack Della Maddalena,DEC,
2023-07-15,Austin Lingo,Melquizael Costa,Melquizael Costa,DEC,
2023-07-16,Kody Steele,Nick Whitehead,Kody Steele,,Fury Fighting Championship 81
2023-07-21,Morgan Charrière,Diego Silva,Morgan Charrière,,CW 157: Cage Warriors 157
2023-07-21,Andrey Pulyaev,Khuseyn Merzoev,Andrey Pulyaev,,SFC 8: Shlemenko Fighting Championship 8
2023-07-22,Marc Diakiese,Joel Álvarez,Joel Álvarez,SUB,
2023-07-22,Chris Duncan,Yanal Ashmouz,Chris Duncan,DEC,
2023-07-22,Tom Aspinall,Marcin Tybura,Tom Aspinall,KO/TKO,
2023-07-22,Paul Craig,Andre Muniz,Paul Craig,KO/TKO,
2023-07-22,Danny Roberts,Jonny Parsons,Jonny Parsons,KO/TKO,
2023-07-22,Shauna Bannon,Bruna Brasil,Bruna Brasil,DEC,
2023-07-22,Nathaniel Wood,Andre Fili,Nathaniel Wood,DEC,
2023-07-22,Davey Grant,Daniel Marcos,Daniel Marcos,DEC,
2023-07-22,Jackson McVey,James Regina,Jackson McVey,,Shamrock FC: Shamrock 347
2023-07-22,Jafel Filho,Daniel Barez,Jafel Filho,SUB,
2023-07-22,Makhmud Muradov,Bryan Barberena,Makhmud Muradov,DEC,
2023-07-22,Molly McCann,Julija Stoliarenko,Julija Stoliarenko,SUB,
2023-07-22,Lerone Murphy,Josh Culibao,Lerone Murphy,DEC,
2023-07-22,Jai Herbert,Farés Ziam,Farés Ziam,DEC,
2023-07-22,Mick Parkin,Jamal Pogues,Mick Parkin,DEC,
2023-07-22,Ketlen Vieira,Pannie Kianzad,Ketlen Vieira,DEC,
2023-07-28,Felipe Lima,Jonas Magard,Felipe Lima,,OKTAGON 45: Mågård vs Lima
2023-07-28,Robert Bryczek,Samuel Kristofic,Robert Bryczek,,OKTAGON 45: Mågård vs Lima
2023-07-28,Gauge Young,Manny Muro,Gauge Young,,
2023-07-29,Jake Matthews,Darrius Flowers,Jake Matthews,SUB,
2023-07-29,CJ Vergara,Vinicius Salvador,CJ Vergara,DEC,
2023-07-29,Jan Blachowicz,Alex Pereira,Alex Pereira,DEC,
2023-07-29,Miranda Maverick,Priscila Cachoeira,Miranda Maverick,SUB,
2023-07-29,Dustin Poirier,Justin Gaethje,Justin Gaethje,KO/TKO,
2023-07-29,Matthew Semelsberger,Uroš Medić,Uroš Medić,KO/TKO,
2023-07-29,Tony Ferguson,King Green,King Green,SUB,
2023-07-29,Mate Sanikidze,Losene Keita,Mate Sanikidze,,OKTAGON 45: Sanikidze vs Keita
2023-07-29,Gabriel Bonfim,Trevin Giles,Gabriel Bonfim,SUB,
2023-07-29,Derrick Lewis,Marcos Rogerio de Lima,Derrick Lewis,KO/TKO,
2023-07-29,Mason Jones,Alexandre Ribeiro,Mason Jones,,Cage Warriors 158
2023-07-29,Roman Kopylov,Claudio Ribeiro,Roman Kopylov,KO/TKO,
2023-07-29,Bilal Hasan,Sonny Suranjin,,Draw,
2023-07-29,Mandel Nallo,Carlos Enrique Canada,Mandel Nallo,,MMA Mexico 1: Nallo vs. Canada
2023-07-29,Michael Chiesa,Kevin Holland,Kevin Holland,SUB,
2023-07-30,Chihiro Suzuki,Patricio Pitbull,Chihiro Suzuki,,Rizin FF: Super Rizin 2
2023-08-05,Jessica Andrade,Tatiana Suarez,Tatiana Suarez,SUB,
2023-08-05,Isaac Thomson,Lerryan Douglas,Isaac Thomson,,LFA 164: Mazo vs. Lavado
2023-08-05,Jeremiah Wells,Carlston Harris,Carlston Harris,SUB,
2023-08-05,Diego Lopes,Gavin Tucker,Diego Lopes,SUB,
2023-08-05,Kyler Phillips,Raoni Barcelos,Kyler Phillips,DEC,
2023-08-05,Ode Osbourne,Asu Almabayev,Asu Almabayev,SUB,
2023-08-05,Billy Quarantillo,Damon Jackson,Billy Quarantillo,DEC,
2023-08-05,Sean Woodson,Dennis Buzukja,Sean Woodson,DEC,
2023-08-05,Cody Durden,Jake Hadley,Cody Durden,DEC,
2023-08-05,José Montanha,Carlos Amaral Jr.,José Montanha,,
2023-08-05,Tanner Boser,Aleksa Camur,Tanner Boser,DEC,
2023-08-05,Ignacio Bahamondes,Ludovit Klein,Ludovit Klein,DEC,
2023-08-05,Cory Sandhagen,Rob Font,Cory Sandhagen,DEC,
2023-08-05,Dustin Jacoby,Kennedy Nzechukwu,Dustin Jacoby,KO/TKO,
2023-08-05,Myktybek Orolbai,Gláucio Eliziário,Myktybek Orolbai,,LFA 164: Mazo vs. Lavado
2023-08-08,Payton Talbott,Reyes Cortez Jr.,Payton Talbott,,
2023-08-08,Cesar Almeida,Lucas Fernando,Cesar Almeida,,
2023-08-08,Kevin Borjas,Victor Dias,Kevin Borjas,,
2023-08-12,Cub Swanson,Hakeem Dawodu,Cub Swanson,DEC,
2023-08-12,Polyana Viana,Iasmin Lucindo,Iasmin Lucindo,SUB,
2023-08-12,Francis Marshall,Isaac Dulgarian,Isaac Dulgarian,KO/TKO,
2023-08-12,JP Buys,Marcus McGhee,Marcus McGhee,KO/TKO,
2023-08-12,Vicente Luque,Rafael Dos Anjos,Vicente Luque,DEC,
2023-08-12,Terrance McKinney,Mike Breeden,Terrance McKinney,KO/TKO,
2023-08-12,Josh Fremd,Jamie Pickett,Josh Fremd,DEC,
2023-08-12,AJ Dobson,Tafon Nchukwi,AJ Dobson,DEC,
2023-08-12,Josh Parisian,Martin Buday,Martin Buday,SUB,
2023-08-12,Da'Mon Blackshear,Jose Johnson,Da'Mon Blackshear,SUB,
2023-08-12,Jaqueline Amorim,Montserrat Conejo Ruiz,Jaqueline Amorim,KO/TKO,
2023-08-12,Khalil Rountree Jr.,Chris Daukaus,Khalil Rountree Jr.,KO/TKO,
2023-08-12,Ravena Oliveira,Simone da Silva,Ravena Oliveira,,
2023-08-12,Juliana Miller,Luana Santos,Luana Santos,KO/TKO,
2023-08-15,Eduarda Moura,Janaina Silva,Eduarda Moura,,
2023-08-19,Kurt Holobaugh,Austin Hubbard,Kurt Holobaugh,SUB,
2023-08-19,Neil Magny,Ian Machado Garry,Ian Machado Garry,DEC,
2023-08-19,Marlon Vera,Pedro Munhoz,Marlon Vera,DEC,
2023-08-19,Karine Silva,Maryna Moroz,Karine Silva,SUB,
2023-08-19,Chris Weidman,Brad Tavares,Brad Tavares,DEC,
2023-08-19,Salahdine Parnasse,Robert Ruchała,Salahdine Parnasse,,KSW 85: Parnasse vs. Ruchała
2023-08-19,Andrea Lee,Natalia Silva,Natalia Silva,DEC,
2023-08-19,JooSang Yoo,Takuya Kuramoto,JooSang Yoo,,HEAT 52 x AFC 27
2023-08-19,Andre Petroski,Gerald Meerschaert,Andre Petroski,DEC,
2023-08-19,Eduardo Chapolin,Leandro Soares,Eduardo Chapolin,,
2023-08-19,Carol Foro,Maria Jose Gomes da Silva,Carol Foro,,
2023-08-19,Aljamain Sterling,Sean O'Malley,Sean O'Malley,KO/TKO,
2023-08-19,Da'Mon Blackshear,Mario Bautista,Mario Bautista,DEC,
2023-08-19,Gregory Rodrigues,Denis Tiuliulin,Gregory Rodrigues,KO/TKO,
2023-08-19,Zhang Weili,Amanda Lemos,Zhang Weili,DEC,
2023-08-19,Brad Katona,Cody Gibson,Brad Katona,DEC,
2023-08-26,Max Holloway,Chan Sung Jung,Max Holloway,KO/TKO,
2023-08-26,Rinya Nakamura,Fernie Garcia,Rinya Nakamura,DEC,
2023-08-26,Guilherme Pat,Leandro Moreira de Oliveira,Guilherme Pat,,
2023-08-26,Chidi Njokuani,Michal Oleksiejczuk,Michal Oleksiejczuk,KO/TKO,
2023-08-26,Song Kenan,Rolando Bedoya,Song Kenan,DEC,
2023-08-26,Toshiomi Kazama,Garrett Armfield,Garrett Armfield,KO/TKO,
2023-08-26,SeungWoo Choi,Jarno Errens,SeungWoo Choi,DEC,
2023-08-26,Nilson Rojas,Adrian Haly,Nilson Rojas,,
2023-08-26,Liang Na,JJ Aldrich,JJ Aldrich,KO/TKO,
2023-08-26,Erin Blanchfield,Taila Santos,Erin Blanchfield,DEC,
2023-08-26,Giga Chikadze,Alex Caceres,Giga Chikadze,DEC,
2023-08-26,Waldo Cortes Acosta,Lukasz Brzeski,Waldo Cortes Acosta,KO/TKO,
2023-08-26,Anthony Smith,Ryan Spann,Anthony Smith,DEC,
2023-08-26,Alexia Thainara,Sabrina Oliveira,Alexia Thainara,,
2023-08-26,Junior Tafa,Parker Porter,Junior Tafa,KO/TKO,
2023-08-26,Billy Ray Goff,Yusaku Kinoshita,Billy Ray Goff,KO/TKO,
2023-08-27,Xiao Long,Shuya Kamikubo,Xiao Long,,
2023-08-27,Rei Tsuruya,Mark Climaco,Rei Tsuruya,,"Road to UFC: Season 2, Episode 5"
2023-08-27,Rongzhu,Sangwook Kim,Rongzhu,,"Road to UFC: Season 2, Episode 6"
2023-08-30,Timmy Cuamba,Mateo Vogel,Timmy Cuamba,,
2023-08-30,Marco Tulio,Yousri Belgaroui,Marco Tulio,,
2023-09-01,Ilimbek Akylbek Uulu,Gadzhimurad Gasanguseinov,Ilimbek Akylbek Uulu,,ONE Friday Fights 31
2023-09-01,Bilal Hasan,Orlando Ortega,Bilal Hasan,,
2023-09-02,Zarah Fairn,Jacqueline Cavalcanti,Jacqueline Cavalcanti,DEC,
2023-09-02,Ange Loosa,Rhys McKee,Ange Loosa,DEC,
2023-09-02,Farid Basharat,Kleydson Rodrigues,Farid Basharat,SUB,
2023-09-02,Benoit Saint-Denis,Thiago Moises,Benoit Saint-Denis,KO/TKO,
2023-09-02,Volkan Oezdemir,Bogdan Guskov,Volkan Oezdemir,SUB,
2023-09-02,Taylor Lapilus,Caolan Loughran,Taylor Lapilus,DEC,
2023-09-02,Manon Fiorot,Rose Namajunas,Manon Fiorot,DEC,
2023-09-02,William Gomis,Yanis Ghemmouri,William Gomis,KO/TKO,
2023-09-02,Ciryl Gane,Serghei Spivac,Ciryl Gane,KO/TKO,
2023-09-02,Kyle Daukaus,Gregg Ellis,Kyle Daukaus,,CFFC 124: Ellis vs. Daukaus
2023-09-02,Nora Cornolle,Joselyne Edwards,Nora Cornolle,DEC,
2023-09-02,Morgan Charrière,Manolo Zecchini,Morgan Charrière,KO/TKO,
2023-09-03,Gianni Vazquez,Narek Avagyan,Gianni Vazquez,,Up Next Fighting 11
2023-09-06,Jean Silva,Kevin Vallejos,Jean Silva,,
2023-09-06,Brendson Ribeiro,Bruno Lopes,Brendson Ribeiro,,
2023-09-09,Carlos Ulberg,Da Woon Jung,Carlos Ulberg,SUB,
2023-09-09,Tyson Pedro,Anton Turkalj,Tyson Pedro,KO/TKO,
2023-09-09,Jack Jenkins,Chepe Mariscal,Chepe Mariscal,KO/TKO,
2023-09-09,Blood Diamond,Charles Radtke,Charles Radtke,DEC,
2023-09-09,Manel Kape,Felipe dos Santos,Manel Kape,DEC,
2023-09-09,Nasrat Haqparast,Landon Quinones,Nasrat Haqparast,DEC,
2023-09-09,Mehemmedeli Osmanli,Elkhan Hasanov,Mehemmedeli Osmanli,,NGF 3: New Generation Fighting 3
2023-09-09,Israel Adesanya,Sean Strickland,Sean Strickland,DEC,
2023-09-09,Justin Tafa,Austen Lane,Justin Tafa,KO/TKO,
2023-09-09,Tai Tuivasa,Alexander Volkov,Alexander Volkov,SUB,
2023-09-09,Sofia Montenegro,Sofia Landi,Sofia Montenegro,,Circuito Argentino de MMA 22
2023-09-09,Shane Young,Gabriel Miranda,Gabriel Miranda,SUB,
2023-09-09,Jamie Mullarkey,John Makdessi,Jamie Mullarkey,DEC,
2023-09-09,Kevin Jousset,Kiefer Crosbie,Kevin Jousset,SUB,
2023-09-13,Julia Polastri,Patricia Alujas,Julia Polastri,,
2023-09-13,Jhonata Diniz,Eduardo Neves,Jhonata Diniz,,
2023-09-16,Alexa Grasso,Valentina Shevchenko,,Draw,
2023-09-16,Édgar Cháirez,Daniel Lacerda,,Draw,
2023-09-16,Loopy Godinez,Elise Reed,Loopy Godinez,SUB,
2023-09-16,Raul Rosas Jr.,Terrence Mitchell,Raul Rosas Jr.,KO/TKO,
2023-09-16,Josefine Knutsson,Marnic Mann,Josefine Knutsson,DEC,
2023-09-16,Roman Kopylov,Josh Fremd,Roman Kopylov,KO/TKO,
2023-09-16,Kevin Holland,Jack Della Maddalena,Jack Della Maddalena,DEC,
2023-09-16,Daniel Zellhuber,Christos Giagos,Daniel Zellhuber,SUB,
2023-09-16,Alex Reyes,Charlie Campbell,Charlie Campbell,KO/TKO,
2023-09-16,Klaudia Syguła,Yulia Kutsenko,Klaudia Syguła,,MMA GP: Kouadja vs. Maalem
2023-09-16,Tracy Cortez,Jasmine Jasudavicius,Tracy Cortez,DEC,
2023-09-16,Fernando Padilla,Kyle Nelson,Kyle Nelson,DEC,
2023-09-20,Shamil Gaziev,Greg Velasco,Shamil Gaziev,,
2023-09-23,Ricardo Ramos,Charles Jourdain,Charles Jourdain,SUB,
2023-09-23,Marina Rodriguez,Michelle Waterson-Gomez,Marina Rodriguez,KO/TKO,
2023-09-23,Mizuki,Hannah Goldy,Mizuki,DEC,
2023-09-23,Mohammed Usman,Jake Collier,Mohammed Usman,DEC,
2023-09-23,Bryce Mitchell,Dan Ige,Bryce Mitchell,DEC,
2023-09-23,Aaron Pico,Pedro Carvalho,Aaron Pico,,Bellator 299: Eblen vs. Edwards
2023-09-23,Tamires Vidal,Montse Rendon,Montse Rendon,DEC,
2023-09-23,Bryan Battle,AJ Fletcher,Bryan Battle,SUB,
2023-09-23,Rafael Fiziev,Mateusz Gamrot,Mateusz Gamrot,KO/TKO,
2023-09-23,Tim Means,Andre Fialho,Tim Means,KO/TKO,
2023-09-23,Jacob Malkoun,Cody Brundage,Cody Brundage,DQ,
2023-09-24,Kody Steele,Nico Echeverry,Kody Steele,,Fury Challenger Series 7
2023-09-24,Ramazan Temirov,Takaki Soya,Ramazan Temirov,,Rizin FF: Rizin Fighting Federation 44
2023-09-24,Robelis Despaigne,Stevie Payne,Robelis Despaigne,,Fury Challenger Series 7
2023-09-27,Ernesta Kareckaite,Carli Judice,Ernesta Kareckaite,,
2023-09-30,Shanelle Dyer,Luisa Cifuentes,Shanelle Dyer,,2023 PFL Europe Playoffs
2023-09-30,Iwo Baraniewski,Kamil Bartosiński,Iwo Baraniewski,,Babilon MMA 39: Kacprzak vs. Rakowicz
2023-09-30,Jose Ochoa,Jeferson Guilherme Pereira,Jose Ochoa,,Bison Kombat 3
2023-09-30,Ryan Gandra,Leonardo Bezerra,Ryan Gandra,,Bison Kombat 3
2023-09-30,Carol Foro,Janine Fonseca,Carol Foro,,
2023-10-04,Rodolfo Bellato,Murtaza Talha,Rodolfo Bellato,,
2023-10-04,Mauricio Ruffy,Raimond Magomedaliev,Mauricio Ruffy,,
2023-10-07,Grant Dawson,King Green,King Green,KO/TKO,
2023-10-07,Alden Coria,Aaron La Farge,Alden Coria,,LFA 169: Ward vs. Walker
2023-10-07,Nate Maness,Mateus Mendonca,Nate Maness,KO/TKO,
2023-10-07,Joe Pyfer,Abdul Razak Alhassan,Joe Pyfer,SUB,
2023-10-07,Andrey Pulyaev,Nikita Kondratov,Andrey Pulyaev,,RCC: Intro 29
2023-10-07,Melissa Croden,Katharina Lehner,Melissa Croden,,LFA 169: Ward vs. Walker
2023-10-07,Mansur Abdul-Malik,Donelei Benedetto,Mansur Abdul-Malik,,Shogun Fights 27
2023-10-07,Karolina Kowalkiewicz,Diana Belbita,Karolina Kowalkiewicz,DEC,
2023-10-07,Vanessa Demopoulos,Kanako Murata,Vanessa Demopoulos,DEC,
2023-10-07,Aoriqileng,Johnny Munoz,Aoriqileng,DEC,
2023-10-07,Montana De La Rosa,JJ Aldrich,JJ Aldrich,DEC,
2023-10-07,Kanybek Zhanybek Uulu,Daniil Donchenko,Kanybek Zhanybek Uulu,,Naiza Fighter Championship 53
2023-10-07,Alex Morono,Joaquin Buckley,Joaquin Buckley,DEC,
2023-10-07,Drew Dober,Ricky Glenn,Drew Dober,KO/TKO,
2023-10-07,Richie Miranda,Derion Chapman,Richie Miranda,,
2023-10-07,Alexander Hernandez,Bill Algeo,Bill Algeo,DEC,
2023-10-11,MarQuel Mederos,Issa Isakov,MarQuel Mederos,,
2023-10-11,Andre Lima,Rickson Zenidim,Andre Lima,,
2023-10-14,Irina Alekseeva,Melissa Mullins,Melissa Mullins,DEC,
2023-10-14,Chris Gutierrez,Alatengheili,Chris Gutierrez,DEC,
2023-10-14,Tainara Lisboa,Ravena Oliveira,Tainara Lisboa,DEC,
2023-10-14,Sodiq Yusuff,Edson Barboza,Edson Barboza,DEC,
2023-10-14,Darren Elkins,TJ Brown,Darren Elkins,SUB,
2023-10-14,Jennifer Maia,Viviane Araujo,Viviane Araujo,DEC,
2023-10-14,Andre Petroski,Michel Pereira,Michel Pereira,KO/TKO,
2023-10-14,Ashley Yoder,Emily Ducote,Emily Ducote,DEC,
2023-10-14,Mason Jones,Yann Liasse,Mason Jones,,Cage Warriors 161
2023-10-14,Tommy McMillen,Arthur Dufloo,Tommy McMillen,,Fusion Fight League: McMillen vs. Dufloo
2023-10-14,Jonathan Martinez,Adrian Yanez,Jonathan Martinez,KO/TKO,
2023-10-14,Christian Rodriguez,Cameron Saaiman,Christian Rodriguez,DEC,
2023-10-14,Terrance McKinney,Brendon Marotte,Terrance McKinney,KO/TKO,
2023-10-21,Islam Makhachev,Alexander Volkanovski,Islam Makhachev,KO/TKO,
2023-10-21,Mike Breeden,Anshul Jubli,Mike Breeden,KO/TKO,
2023-10-21,Johnny Walker,Magomed Ankalaev,,Draw,
2023-10-21,Tim Elliott,Muhammad Mokaev,Muhammad Mokaev,SUB,
2023-10-21,Mohammad Yahya,Trevor Peek,Trevor Peek,DEC,
2023-10-21,Shara Magomedov,Bruno Silva,Shara Magomedov,DEC,
2023-10-21,Abu Azaitar,Sedriques Dumas,Sedriques Dumas,DEC,
2023-10-21,Nathaniel Wood,Muhammad Naimov,Muhammad Naimov,DEC,
2023-10-21,Viktoriia Dudakova,Jinh Yu Frey,Viktoriia Dudakova,DEC,
2023-10-21,Kamaru Usman,Khamzat Chimaev,Khamzat Chimaev,DEC,
2023-10-21,Ikram Aliskerov,Warlley Alves,Ikram Aliskerov,KO/TKO,
2023-10-21,Said Nurmagomedov,Muin Gafurov,Said Nurmagomedov,SUB,
2023-10-21,Michael Aljarouj,Nuno Costa,Michael Aljarouj,KO/TKO,MMAGP
2023-10-22,Chris Padilla,Justin Jaynes,Chris Padilla,,Up Next Fighting 13
2023-10-27,Namsrai Batbayar,Ankhbayar Tserenbold,Namsrai Batbayar,,
2023-10-28,Ding Meng,Kuerbanjiang Tuluosibake,Ding Meng,,
2023-10-28,Julien LeBlanc,Chris Chapman,Julien LeBlanc,,Unified MMA 53
2023-10-28,Quillan Salkilld,Brett Pastore,Quillan Salkilld,,
2023-10-28,Myktybek Orolbai,Hayward Charles,Myktybek Orolbai,,LFA 170: Talundžić vs. Frunza
2023-10-29,Mario Pinto,Benjamin Sehic,Mario Pinto,,Levels Fight League 10
2023-10-29,Yousri Belgaroui,Giorgi Kvelidze,Yousri Belgaroui,,Levels Fight League 10
2023-11-04,Rodrigo Nascimento,Don'Tale Mayes,Rodrigo Nascimento,DEC,
2023-11-04,Ryan Gandra,Alessandro Gambulino,Ryan Gandra,,LFA 171: Neves vs. Cunha
2023-11-04,Marcio Barbosa,Gian Sarturi,Marcio Barbosa,,
2023-11-04,Jailton Almeida,Derrick Lewis,Jailton Almeida,DEC,
2023-11-04,Jose Ochoa,Juscelino Pantoja,Jose Ochoa,,LFA 171: Neves vs. Cunha
2023-11-04,Vitor Petrino,Modestas Bukauskas,Vitor Petrino,KO/TKO,
2023-11-04,Kauê Fernandes,Marc Diakiese,Marc Diakiese,DEC,
2023-11-04,Angela Hill,Denise Gomes,Angela Hill,DEC,
2023-11-04,Caio Borralho,Abus Magomedov,Caio Borralho,DEC,
2023-11-04,Eduarda Moura,Montserrat Conejo Ruiz,Eduarda Moura,KO/TKO,
2023-11-04,Elves Brener,Kaynan Kruschewsky,Elves Brener,KO/TKO,
2023-11-04,Gabriel Bonfim,Nicolas Dalby,Nicolas Dalby,KO/TKO,
2023-11-11,Dennis Buzukja,Jamall Emmers,Jamall Emmers,KO/TKO,
2023-11-11,Steve Erceg,Alessandro Costa,Steve Erceg,DEC,
2023-11-11,Diego Lopes,Pat Sabatini,Diego Lopes,KO/TKO,
2023-11-11,Jessica Andrade,Mackenzie Dern,Jessica Andrade,KO/TKO,
2023-11-11,Jared Gordon,Mark Madsen,Jared Gordon,KO/TKO,
2023-11-11,Sergei Pavlovich,Tom Aspinall,Tom Aspinall,KO/TKO,
2023-11-11,Joshua Van,Kevin Borjas,Joshua Van,DEC,
2023-11-11,Matt Frevola,Benoit Saint-Denis,Benoit Saint-Denis,KO/TKO,
2023-11-11,John Castaneda,Kyung Ho Kang,John Castaneda,DEC,
2023-11-11,Steven Asplund,Anthony Garrett,Steven Asplund,,Ignite Fights: Mecca 20
2023-11-11,Tabatha Ricci,Loopy Godinez,Loopy Godinez,DEC,
2023-11-11,Jiri Prochazka,Alex Pereira,Alex Pereira,KO/TKO,
2023-11-11,Mateusz Rębecki,Roosevelt Roberts,Mateusz Rębecki,SUB,
2023-11-13,Eric McConico,Maki Pitolo,Eric McConico,,Tuff-N-Uff 134
2023-11-18,Lerryan Douglas,Ivan Tena,Lerryan Douglas,,LFA 172: Davis vs. Chapolin
2023-11-18,Uroš Medić,Myktybek Orolbai,Myktybek Orolbai,SUB,
2023-11-18,Chad Anheliger,Jose Johnson,Jose Johnson,SUB,
2023-11-18,Luana Pinheiro,Amanda Ribas,Amanda Ribas,KO/TKO,
2023-11-18,Payton Talbott,Nick Aguirre,Payton Talbott,SUB,
2023-11-18,Jeka Saragih,Lucas Alexander,Jeka Saragih,KO/TKO,
2023-11-18,Mick Parkin,Caio Machado,Mick Parkin,DEC,
2023-11-18,Louie Sutherland,Luis Carlos de Brito,Louie Sutherland,,FightStar Championship 27
2023-11-18,Jonathan Pearce,Joanderson Brito,Joanderson Brito,SUB,
2023-11-18,Charles Johnson,Rafael Estevam,Rafael Estevam,DEC,
2023-11-18,Brendan Allen,Paul Craig,Brendan Allen,SUB,
2023-11-18,Chase Hooper,Jordan Leavitt,Chase Hooper,SUB,
2023-11-18,Christian Tremayne,Cam Nelson,Christian Tremayne,,
2023-11-18,Lucie Pudilova,Ailin Perez,Ailin Perez,DEC,
2023-11-18,Christian Leroy Duncan,Denis Tiuliulin,Christian Leroy Duncan,KO/TKO,
2023-11-18,Jose Delgado,Sean Gee,Jose Delgado,,CageWarriors Northwest 5
2023-11-18,Eduardo Chapolin,Cody Davis,Eduardo Chapolin,,
2023-11-18,Christian Tremayne,Cameron Nelson,Christian Tremayne,,
2023-11-18,Michael Morales,Jake Matthews,Michael Morales,DEC,
2023-11-22,Nick Klein,Cory Simpson,Nick Klein,,MCC | AFC: Thanksgiving Throwdown
2023-11-25,Jeisla Chaves,Janine Fonseca,Jeisla Chaves,,Dome Of War 1
2023-11-26,Damian Pinas,Leonardo Ruiz,Damian Pinas,,Aruba Fighting Championship:  Never Back Down
2023-12-01,Gauge Young,Brexton Everett,Gauge Young,,
2023-12-01,Regina Tarin,Citlalli Alcantar,Regina Tarin,,Budo Sento Championship 19
2023-12-02,Rodolfo Bellato,Ihor Potieria,Rodolfo Bellato,KO/TKO,
2023-12-02,Punahele Soriano,Dustin Stoltzfus,Dustin Stoltzfus,SUB,
2023-12-02,Wellington Turman,Jared Gooden,Jared Gooden,SUB,
2023-12-02,Jalin Turner,King Green,Jalin Turner,KO/TKO,
2023-12-02,Miesha Tate,Julia Avila,Miesha Tate,SUB,
2023-12-02,Drakkar Klose,Joe Solecki,Drakkar Klose,KO/TKO,
2023-12-02,Sean Brady,Kelvin Gastelum,Sean Brady,SUB,
2023-12-02,Rob Font,Deiveson Figueiredo,Deiveson Figueiredo,DEC,
2023-12-02,Beneil Dariush,Arman Tsarukyan,Arman Tsarukyan,KO/TKO,
2023-12-02,Ateba Gautier,Carlos Antonio de Souza,Ateba Gautier,,Fight KLB Series 1
2023-12-02,Veronica Hardy,Jamey-Lyn Horth,Veronica Hardy,DEC,
2023-12-02,Zach Reese,Cody Brundage,Cody Brundage,KO/TKO,
2023-12-02,Clay Guida,Joaquim Silva,Joaquim Silva,DEC,
2023-12-03,Robelis Despaigne,Miles Banks,Robelis Despaigne,,Fury Fighting Championship 84
2023-12-08,Ismail Naurdiev,Tahar Hadbi,Ismail Naurdiev,,Brave CF 79
2023-12-09,HyunSung Park,Shannon Ross,HyunSung Park,KO/TKO,
2023-12-09,Rafael Tobias,Luis Andrade de Oliveira,Rafael Tobias,,
2023-12-09,Rayanne dos Santos,Talita Alencar,Talita Alencar,DEC,
2023-12-09,JunYong Park,Andre Muniz,Andre Muniz,DEC,
2023-12-09,Anthony Smith,Khalil Rountree Jr.,Khalil Rountree Jr.,KO/TKO,
2023-12-09,Luana Santos,Stephanie Egger,Luana Santos,DEC,
2023-12-09,Tommy McMillen,Dustin Winter,Tommy McMillen,,Fusion Fight League: Tommy Gun Returns
2023-12-09,Song Kenan,Kevin Jousset,Kevin Jousset,DEC,
2023-12-09,Steve Garcia,Melquizael Costa,Steve Garcia,KO/TKO,
2023-12-09,Tim Elliott,Sumudaerji,Tim Elliott,SUB,
2023-12-09,Song Yadong,Chris Gutierrez,Song Yadong,DEC,
2023-12-09,Losene Keita,Niko Samsonidse,Losene Keita,,OKTAGON 50: Keita vs Samsonidse
2023-12-09,Tatsuro Taira,Carlos Hernandez,Tatsuro Taira,KO/TKO,
2023-12-09,Nasrat Haqparast,Jamie Mullarkey,Nasrat Haqparast,KO/TKO,
2023-12-14,Rodrigo Vera,Rogerio Furtado,Rodrigo Vera,,FFC 70: Vera vs. Vargas
2023-12-15,Axel Sola,Turpal Younousov,Axel Sola,,Ares FC 18: Augen vs. Shiguemoto
2023-12-15,Ramiro Jimenez,Pablo Burgos,Ramiro Jimenez,,Combate Global: Copa Combate Quarterfinals
2023-12-15,Shanelle Dyer,Liliya Kazak,Shanelle Dyer,,
2023-12-16,Leon Edwards,Colby Covington,Leon Edwards,DEC,
2023-12-16,Alonzo Menifield,Dustin Jacoby,Alonzo Menifield,DEC,
2023-12-16,Adrian Bartosinski,Salahdine Parnasse,Adrian Bartosinski,,KSW 89: Bartosiński vs. Parnasse
2023-12-16,Azamat Bekoev,Lucas Fernando,Azamat Bekoev,,LFA 173: Fernando vs. Bekoev
2023-12-16,Shavkat Rakhmonov,Stephen Thompson,Shavkat Rakhmonov,SUB,
2023-12-16,Irene Aldana,Karol Rosa,Irene Aldana,DEC,
2023-12-16,Casey O'Neill,Ariane da Silva,Ariane da Silva,SUB,
2023-12-16,Tony Ferguson,Paddy Pimblett,Paddy Pimblett,DEC,
2023-12-16,Josh Emmett,Bryce Mitchell,Josh Emmett,KO/TKO,
2023-12-16,Alexandre Pantoja,Brandon Royval,Alexandre Pantoja,DEC,
2023-12-16,Tagir Ulanbekov,Cody Durden,Tagir Ulanbekov,SUB,
2023-12-16,Andre Fili,Lucas Almeida,Andre Fili,KO/TKO,
2023-12-16,Kurtis Campbell,Sean Pero,Kurtis Campbell,,FCC 36: Full Contact Contender 36
2023-12-16,Natasha Kuziutina,Gigi Canuto,Natasha Kuziutina,,
2023-12-16,Ramiro Jimenez,Mauricio Eguiluz,Ramiro Jimenez,,Combate Global: Copa Combate Semifinals and Final
2023-12-16,Ramiro Jimenez,Tommy Garcia,Ramiro Jimenez,,Combate Global: Copa Combate Semifinals and Final
2023-12-16,Cody Garbrandt,Brian Kelleher,Cody Garbrandt,KO/TKO,
2023-12-16,Ariane Lipski da Silva,Casey O'Neill,Ariane Lipski da Silva,,
2023-12-16,Martin Buday,Shamil Gaziev,Shamil Gaziev,KO/TKO,
2023-12-16,Alonzo Turner,Eric Nolan,Alonzo Turner,,CFFC 128: Watley vs. Gjetja
2023-12-17,Alexia Thainara,Thaiane Souza,Alexia Thainara,,
2023-12-31,Kai Asakura,Juan Archuleta,Kai Asakura,,Rizin FF: Rizin Fighting Federation 45
2024-01-12,Khalim Nazruloev,Ilimbek Akylbek Uulu,Khalim Nazruloev,,ONE Friday Fights 47
2024-01-13,Wes Schultz,Maurice Morris,Wes Schultz,,LFA 174: Jones vs. Gennrich
2024-01-13,Andrei Arlovski,Waldo Cortes Acosta,Waldo Cortes Acosta,DEC,
2024-01-13,Steven Asplund,Billy Ray Valdez,Steven Asplund,,LFA 174: Jones vs. Gennrich
2024-01-13,Magomed Ankalaev,Johnny Walker,Magomed Ankalaev,KO/TKO,
2024-01-13,Farid Basharat,Taylor Lapilus,Farid Basharat,DEC,
2024-01-13,Joshua Van,Felipe Bunes,Joshua Van,KO/TKO,
2024-01-13,Westin Wilson,Jean Silva,Jean Silva,KO/TKO,
2024-01-13,Nikolas Motta,Tom Nolan,Nikolas Motta,KO/TKO,
2024-01-13,Marcus McGhee,Gaston Bolanos,Marcus McGhee,KO/TKO,
2024-01-13,Ricky Simon,Mario Bautista,Mario Bautista,DEC,
2024-01-13,Jim Miller,Gabriel Benitez,Jim Miller,SUB,
2024-01-13,Phil Hawes,Brunno Ferreira,Brunno Ferreira,KO/TKO,
2024-01-13,Matthew Semelsberger,Preston Parsons,Preston Parsons,DEC,
2024-01-20,Raquel Pennington,Mayra Bueno Silva,Raquel Pennington,DEC,
2024-01-20,Yohan Lainesse,Sam Patterson,Sam Patterson,SUB,
2024-01-20,Gillian Robertson,Polyana Viana,Gillian Robertson,KO/TKO,
2024-01-20,Arnold Allen,Movsar Evloev,Movsar Evloev,DEC,
2024-01-20,Brad Katona,Garrett Armfield,Garrett Armfield,DEC,
2024-01-20,Chris Curtis,Marc-Andre Barriault,Chris Curtis,DEC,
2024-01-20,Sean Strickland,Dricus Du Plessis,Dricus Du Plessis,DEC,
2024-01-20,Malcolm Gordon,Jimmy Flick,Jimmy Flick,SUB,
2024-01-20,Charles Jourdain,Sean Woodson,Sean Woodson,DEC,
2024-01-20,Neil Magny,Mike Malott,Neil Magny,KO/TKO,
2024-01-20,Serhiy Sidey,Ramon Taveras,Ramon Taveras,DEC,
2024-01-20,Jasmine Jasudavicius,Priscila Cachoeira,Jasmine Jasudavicius,SUB,
2024-01-21,Daniil Donchenko,Sang Kwon Han,Daniil Donchenko,,Top Brights 1
2024-01-21,Michael Aswell,Josh Altum,Michael Aswell,,Fury Fighting Championship 85
2024-01-21,Alberto Trujillo,Alden Coria,Alberto Trujillo,,Fury Fighting Championship 85
2024-01-27,Iwo Baraniewski,Miroslav Uchytil,Iwo Baraniewski,,Babilon MMA 42: Gładkowicz vs. Zając
2024-01-27,Michael Aljarouj,Liridon Ramani,Michael Aljarouj,DEC,Regional (unidentified)
2024-01-28,Bruno Lopes,Marcos Brigagão,Bruno Lopes,,
2024-01-28,Beatriz Consuli,Carol Foro,Beatriz Consuli,,
2024-02-02,Andrey Pulyaev,Well Oliveira,Andrey Pulyaev,,Shlemenko FC 9
2024-02-02,Eric McConico,Tyler Ray,Eric McConico,,Tuff-N-Uff 135
2024-02-02,Jose Delgado,Desmond Manabat,Jose Delgado,,Tuff-N-Uff 135
2024-02-02,Timmy Cuamba,Michael Stack,Timmy Cuamba,,Tuff-N-Uff 135
2024-02-03,Renato Moicano,Drew Dober,Renato Moicano,DEC,
2024-02-03,Gilbert Urbina,Charles Radtke,Charles Radtke,KO/TKO,
2024-02-03,Landon Quinones,MarQuel Mederos,MarQuel Mederos,DEC,
2024-02-03,Molly McCann,Diana Belbita,Molly McCann,SUB,
2024-02-03,Viviane Araujo,Natalia Silva,Natalia Silva,DEC,
2024-02-03,JeongYeong Lee,Blake Bilder,JeongYeong Lee,DEC,
2024-02-03,Luana Carolina,Julija Stoliarenko,Luana Carolina,KO/TKO,
2024-02-03,Azat Maksum,Charles Johnson,Charles Johnson,DEC,
2024-02-03,Thomas Petersen,Jamal Pogues,Jamal Pogues,DEC,
2024-02-03,Roman Dolidze,Nassourdine Imavov,Nassourdine Imavov,DEC,
2024-02-03,Randy Brown,Muslim Salikhov,Randy Brown,KO/TKO,
2024-02-03,Themba Gorimbo,Pete Rodriguez,Themba Gorimbo,KO/TKO,
2024-02-04,Rongzhu,Shin Haraguchi,Rongzhu,,Road to UFC: Season 2 Finals
2024-02-04,Yadier del Valle,Adam Smith,Yadier del Valle,,Fury Challenger Series 11
2024-02-04,Rei Tsuruya,Jiniushiyue,Rei Tsuruya,,Road to UFC: Season 2 Finals
2024-02-10,Robert Bryczek,Ihor Potieria,Ihor Potieria,DEC,
2024-02-10,Aoriqileng,Daniel Marcos,,Draw,
2024-02-10,Bolaji Oki,Timmy Cuamba,Bolaji Oki,DEC,
2024-02-10,Bilal Hasan,Jacob Romano,Bilal Hasan,,
2024-02-10,Michael Johnson,Darrius Flowers,Michael Johnson,DEC,
2024-02-10,Rodolfo Vieira,Armen Petrosyan,Rodolfo Vieira,SUB,
2024-02-10,Trevin Giles,Carlos Prates,Carlos Prates,KO/TKO,
2024-02-10,Loma Lookboonmee,Bruna Brasil,Loma Lookboonmee,DEC,
2024-02-10,Dan Ige,Andre Fili,Dan Ige,KO/TKO,
2024-02-10,Mansur Abdul-Malik,Allan St-Gelais,Mansur Abdul-Malik,,LFA 176: Johns vs. Walker
2024-02-10,Kyle Daukaus,Sean Connor Fallon,Kyle Daukaus,,CFFC 129: Kline vs. Romero
2024-02-10,Jack Hermansson,Joe Pyfer,Jack Hermansson,DEC,
2024-02-10,Quillan Salkilld,Dom Mar Fan,Quillan Salkilld,,
2024-02-10,Devin Clark,Marcin Prachnio,Marcin Prachnio,DEC,
2024-02-10,Max Griffin,Jeremiah Wells,Max Griffin,DEC,
2024-02-10,Matthieu Letho Duclos,Alexis Fontes,Matthieu Letho Duclos,,Hexagone MMA 14
2024-02-10,Fernie Garcia,Hyder Amil,Hyder Amil,KO/TKO,
2024-02-10,Brad Tavares,Gregory Rodrigues,Gregory Rodrigues,KO/TKO,
2024-02-10,Marwan Rahiki,Julian Giustiniano,Marwan Rahiki,,Eternal MMA 82
2024-02-10,Zac Pauga,Bogdan Guskov,Bogdan Guskov,KO/TKO,
2024-02-17,Ryan Kuse,Thiago Belo,Ryan Kuse,,
2024-02-17,Marcos Rogerio de Lima,Junior Tafa,Marcos Rogerio de Lima,KO/TKO,
2024-02-17,Josh Quinlan,Danny Barlow,Danny Barlow,KO/TKO,
2024-02-17,Merab Dvalishvili,Henry Cejudo,Merab Dvalishvili,DEC,
2024-02-17,Amanda Lemos,Mackenzie Dern,Amanda Lemos,DEC,
2024-02-17,Rinya Nakamura,Carlos Vera,Rinya Nakamura,DEC,
2024-02-17,Anthony Hernandez,Roman Kopylov,Anthony Hernandez,SUB,
2024-02-17,Oban Elliott,Val Woodburn,Oban Elliott,DEC,
2024-02-17,Andrea Lee,Miranda Maverick,Miranda Maverick,DEC,
2024-02-17,Zhang Mingyang,Brendson Ribeiro,Zhang Mingyang,KO/TKO,
2024-02-17,Robert Whittaker,Paulo Costa,Robert Whittaker,DEC,
2024-02-17,Geoff Neal,Ian Machado Garry,Ian Machado Garry,DEC,
2024-02-17,Alexander Volkanovski,Ilia Topuria,Ilia Topuria,KO/TKO,
2024-02-18,Yousri Belgaroui,Ahmed Sami,Yousri Belgaroui,,Levels Fight League 11
2024-02-18,Mario Pinto,Kasim Aras,Mario Pinto,,Levels Fight League 11
2024-02-23,Valesca Machado,Taylor Mauldin,Valesca Machado,,Urijah Faber's A1 Combat 18
2024-02-24,Manuel Torres,Chris Duncan,Manuel Torres,SUB,
2024-02-24,Édgar Cháirez,Daniel Lacerda,Édgar Cháirez,SUB,
2024-02-24,Mason Jones,Bryce Logan,Mason Jones,,Cage Warriors 166
2024-02-24,Imanol Rodriguez,Emmanuel Berumen,Imanol Rodriguez,,Combate Global: USA vs. Ecuador
2024-02-24,Erik Silva,Muhammad Naimov,Muhammad Naimov,KO/TKO,
2024-02-24,Claudio Puelles,Farés Ziam,Farés Ziam,DEC,
2024-02-24,Mehemmedeli Osmanli,Talha Derdiyok,Mehemmedeli Osmanli,,Khan Fight: Grand Prix of Bursa
2024-02-24,Victor Altamirano,Felipe dos Santos,Felipe dos Santos,DEC,
2024-02-24,Jesus Aguilar,Mateus Mendonca,Jesus Aguilar,DEC,
2024-02-24,Yazmin Jauregui,Sam Hughes,Yazmin Jauregui,DEC,
2024-02-24,Daniel Zellhuber,Francisco Prado,Daniel Zellhuber,DEC,
2024-02-24,Brandon Moreno,Brandon Royval,Brandon Royval,DEC,
2024-02-24,Yair Rodriguez,Brian Ortega,Brian Ortega,SUB,
2024-02-24,Cristian Quinonez,Raoni Barcelos,Raoni Barcelos,SUB,
2024-02-24,Ronaldo Rodriguez,Denys Bondar,Ronaldo Rodriguez,SUB,
2024-02-24,Aaron Pico,Henry Corrales,Aaron Pico,,PFL Champions vs. Bellator Champions
2024-02-24,Mehemmedeli Osmanli,Amir Hossein Habibi,Mehemmedeli Osmanli,,Khan Fight: Grand Prix of Bursa
2024-03-01,Anatoly Malykhin,Reinier de Ridder,Anatoly Malykhin,,
2024-03-02,Christian Leroy Duncan,Claudio Ribeiro,Christian Leroy Duncan,KO/TKO,
2024-03-02,Matt Schnell,Steve Erceg,Steve Erceg,KO/TKO,
2024-03-02,Aiemann Zahabi,Javid Basharat,Aiemann Zahabi,DEC,
2024-03-02,Vinicius Oliveira,Benardo Sopaj,Vinicius Oliveira,KO/TKO,
2024-03-02,Vitor Petrino,Tyson Pedro,Vitor Petrino,DEC,
2024-03-02,Alex Perez,Muhammad Mokaev,Muhammad Mokaev,DEC,
2024-03-02,Eryk Anders,Jamie Pickett,Eryk Anders,DEC,
2024-03-02,Umar Nurmagomedov,Bekzat Almakhan,Umar Nurmagomedov,DEC,
2024-03-02,Ludovit Klein,AJ Cunningham,Ludovit Klein,KO/TKO,
2024-03-02,Jairzinho Rozenstruik,Shamil Gaziev,Jairzinho Rozenstruik,KO/TKO,
2024-03-02,Abdul-Kareem Al-Selwady,Loik Radzhabov,Loik Radzhabov,KO/TKO,
2024-03-09,Curtis Blaydes,Jailton Almeida,Curtis Blaydes,KO/TKO,
2024-03-09,Mateusz Gamrot,Rafael Dos Anjos,Mateusz Gamrot,DEC,
2024-03-09,Joanne Wood,Maryna Moroz,Joanne Wood,DEC,
2024-03-09,Ozzy Diaz,Chuck Campbell,Ozzy Diaz,,LFA 178: Satybaldiev vs. Assis
2024-03-09,Gilbert Burns,Jack Della Maddalena,Jack Della Maddalena,KO/TKO,
2024-03-09,Sean O'Malley,Marlon Vera,Sean O'Malley,DEC,
2024-03-09,Jeisla Chaves,Raila Almeida,Jeisla Chaves,,King Fight 1
2024-03-09,Katlyn Cerminara,Maycee Barber,Maycee Barber,DEC,
2024-03-09,Kurtis Campbell,Karl Fletcher,Kurtis Campbell,,FCC 37: Full Contact Contender 37
2024-03-09,Robelis Despaigne,Josh Parisian,Robelis Despaigne,KO/TKO,
2024-03-09,CJ Vergara,Asu Almabayev,Asu Almabayev,DEC,
2024-03-09,Petr Yan,Song Yadong,Petr Yan,DEC,
2024-03-09,Ion Cutelaba,Philipe Lins,Philipe Lins,DEC,
2024-03-09,Michel Pereira,Michal Oleksiejczuk,Michel Pereira,SUB,
2024-03-09,Pedro Munhoz,Kyler Phillips,Kyler Phillips,DEC,
2024-03-09,Kevin Holland,Michael Page,Michael Page,DEC,
2024-03-09,Dustin Poirier,Benoit Saint-Denis,Dustin Poirier,KO/TKO,
2024-03-15,Delphine Benouaich,Gracy Maia,Delphine Benouaich,,King of Fighters: Fight Club
2024-03-15,Daniil Donchenko,Rustam Yusupov,Daniil Donchenko,,Naiza Fighting Championship 58: Gasanov vs. Khamidov
2024-03-16,Tai Tuivasa,Marcin Tybura,Marcin Tybura,SUB,
2024-03-16,Josh Culibao,Danny Silva,Danny Silva,DEC,
2024-03-16,Jaqueline Amorim,Cory McKenna,Jaqueline Amorim,SUB,
2024-03-16,Thiago Moises,Mitch Ramirez,Thiago Moises,KO/TKO,
2024-03-16,Fabia Sintes,Carlo D'Ambrosio,Fabia Sintes,,Llescas I Sobrasadas 1
2024-03-16,Jafel Filho,Ode Osbourne,Jafel Filho,SUB,
2024-03-16,Christian Rodriguez,Isaac Dulgarian,Christian Rodriguez,DEC,
2024-03-16,Pannie Kianzad,Macy Chiasson,Macy Chiasson,SUB,
2024-03-16,Gerald Meerschaert,Bryan Barberena,Gerald Meerschaert,SUB,
2024-03-16,Josiane Nunes,Chelsea Chandler,Chelsea Chandler,DEC,
2024-03-16,Ovince Saint Preux,Kennedy Nzechukwu,Ovince Saint Preux,DEC,
2024-03-16,Natan Levy,Mike Davis,Mike Davis,SUB,
2024-03-16,Charalampos Grigoriou,Chad Anheliger,Chad Anheliger,DEC,
2024-03-22,Patricio Pitbull,Jeremy Kennedy,Patricio Pitbull,,Bellator Champions Series Belfast: Anderson vs. Moore
2024-03-22,Manoel Sousa,Tim Wilde,Manoel Sousa,,Bellator Champions Series Belfast: Anderson vs. Moore
2024-03-22,Namsrai Batbayar,Jinbo Zou,Namsrai Batbayar,,
2024-03-23,Igor Severino,Andre Lima,Andre Lima,DQ,
2024-03-23,Fernando Padilla,Luis Pajuelo,Fernando Padilla,SUB,
2024-03-23,Miles Johns,Cody Gibson,Miles Johns,DEC,
2024-03-23,Payton Talbott,Cameron Saaiman,Payton Talbott,KO/TKO,
2024-03-23,Karl Williams,Justin Tafa,Karl Williams,DEC,
2024-03-23,Ricardo Ramos,Julian Erosa,Julian Erosa,SUB,
2024-03-23,Edmen Shahbazyan,AJ Dobson,Edmen Shahbazyan,KO/TKO,
2024-03-23,Mohammed Usman,Mick Parkin,Mick Parkin,DEC,
2024-03-23,Billy Quarantillo,Youssef Zalal,Youssef Zalal,SUB,
2024-03-23,Amanda Ribas,Rose Namajunas,Rose Namajunas,DEC,
2024-03-23,Jarno Errens,Steven Nguyen,Jarno Errens,DEC,
2024-03-23,Montse Rendon,Daria Zhelezniakova,Daria Zhelezniakova,DEC,
2024-03-23,Kurt Holobaugh,Trey Ogden,Trey Ogden,DEC,
2024-03-29,Italo Gomes,Damian Pinas,Italo Gomes,,Shooto Brazil 121: Perea vs. Honorato
2024-03-29,Keenan Lewis,Jessie Rosas,Keenan Lewis,,Urijah Faber's A1 Combat 19
2024-03-30,Richie Miranda,Kegan Agnew,Richie Miranda,,
2024-03-30,Lone'er Kavanagh,Shawn Da Silva,Lone'er Kavanagh,,Cage Warriors 169
2024-03-30,Chidi Njokuani,Rhys McKee,Chidi Njokuani,DEC,
2024-03-30,Chris Weidman,Bruno Silva,Chris Weidman,DEC,
2024-03-30,Ty Miller,Miguel Tovar,Ty Miller,,FightWorld 33
2024-03-30,Gianni Vazquez,Trevor Wells,Gianni Vazquez,,Up Next Fighting 17
2024-03-30,Julio Arce,Herbert Burns,Julio Arce,KO/TKO,
2024-03-30,Erin Blanchfield,Manon Fiorot,Manon Fiorot,DEC,
2024-03-30,Andre Petroski,Jacob Malkoun,Jacob Malkoun,KO/TKO,
2024-03-30,Dennis Buzukja,Connor Matthews,Dennis Buzukja,KO/TKO,
2024-03-30,Angel Pacheco,Caolan Loughran,Caolan Loughran,DEC,
2024-03-30,Virna Jandiroba,Loopy Godinez,Virna Jandiroba,DEC,
2024-03-30,Nate Landwehr,Jamall Emmers,Nate Landwehr,KO/TKO,
2024-03-30,Bill Algeo,Kyle Nelson,Kyle Nelson,KO/TKO,
2024-03-30,Ibo Aslan,Anton Turkalj,Ibo Aslan,KO/TKO,
2024-03-30,Vicente Luque,Joaquin Buckley,Joaquin Buckley,KO/TKO,
2024-03-30,Nursulton Ruziboev,Sedriques Dumas,Nursulton Ruziboev,KO/TKO,
2024-04-04,Sean Sharaf,Chadricc Kindle,Sean Sharaf,,Fight Club OC
2024-04-06,Trevor Peek,Charlie Campbell,Charlie Campbell,DEC,
2024-04-06,Court McGee,Alex Morono,Alex Morono,DEC,
2024-04-06,Alexander Hernandez,Damon Jackson,Damon Jackson,DEC,
2024-04-06,Morgan Charrière,Chepe Mariscal,Chepe Mariscal,DEC,
2024-04-06,Rafael Tobias,Guilherme Cunha,Rafael Tobias,,
2024-04-06,Valter Walker,Lukasz Brzeski,Lukasz Brzeski,DEC,
2024-04-06,Steven Asplund,Larry Gonzales,Steven Asplund,,LFA 181: Siqueira vs. Hernandez
2024-04-06,Norma Dumont,Germaine de Randamie,Norma Dumont,DEC,
2024-04-06,Brendan Allen,Chris Curtis,Brendan Allen,DEC,
2024-04-06,Salahdine Parnasse,Valeriu Mircea,Salahdine Parnasse,,KSW 93: Parnasse vs. Mircea
2024-04-06,Dan Argueta,Jean Matsumoto,Jean Matsumoto,SUB,
2024-04-06,Pedro Falcao,Victor Hugo,Victor Hugo,DEC,
2024-04-06,Wes Schultz,Adland Benson,Wes Schultz,,LFA 181: Siqueira vs. Hernandez
2024-04-06,Melissa Mullins,Nora Cornolle,Nora Cornolle,KO/TKO,
2024-04-06,Dylan Budka,Cesar Almeida,Cesar Almeida,KO/TKO,
2024-04-06,Ignacio Bahamondes,Christos Giagos,Ignacio Bahamondes,KO/TKO,
2024-04-06,Tommy Gantt,Paul Teague,Tommy Gantt,,Showcase MMA 37
2024-04-12,Regina Tarin,Andrea Garcia,Regina Tarin,,Budo Sento Championship 21
2024-04-12,Tommy McMillen,Joshua Wright,Tommy McMillen,,Fusion Fight League: McMillen vs. Wright
2024-04-13,King Green,Jim Miller,King Green,DEC,
2024-04-13,Justin Gaethje,Max Holloway,Max Holloway,KO/TKO,
2024-04-13,Deiveson Figueiredo,Cody Garbrandt,Deiveson Figueiredo,SUB,
2024-04-13,Alex Pereira,Jamahal Hill,Alex Pereira,KO/TKO,
2024-04-13,Sodiq Yusuff,Diego Lopes,Diego Lopes,KO/TKO,
2024-04-13,Jalin Turner,Renato Moicano,Renato Moicano,KO/TKO,
2024-04-13,Charles Oliveira,Arman Tsarukyan,Arman Tsarukyan,DEC,
2024-04-13,Holly Holm,Kayla Harrison,Kayla Harrison,SUB,
2024-04-13,Jessica Andrade,Marina Rodriguez,Jessica Andrade,DEC,
2024-04-13,Calvin Kattar,Aljamain Sterling,Aljamain Sterling,DEC,
2024-04-13,Eric Nolan,R'Mandel Cameron,Eric Nolan,,CFFC 131: Forest vs. Varricchio
2024-04-13,Zhang Weili,Yan Xiaonan,Zhang Weili,DEC,
2024-04-13,Jiri Prochazka,Aleksandar Rakic,Jiri Prochazka,KO/TKO,
2024-04-13,Bo Nickal,Cody Brundage,Bo Nickal,SUB,
2024-04-20,Jeisla Chaves,Siddhi Vieira,Jeisla Chaves,,Gomes Fight Championship 10
2024-04-21,Rafael Tobias,Willyanedson Paiva,Rafael Tobias,,
2024-04-21,Michael Aswell,Nate Richardson,Michael Aswell,,Fury Fighting Championship 89
2024-04-21,Kody Steele,Alejandro Martinez,Kody Steele,,Fury Fighting Championship 89
2024-04-21,Cameron Smotherman,Ryan Kuse,Cameron Smotherman,,Fury Fighting Championship 89
2024-04-27,Austin Hubbard,Michal Figlak,Austin Hubbard,DEC,
2024-04-27,Ivana Petrovic,Liang Na,Ivana Petrovic,SUB,
2024-04-27,Austen Lane,Jhonata Diniz,Jhonata Diniz,KO/TKO,
2024-04-27,Don'Tale Mayes,Caio Machado,Don'Tale Mayes,DEC,
2024-04-27,Jose Delgado,Alberto Romo,Jose Delgado,,UFL 4: United Fight League - Grand Prix Finals
2024-04-27,Marnic Mann,Ketlen Souza,Ketlen Souza,DEC,
2024-04-27,Tim Means,Uroš Medić,Uroš Medić,KO/TKO,
2024-04-27,Ariane da Silva,Karine Silva,Karine Silva,DEC,
2024-04-27,Rani Yahya,Victor Henry,Victor Henry,KO/TKO,
2024-04-27,James Llontop,Chris Padilla,Chris Padilla,SUB,
2024-04-27,Ryan Spann,Bogdan Guskov,Bogdan Guskov,KO/TKO,
2024-04-27,Gabriel Benitez,Maheshate,Maheshate,DEC,
2024-04-27,Matheus Nicolau,Alex Perez,Alex Perez,KO/TKO,
2024-04-27,Jonathan Pearce,David Onama,David Onama,DEC,
2024-05-03,Delphine Benouaich,Amina Mukhamed,Delphine Benouaich,,King of Fighters 5
2024-05-04,Gauge Young,Josh Tully,Gauge Young,,
2024-05-04,Anthony Smith,Vitor Petrino,Anthony Smith,SUB,
2024-05-04,Ismael Bonfim,Vinc Pichel,Ismael Bonfim,DEC,
2024-05-04,Alessandro Costa,Kevin Borjas,Alessandro Costa,KO/TKO,
2024-05-04,Jose Aldo,Jonathan Martinez,Jose Aldo,DEC,
2024-05-04,Alexandre Pantoja,Steve Erceg,Alexandre Pantoja,DEC,
2024-05-04,Losene Keita,Agy Sardari,Losene Keita,,OKTAGON 57: Eckerlin vs. Brož
2024-05-04,Joaquim Silva,Drakkar Klose,Drakkar Klose,DEC,
2024-05-04,Karolina Kowalkiewicz,Iasmin Lucindo,Iasmin Lucindo,DEC,
2024-05-04,Dione Barbosa,Ernesta Kareckaite,Dione Barbosa,DEC,
2024-05-04,Lucas Fernando,Joao Paulo Silva,Lucas Fernando,,
2024-05-04,Jack Shore,Joanderson Brito,Joanderson Brito,KO/TKO,
2024-05-04,Paul Craig,Caio Borralho,Caio Borralho,KO/TKO,
2024-05-04,Michel Pereira,Ihor Potieria,Michel Pereira,SUB,
2024-05-04,Mauricio Ruffy,Jamie Mullarkey,Mauricio Ruffy,KO/TKO,
2024-05-04,Elves Brener,Myktybek Orolbai,Myktybek Orolbai,DEC,
2024-05-11,Namsrai Batbayar,Sarvarbek Kenzhaev,Namsrai Batbayar,,
2024-05-11,Joaquin Buckley,Nursulton Ruziboev,Joaquin Buckley,DEC,
2024-05-11,Waldo Cortes Acosta,Robelis Despaigne,Waldo Cortes Acosta,DEC,
2024-05-11,JJ Aldrich,Veronica Hardy,Veronica Hardy,DEC,
2024-05-11,Charles Johnson,Jake Hadley,Charles Johnson,DEC,
2024-05-11,Terrance McKinney,Esteban Ribovics,Esteban Ribovics,KO/TKO,
2024-05-11,Tabatha Ricci,Tecia Pennington,Tabatha Ricci,DEC,
2024-05-11,Derrick Lewis,Rodrigo Nascimento,Derrick Lewis,KO/TKO,
2024-05-11,Billy Ray Goff,Trey Waters,Trey Waters,DEC,
2024-05-11,Diego Ferreira,Mateusz Rębecki,Diego Ferreira,KO/TKO,
2024-05-11,Alonzo Menifield,Carlos Ulberg,Carlos Ulberg,KO/TKO,
2024-05-11,Chase Hooper,Viacheslav Borshchev,Chase Hooper,SUB,
2024-05-11,Alex Caceres,Sean Woodson,Sean Woodson,DEC,
2024-05-17,Slim Trabelsi,Louie Sutherland,Slim Trabelsi,,Bellator Champions Series Paris: Mix vs. Magomedov 2
2024-05-18,Adrian Yanez,Vinicius Salvador,Adrian Yanez,KO/TKO,
2024-05-18,Edson Barboza,Lerone Murphy,Lerone Murphy,DEC,
2024-05-18,Ozzy Diaz,Bevon Lewis,Ozzy Diaz,,LFA 184: Diaz vs. Lewis
2024-05-18,Oumar Sy,Tuco Tokkos,Oumar Sy,SUB,
2024-05-18,Alatengheili,Kleydson Rodrigues,Alatengheili,DEC,
2024-05-18,Abus Magomedov,Warlley Alves,Abus Magomedov,DEC,
2024-05-18,Khaos Williams,Carlston Harris,Khaos Williams,KO/TKO,
2024-05-18,Luana Pinheiro,Angela Hill,Angela Hill,SUB,
2024-05-18,Carol Foro,Patricia Pereira,Carol Foro,,
2024-05-18,Tamires Vidal,Melissa Gatto,Melissa Gatto,KO/TKO,
2024-05-18,Piera Rodriguez,Ariane Carnelossi,Ariane Carnelossi,DQ,
2024-05-18,Themba Gorimbo,Ramiz Brahimaj,Themba Gorimbo,DEC,
2024-05-18,Victor Martinez,Tom Nolan,Tom Nolan,KO/TKO,
2024-05-18,Vanessa Demopoulos,Emily Ducote,Vanessa Demopoulos,DEC,
2024-05-18,Diyar Nurgozhay,Emiliano Sordi,Diyar Nurgozhay,,UAE Warriors 50
2024-05-18,Lerryan Douglas,Nathan Ghareeb,Lerryan Douglas,,
2024-05-18,Pavel Andrusca,Balabek Abbas,Pavel Andrusca,,Khan Fight 4: The War Code
2024-05-23,Rodrigo Vera,Carlos Eduardo,Rodrigo Vera,,FFC 76: Vera vs. Eduardo
2024-05-25,Fabia Sintes,Pietro Mochetti,Fabia Sintes,,WOW 14: Madrid
2024-05-25,Carol Foro,Regiane Silva,Carol Foro,,
2024-06-01,Ailin Perez,Joselyne Edwards,Ailin Perez,DEC,
2024-06-01,Kevin Holland,Michal Oleksiejczuk,Kevin Holland,SUB,
2024-06-01,Mitch Raposo,Andre Lima,Andre Lima,DEC,
2024-06-01,Phil Rowe,Jake Matthews,Jake Matthews,DEC,
2024-06-01,Jailton Almeida,Alexandr Romanov,Jailton Almeida,SUB,
2024-06-01,Islam Makhachev,Dustin Poirier,Islam Makhachev,SUB,
2024-06-01,Randy Brown,Elizeu Zaleski dos Santos,Randy Brown,DEC,
2024-06-01,Sean Strickland,Paulo Costa,Sean Strickland,DEC,
2024-06-01,Mickey Gall,Bassil Hafez,Bassil Hafez,DEC,
2024-06-01,Cesar Almeida,Roman Kopylov,Roman Kopylov,DEC,
2024-06-01,Delphine Benouaich,Marta Amigo,Delphine Benouaich,,King of Fighters 6
2024-06-01,Grant Dawson,Joe Solecki,Grant Dawson,DEC,
2024-06-01,Niko Price,Alex Morono,Niko Price,DEC,
2024-06-06,Mehemmedeli Osmanli,Omar Ashour,Mehemmedeli Osmanli,,NGF 4: New Generation Fighting 4
2024-06-08,Charles Radtke,Carlos Prates,Carlos Prates,KO/TKO,
2024-06-08,Raul Rosas Jr.,Ricky Turcios,Raul Rosas Jr.,SUB,
2024-06-08,John Castaneda,Daniel Marcos,Daniel Marcos,DEC,
2024-06-08,Cody Stamann,Taylor Lapilus,Taylor Lapilus,DEC,
2024-06-08,Eduarda Moura,Denise Gomes,Denise Gomes,DEC,
2024-06-08,Brunno Ferreira,Dustin Stoltzfus,Brunno Ferreira,KO/TKO,
2024-06-08,Dominick Reyes,Dustin Jacoby,Dominick Reyes,KO/TKO,
2024-06-08,Brad Katona,Jesse Butler,Brad Katona,DEC,
2024-06-08,Andrea Lee,Montana De La Rosa,Montana De La Rosa,DEC,
2024-06-08,Regina Tarin,Fernanda Marrufo,Regina Tarin,,Combate Global: Amaya vs. Jean-Francois
2024-06-08,Melissa Amaya,Samantha Jean-Francois,Melissa Amaya,,Combate Global: Amaya vs. Jean-Francois
2024-06-08,Julian Marquez,Zach Reese,Zach Reese,KO/TKO,
2024-06-08,Rayanne dos Santos,Puja Tomar,Puja Tomar,DEC,
2024-06-08,Shanelle Dyer,Mariam Torchinava,Shanelle Dyer,,
2024-06-08,Mandel Nallo,Deivison Francisco Ribeiro,Mandel Nallo,,BTC 24: Apex
2024-06-08,Miguel Baeza,Punahele Soriano,Punahele Soriano,DEC,
2024-06-08,Jared Cannonier,Nassourdine Imavov,Nassourdine Imavov,KO/TKO,
2024-06-08,Thiago Moises,Ludovit Klein,Ludovit Klein,DEC,
2024-06-08,Michael Aljarouj,Leno Rodrigo,Michael Aljarouj,KO/TKO,Hexagone MMA
2024-06-09,Yadier del Valle,Pena Allamov,Yadier del Valle,,Fury Fighting Championship 91
2024-06-14,Anthony Wint,Jawaski Bethly,Anthony Wint,,
2024-06-14,Julien LeBlanc,Mark Kolker,Julien LeBlanc,,Unified MMA 57
2024-06-14,Axel Sola,Daguir Imavov,,Draw,Ares FC 22: Sola vs. Imavov
2024-06-15,Kyle Daukaus,Keanan Patershuk,Kyle Daukaus,,CFFC 132: Daukaus vs. Patershuk
2024-06-15,Brady Hiestand,Garrett Armfield,Brady Hiestand,SUB,
2024-06-15,Douglas Silva de Andrade,Miles Johns,Miles Johns,DEC,
2024-06-15,Carli Judice,Gabriella Fernandes,Gabriella Fernandes,DEC,
2024-06-15,Timmy Cuamba,Lucas Almeida,Lucas Almeida,DEC,
2024-06-15,Asu Almabayev,Jose Johnson,Asu Almabayev,DEC,
2024-06-15,Jimmy Flick,Nate Maness,Nate Maness,DEC,
2024-06-15,Josefine Knutsson,Julia Polastri,Josefine Knutsson,DEC,
2024-06-15,Josh Quinlan,Adam Fugitt,Adam Fugitt,DEC,
2024-06-15,Jeka Saragih,Westin Wilson,Westin Wilson,SUB,
2024-06-15,Alex Perez,Tatsuro Taira,Tatsuro Taira,KO/TKO,
2024-06-15,Melquizael Costa,Shayilan Nuerdanbieke,Melquizael Costa,SUB,
2024-06-15,Bilal Hasan,Shamel Findley,Bilal Hasan,,
2024-06-16,Alden Coria,Jose Leon,Alden Coria,,Fury Fighting Championship 92
2024-06-22,Magomed Gadzhiyasulov,Brendson Ribeiro,Magomed Gadzhiyasulov,DEC,
2024-06-22,Johnny Walker,Volkan Oezdemir,Volkan Oezdemir,KO/TKO,
2024-06-22,Xiao Long,ChangHo Lee,ChangHo Lee,DEC,
2024-06-22,Robert Whittaker,Ikram Aliskerov,Robert Whittaker,KO/TKO,
2024-06-22,Sergei Pavlovich,Alexander Volkov,Alexander Volkov,DEC,
2024-06-22,Shara Magomedov,Antonio Trocoli,Shara Magomedov,KO/TKO,
2024-06-22,Kelvin Gastelum,Daniel Rodriguez,Kelvin Gastelum,DEC,
2024-06-22,Lawrence Lui,Toby Meech,Lawrence Lui,,
2024-06-22,Muhammad Naimov,Felipe Lima,Felipe Lima,SUB,
2024-06-22,Rinat Fakhretdinov,Nicolas Dalby,Rinat Fakhretdinov,DEC,
2024-06-22,Kyung Ho Kang,Muin Gafurov,Muin Gafurov,DEC,
2024-06-22,Nasrat Haqparast,Jared Gordon,Nasrat Haqparast,DEC,
2024-06-23,Ty Miller,Ryan Charlebois,Ty Miller,,LFA 186: Bekoev vs. Foxworth
2024-06-29,Damian Pinas,Carlos Matos,Damian Pinas,,Victory Extreme Fighting Championship: Night 2 Remember
2024-06-29,Rei Tsuruya,Carlos Hernandez,Rei Tsuruya,DEC,
2024-06-29,Payton Talbott,Yanis Ghemmouri,Payton Talbott,KO/TKO,
2024-06-29,Cub Swanson,Andre Fili,Andre Fili,DEC,
2024-06-29,Mayra Bueno Silva,Macy Chiasson,Macy Chiasson,KO/TKO,
2024-06-29,Alex Pereira,Jiri Prochazka,Alex Pereira,KO/TKO,
2024-06-29,Anthony Smith,Roman Dolidze,Roman Dolidze,DEC,
2024-06-29,JooSang Yoo,Reinaldo Ekson,JooSang Yoo,,Z-Fight Night 1
2024-06-29,Joe Pyfer,Marc-Andre Barriault,Joe Pyfer,KO/TKO,
2024-06-29,Ian Machado Garry,Michael Page,Ian Machado Garry,DEC,
2024-06-29,Charles Jourdain,Jean Silva,Jean Silva,KO/TKO,
2024-06-29,Ricky Simon,Vinicius Oliveira,Vinicius Oliveira,DEC,
2024-06-29,Dan Ige,Diego Lopes,Diego Lopes,DEC,
2024-06-29,Michelle Waterson-Gomez,Gillian Robertson,Gillian Robertson,DEC,
2024-06-29,Andrei Arlovski,Martin Buday,Martin Buday,DEC,
2024-06-29,Tommy Gantt,Joshua Hewlett,Tommy Gantt,,New Line Cagefighting 25
2024-07-06,Delphine Benouaich,Maristela Alves do Nascimento,Delphine Benouaich,,KARMMA Fight Night 2
2024-07-06,Jeisla Chaves,Marcela Silva,Jeisla Chaves,,Gomes Fight Championship: Fight Night
2024-07-06,Daniil Donchenko,Kanybek Zhanybek Uulu,Daniil Donchenko,,Naiza Fighting Championship 62: Abzaliev vs. Santos
2024-07-11,Abdul-Rakhman Yakhyaev,Paulin Begai,Abdul-Rakhman Yakhyaev,,Ares FC 23: Begai vs. Yakhyaev
2024-07-12,Imanol Rodriguez,Tyrell Hill,Imanol Rodriguez,,Fury Fighting Championship 93
2024-07-13,Jackson McVey,Jaquis Williams,Jackson McVey,,Shamrock FC: Shamrock 356
2024-07-13,Santiago Ponzinibbio,Muslim Salikhov,Muslim Salikhov,DEC,
2024-07-13,Jasmine Jasudavicius,Fatima Kline,Jasmine Jasudavicius,DEC,
2024-07-13,Julian Erosa,Christian Rodriguez,Julian Erosa,SUB,
2024-07-13,Gabriel Bonfim,Ange Loosa,Gabriel Bonfim,DEC,
2024-07-13,Luana Santos,Mariya Agapova,Luana Santos,SUB,
2024-07-13,Jose Delgado,Lucas Faria,Jose Delgado,,LFA 188: Sweeney vs. Do Nascimento
2024-07-13,Rose Namajunas,Tracy Cortez,Rose Namajunas,DEC,
2024-07-13,Montel Jackson,Da'Mon Blackshear,Montel Jackson,KO/TKO,
2024-07-13,Stan Dorsainvil,Cedric Katambwa,Stan Dorsainvil,,
2024-07-13,Drew Dober,Jean Silva,Jean Silva,KO/TKO,
2024-07-13,Evan Elder,Darrius Flowers,Evan Elder,SUB,
2024-07-13,Josh Fremd,Andre Petroski,Andre Petroski,DEC,
2024-07-13,Joshua Van,Charles Johnson,Charles Johnson,KO/TKO,
2024-07-18,Rodrigo Vera,Cleverson Luiz Candido,Rodrigo Vera,,FFC 78: Garcia vs. Jarrin
2024-07-20,Steve Garcia,SeungWoo Choi,Steve Garcia,KO/TKO,
2024-07-20,Hector Santiago,Pedro Freitas,Hector Santiago,,
2024-07-20,Luana Carolina,Lucie Pudilova,Luana Carolina,DEC,
2024-07-20,JeongYeong Lee,Hyder Amil,Hyder Amil,KO/TKO,
2024-07-20,Miranda Maverick,Dione Barbosa,Miranda Maverick,DEC,
2024-07-20,Amanda Lemos,Virna Jandiroba,Virna Jandiroba,SUB,
2024-07-20,Kurt Holobaugh,Kaynan Kruschewsky,Kurt Holobaugh,DEC,
2024-07-20,Cody Durden,Bruno Silva,Bruno Silva,KO/TKO,
2024-07-20,Dooho Choi,Bill Algeo,Dooho Choi,KO/TKO,
2024-07-20,Loik Radzhabov,Trey Ogden,Trey Ogden,DEC,
2024-07-20,Brian Kelleher,Cody Gibson,Cody Gibson,SUB,
2024-07-20,Losene Keita,Predrag Bogdanovic,Losene Keita,,OKTAGON 59: Summer Party
2024-07-20,Mohammed Usman,Thomas Petersen,Thomas Petersen,DEC,
2024-07-20,Tommy Gantt,Skylar Mauller,Tommy Gantt,,New Line Cagefighting 26
2024-07-21,Nilson Rojas,William Rocha,Nilson Rojas,,
2024-07-25,Mason Jones,Michael Pagani,Mason Jones,,Cage Warriors 175
2024-07-26,Eric McConico,Jarome Hatch,Eric McConico,,Tuff-N-Uff 138
2024-07-27,Muhammad Mokaev,Manel Kape,Muhammad Mokaev,DEC,
2024-07-27,King Green,Paddy Pimblett,Paddy Pimblett,SUB,
2024-07-27,Shauna Bannon,Alice Ardelean,Shauna Bannon,DEC,
2024-07-27,Modestas Bukauskas,Marcin Prachnio,Modestas Bukauskas,SUB,
2024-07-27,Lawrence Lui,Daniel Mitchell,Lawrence Lui,,
2024-07-27,Leon Edwards,Belal Muhammad,Belal Muhammad,DEC,
2024-07-27,Arnold Allen,Giga Chikadze,Arnold Allen,DEC,
2024-07-27,Mick Parkin,Lukasz Brzeski,Mick Parkin,KO/TKO,
2024-07-27,Carol Foro,Marina Nica,Carol Foro,,
2024-07-27,Jake Hadley,Caolan Loughran,Jake Hadley,DEC,
2024-07-27,Nathaniel Wood,Daniel Pineda,Nathaniel Wood,DEC,
2024-07-27,Sam Patterson,Kiefer Crosbie,Sam Patterson,SUB,
2024-07-27,Reinier de Ridder,Magomedmurad Khasaev,Reinier de Ridder,,
2024-07-27,Molly McCann,Bruna Brasil,Bruna Brasil,DEC,
2024-07-27,Tom Aspinall,Curtis Blaydes,Tom Aspinall,KO/TKO,
2024-07-27,Marwan Rahiki,Ryan Dennis,Marwan Rahiki,,Superfight MMA 22
2024-07-27,Christian Leroy Duncan,Gregory Rodrigues,Gregory Rodrigues,DEC,
2024-07-27,Oban Elliott,Preston Parsons,Oban Elliott,DEC,
2024-07-27,Tommy Gantt,Jon Kennedy,Tommy Gantt,,NIF MMA: North Iowa Fights 19
2024-07-28,Regina Tarin,Gisela Luna,Regina Tarin,,Combate Global: Mexico vs. Japan II
2024-08-02,Rafael Tobias,Marcelo Alejandro Nunez Sparling,Rafael Tobias,,
2024-08-02,Jessie Rosas,Kaleb Petereit,Jessie Rosas,,Fury Fighting Championship 95
2024-08-03,Azamat Murzakanov,Alonzo Menifield,Azamat Murzakanov,KO/TKO,
2024-08-03,Shara Magomedov,Michal Oleksiejczuk,Shara Magomedov,DEC,
2024-08-03,Mackenzie Dern,Loopy Godinez,Mackenzie Dern,DEC,
2024-08-03,Viktoriia Dudakova,Sam Hughes,Sam Hughes,DEC,
2024-08-03,Mohammad Yahya,Kauê Fernandes,Kauê Fernandes,KO/TKO,
2024-08-03,Shamil Gaziev,Don'Tale Mayes,Shamil Gaziev,DEC,
2024-08-03,Marlon Vera,Deiveson Figueiredo,Deiveson Figueiredo,DEC,
2024-08-03,Sedriques Dumas,Denis Tiuliulin,Sedriques Dumas,DEC,
2024-08-03,Tony Ferguson,Michael Chiesa,Michael Chiesa,SUB,
2024-08-03,Joel Álvarez,Elves Brener,Joel Álvarez,KO/TKO,
2024-08-03,Guram Kutateladze,Jordan Vucenic,Guram Kutateladze,DEC,
2024-08-03,Jai Herbert,Rolando Bedoya,Jai Herbert,DEC,
2024-08-03,Cory Sandhagen,Umar Nurmagomedov,Umar Nurmagomedov,DEC,
2024-08-03,Tommy Gantt,Kyle Wright,,Draw,New Line Cagefighting 27
2024-08-09,Dzhokhar Eskiev,Ilimbek Akylbek Uulu,Dzhokhar Eskiev,,ONE Friday Fights 74
2024-08-10,Danny Barlow,Nikolay Veretennikov,Danny Barlow,DEC,
2024-08-10,Valesca Machado,Yulia Ostroverkhova,Valesca Machado,,Invicta FC 56: Maia vs. Cantuária
2024-08-10,Damon Jackson,Chepe Mariscal,Chepe Mariscal,DEC,
2024-08-10,Marcin Tybura,Serghei Spivac,Serghei Spivac,SUB,
2024-08-10,Chris Gutierrez,Quang Le,Chris Gutierrez,DEC,
2024-08-10,Stephanie Luciano,Talita Alencar,Stephanie Luciano,DEC,
2024-08-10,Jhonata Diniz,Karl Williams,Jhonata Diniz,DEC,
2024-08-10,Yana Santos,Chelsea Chandler,Yana Santos,DEC,
2024-08-10,Youssef Zalal,Jarno Errens,Youssef Zalal,SUB,
2024-08-10,Toshiomi Kazama,Charalampos Grigoriou,Toshiomi Kazama,SUB,
2024-08-10,Karol Rosa,Pannie Kianzad,Karol Rosa,DEC,
2024-08-10,Tommy Gantt,Ernesto Zarate,Tommy Gantt,,New Line Cagefighting 28
2024-08-13,Bruno Lopes,Mikheil Sazhiniani,Bruno Lopes,,
2024-08-13,Mansur Abdul-Malik,Wes Schultz,Mansur Abdul-Malik,,
2024-08-13,Rami Hamed,Ding Meng,Rami Hamed,,
2024-08-13,Lone'er Kavanagh,An Tuan Ho,Lone'er Kavanagh,,
2024-08-13,Jose Delgado,Ernie Juarez,Jose Delgado,,
2024-08-17,Mateusz Gamrot,Dan Hooker,Dan Hooker,DEC,
2024-08-17,Donte Johnson,Gabriel Sayeg,Donte Johnson,,
2024-08-17,Tom Nolan,Alex Reyes,Tom Nolan,DEC,
2024-08-17,Jack Jenkins,Herbert Burns,Jack Jenkins,KO/TKO,
2024-08-17,Josh Culibao,Ricardo Ramos,Ricardo Ramos,DEC,
2024-08-17,Kai Kara-France,Steve Erceg,Kai Kara-France,KO/TKO,
2024-08-17,Junior Tafa,Valter Walker,Valter Walker,SUB,
2024-08-17,Casey O'Neill,Luana Santos,Casey O'Neill,DEC,
2024-08-17,Song Kenan,Ricky Glenn,Song Kenan,DEC,
2024-08-17,Tai Tuivasa,Jairzinho Rozenstruik,Jairzinho Rozenstruik,DEC,
2024-08-17,Stewart Nicoll,Jesus Aguilar,Jesus Aguilar,SUB,
2024-08-17,Li Jingliang,Carlos Prates,Carlos Prates,KO/TKO,
2024-08-17,Dricus Du Plessis,Israel Adesanya,Dricus Du Plessis,SUB,
2024-08-20,Rizvan Kuniev,Hugo Cunha,Rizvan Kuniev,,
2024-08-20,Torrez Finney,Cam Rowston,Torrez Finney,,
2024-08-21,Mairon Santos,Guillermo Torres,Mairon Santos,,The Ultimate Fighter 32 Semifinal: Grasso vs. Shevchenko
2024-08-24,Robert Valentin,Ryan Loder,Ryan Loder,KO/TKO,
2024-08-24,Kaan Ofli,Mairon Santos,Mairon Santos,KO/TKO,
2024-08-24,Lerryan Douglas,Javier Reyes,Lerryan Douglas,,
2024-08-24,Edmen Shahbazyan,Gerald Meerschaert,Gerald Meerschaert,SUB,
2024-08-24,Dennis Buzukja,Francis Marshall,Francis Marshall,DEC,
2024-08-24,Jared Cannonier,Caio Borralho,Caio Borralho,DEC,
2024-08-24,Eduardo Chapolin,Igor Siqueira,Eduardo Chapolin,,
2024-08-24,Cong Wang,Victoria Leonardo,Cong Wang,KO/TKO,
2024-08-24,Jacqueline Cavalcanti,Josiane Nunes,Jacqueline Cavalcanti,DEC,
2024-08-24,Viacheslav Borshchev,James Llontop,Viacheslav Borshchev,DEC,
2024-08-24,Zach Reese,Jose Daniel Medina,Zach Reese,DEC,
2024-08-24,Angela Hill,Tabatha Ricci,Tabatha Ricci,DEC,
2024-08-24,Neil Magny,Michael Morales,Michael Morales,KO/TKO,
2024-08-24,Richie Miranda,Maycon Mendonca,Richie Miranda,,
2024-08-28,Bogdan Grad,Michael Aswell,Bogdan Grad,,
2024-08-28,Andrey Pulyaev,Liam Anderson,Andrey Pulyaev,,
2024-08-28,Marco Tulio,Matthieu Letho Duclos,Marco Tulio,,
2024-08-30,Mandel Nallo,Robert Seres,Mandel Nallo,,Samourai MMA 11: Chapitre 11
2024-08-31,Lucas Fernando,Pedro Oliveira,Lucas Fernando,,
2024-08-31,Hector Santiago,Pedro Sousa,Hector Santiago,,
2024-08-31,Guilherme Pat,Mauricio Boni Cogo Queiroz,Guilherme Pat,,
2024-09-04,Djorden Santos,Will Currie,Djorden Santos,,
2024-09-04,Quillan Salkilld,Gauge Young,Quillan Salkilld,,
2024-09-07,Isaac Dulgarian,Brendon Marotte,Isaac Dulgarian,SUB,
2024-09-07,Kurtis Campbell,Matheus Lima,Kurtis Campbell,,FCC 39: Full Contact Contender 39
2024-09-07,Zygimantas Ramaska,Nathan Fletcher,Nathan Fletcher,SUB,
2024-09-07,Jaqueline Amorim,Vanessa Demopoulos,Jaqueline Amorim,SUB,
2024-09-07,Yizha,Gabriel Santos,Gabriel Santos,DEC,
2024-09-07,Gilbert Burns,Sean Brady,Sean Brady,DEC,
2024-09-07,Marwan Rahiki,Michael Mannu,Marwan Rahiki,,Hex Fight Series 32
2024-09-07,Jessica Andrade,Natalia Silva,Natalia Silva,DEC,
2024-09-07,Matt Schnell,Cody Durden,Cody Durden,SUB,
2024-09-07,Trevor Peek,Yanal Ashmouz,Yanal Ashmouz,DEC,
2024-09-07,Rongzhu,Chris Padilla,Chris Padilla,KO/TKO,
2024-09-07,Sean Sharaf,LJ Torres,Sean Sharaf,,Lights Out Xtreme Fighting 19
2024-09-07,Steve Garcia,Kyle Nelson,Steve Garcia,KO/TKO,
2024-09-07,Andre Petroski,Dylan Budka,Andre Petroski,DEC,
2024-09-07,Felipe dos Santos,Andre Lima,Andre Lima,DEC,
2024-09-07,Tommy Gantt,Montrell James,Tommy Gantt,,Shamrock FC: Shamrock 357
2024-09-11,Yousri Belgaroui,Taiga Iwasaki,Yousri Belgaroui,,
2024-09-14,Raul Rosas Jr.,Aoriqileng,Raul Rosas Jr.,DEC,
2024-09-14,Sean O'Malley,Merab Dvalishvili,Merab Dvalishvili,DEC,
2024-09-14,Archie Colgan,Manoel Sousa,Archie Colgan,,Bellator Champions Series London: McCourt vs. Collins
2024-09-14,Alexa Grasso,Valentina Shevchenko,Valentina Shevchenko,DEC,
2024-09-14,Brian Ortega,Diego Lopes,Diego Lopes,DEC,
2024-09-14,Daniel Zellhuber,Esteban Ribovics,Esteban Ribovics,DEC,
2024-09-14,Manuel Torres,Ignacio Bahamondes,Ignacio Bahamondes,KO/TKO,
2024-09-14,Édgar Cháirez,Joshua Van,Joshua Van,DEC,
2024-09-14,Irene Aldana,Norma Dumont,Norma Dumont,DEC,
2024-09-14,Yazmin Jauregui,Ketlen Souza,Ketlen Souza,SUB,
2024-09-14,Ronaldo Rodriguez,Ode Osbourne,Ronaldo Rodriguez,DEC,
2024-09-18,Ateba Gautier,Yura Naito,Ateba Gautier,,
2024-09-20,Damian Pinas,Jhony Gregory,Damian Pinas,,Shooto Brazil 125: Gadelha vs. Soares
2024-09-21,Denzel Freeman,Steven Asplund,Denzel Freeman,,LFA 193: Bowers vs. Borisova
2024-09-21,Cam Nelson,Ryan Rohovich,Cam Nelson,,FLA 16: Fight League Atlantic
2024-09-21,Losene Keita,Mateusz Legierski,Losene Keita,,OKTAGON 61: Paradeiser vs. Duque
2024-09-21,Jackson McVey,Benjamin Fowler,Jackson McVey,,LFA 193: Bowers vs. Borisova
2024-09-21,Cameron Nelson,Ryan Rohovich,Cameron Nelson,,
2024-09-22,Imanol Rodriguez,Alberto Trujillo,Imanol Rodriguez,,Fury Fighting Championship 96
2024-09-25,Rodrigo Vera,Arivaldo Lima da Silva,Rodrigo Vera,,FFC 81: Vera vs. Carnica
2024-09-25,Sofia Montenegro,Anyela Perez,Sofia Montenegro,,FFC 81: Vera vs. Carnica
2024-09-25,Alexia Thainara,Rose Conceição,Alexia Thainara,,
2024-09-26,Axel Sola,Soslan Gagloev,Axel Sola,,Ares FC 25: Sola vs. Gagloev
2024-09-26,Abdul-Rakhman Yakhyaev,Jacky Jeanne,Abdul-Rakhman Yakhyaev,,Ares FC 25: Sola vs. Gagloev
2024-09-27,Regina Tarin,Luisa Cifuentes,Regina Tarin,,Budo Sento Championship 25
2024-09-27,Bilal Hasan,Jose Leon,Bilal Hasan,,CFFC 136: Forest vs. Richards
2024-09-28,Daniel Barez,Victor Altamirano,Daniel Barez,DEC,
2024-09-28,Morgan Charrière,Gabriel Miranda,Morgan Charrière,KO/TKO,
2024-09-28,Iwo Baraniewski,Cemey dos Santos,Iwo Baraniewski,,Babilon MMA 47: Dudek vs. Hunanyan
2024-09-28,Taylor Lapilus,Vince Morales,Taylor Lapilus,DEC,
2024-09-28,Nassourdine Imavov,Brendan Allen,Nassourdine Imavov,DEC,
2024-09-28,Ludovit Klein,Roosevelt Roberts,Ludovit Klein,DEC,
2024-09-28,Oumar Sy,Da Woon Jung,Oumar Sy,DEC,
2024-09-28,Renato Moicano,Benoit Saint-Denis,Renato Moicano,KO/TKO,
2024-09-28,Ion Cutelaba,Ivan Erslan,Ion Cutelaba,DEC,
2024-09-28,Shanelle Dyer,Valentina Scatizzi,Shanelle Dyer,,
2024-09-28,Farés Ziam,Matt Frevola,Farés Ziam,KO/TKO,
2024-09-28,Ailin Perez,Daria Zhelezniakova,Ailin Perez,SUB,
2024-09-28,Nora Cornolle,Jacqueline Cavalcanti,Jacqueline Cavalcanti,DEC,
2024-09-28,William Gomis,Joanderson Brito,William Gomis,DEC,
2024-09-28,Mehemmedeli Osmanli,Shamil Boraev,Mehemmedeli Osmanli,,UAE Warriors 54
2024-09-28,Kevin Jousset,Bryan Battle,Bryan Battle,KO/TKO,
2024-09-28,Bolaji Oki,Chris Duncan,Chris Duncan,SUB,
2024-10-02,David Martinez,Xavier Franklin,David Martinez,,
2024-10-02,Diyar Nurgozhay,Bartosz Szewczyk,Diyar Nurgozhay,,
2024-10-05,Marina Rodriguez,Iasmin Lucindo,Iasmin Lucindo,DEC,
2024-10-05,Ryan Spann,Ovince Saint Preux,Ryan Spann,SUB,
2024-10-05,Alex Pereira,Khalil Rountree Jr.,Alex Pereira,KO/TKO,
2024-10-05,Raquel Pennington,Julianna Pena,Julianna Pena,DEC,
2024-10-05,Cesar Almeida,Ihor Potieria,Cesar Almeida,DEC,
2024-10-05,Jose Aldo,Mario Bautista,Mario Bautista,DEC,
2024-10-05,Roman Dolidze,Kevin Holland,Roman Dolidze,KO/TKO,
2024-10-05,Court McGee,Tim Means,Court McGee,SUB,
2024-10-05,Stephen Thompson,Joaquin Buckley,Joaquin Buckley,KO/TKO,
2024-10-05,Carla Esparza,Tecia Pennington,Tecia Pennington,DEC,
2024-10-05,Ketlen Vieira,Kayla Harrison,Kayla Harrison,DEC,
2024-10-05,Austin Hubbard,Alexander Hernandez,Alexander Hernandez,DEC,
2024-10-09,Mario Pinto,Lucas Camacho,Mario Pinto,,
2024-10-09,Kody Steele,Chasen Blair,Kody Steele,,
2024-10-11,Delphine Benouaich,Anita Bekus,Delphine Benouaich,,King of Fighters 8
2024-10-12,Junior Tafa,Sean Sharaf,Junior Tafa,KO/TKO,
2024-10-12,Ivan Gnizditskiy,Liu Ce,Ivan Gnizditskiy,,
2024-10-12,Themba Gorimbo,Niko Price,Themba Gorimbo,DEC,
2024-10-12,Grant Dawson,Rafa Garcia,Grant Dawson,KO/TKO,
2024-10-12,Brad Tavares,JunYong Park,JunYong Park,DEC,
2024-10-12,Brandon Royval,Tatsuro Taira,Brandon Royval,DEC,
2024-10-12,Julia Polastri,Cory McKenna,Julia Polastri,DEC,
2024-10-12,CJ Vergara,Ramazan Temirov,Ramazan Temirov,KO/TKO,
2024-10-12,Dan Argueta,Cody Haddon,Cody Haddon,DEC,
2024-10-12,Chidi Njokuani,Jared Gooden,Chidi Njokuani,DEC,
2024-10-12,Daniel Rodriguez,Alex Morono,Daniel Rodriguez,DEC,
2024-10-12,Clayton Carpenter,Lucas Rocha,Clayton Carpenter,SUB,
2024-10-12,Jonathan Pearce,Pat Sabatini,Pat Sabatini,SUB,
2024-10-16,Yadier del Valle,Antonio Monteiro,Yadier del Valle,,
2024-10-16,Nick Klein,Heraldo Souza,Nick Klein,,
2024-10-18,Eric Nolan,Aireon Tavarres,Eric Nolan,,CFFC 137: Dilemme vs. Samaniego
2024-10-19,Austen Lane,Robelis Despaigne,Austen Lane,DEC,
2024-10-19,Brad Katona,Jean Matsumoto,Jean Matsumoto,DEC,
2024-10-19,Gigi Canuto,Ershirley Kessy,Gigi Canuto,,
2024-10-19,Jessica Penne,Elise Reed,Elise Reed,DEC,
2024-10-19,Darren Elkins,Daniel Pineda,Darren Elkins,DEC,
2024-10-19,Jake Hadley,Cameron Smotherman,Cameron Smotherman,DEC,
2024-10-19,Rob Font,Kyler Phillips,Rob Font,DEC,
2024-10-19,Matheus Nicolau,Asu Almabayev,Asu Almabayev,DEC,
2024-10-19,Melissa Martinez,Alice Ardelean,Melissa Martinez,DEC,
2024-10-19,Anthony Hernandez,Michel Pereira,Anthony Hernandez,KO/TKO,
2024-10-19,Charles Johnson,Sumudaerji,Charles Johnson,DEC,
2024-10-19,Joselyne Edwards,Tamires Vidal,Joselyne Edwards,SUB,
2024-10-19,Pavel Andrusca,Ahmet Simsek,Pavel Andrusca,,Vendetta Fight Nights 41
2024-10-19,Tommy Gantt,Cody Carrillo,Tommy Gantt,,RCWC: Halloween Brawl 8
2024-10-25,Cam Rowston,Apaer Aerdake,Cam Rowston,,Stealth Fighters League 1
2024-10-26,Lerone Murphy,Dan Ige,Lerone Murphy,DEC,
2024-10-26,Magomed Ankalaev,Aleksandar Rakic,Magomed Ankalaev,DEC,
2024-10-26,Ismail Naurdiev,Bruno Silva,Ismail Naurdiev,DEC,
2024-10-26,Ilia Topuria,Max Holloway,Ilia Topuria,KO/TKO,
2024-10-26,Abus Magomedov,Brunno Ferreira,Abus Magomedov,SUB,
2024-10-26,Kennedy Nzechukwu,Chris Barnett,Kennedy Nzechukwu,KO/TKO,
2024-10-26,Shara Magomedov,Armen Petrosyan,Shara Magomedov,KO/TKO,
2024-10-26,Ibo Aslan,Rafael Cerqueira,Ibo Aslan,KO/TKO,
2024-10-26,Melissa Croden,Ashley Deen,Melissa Croden,,LFA 195: Wetzell vs. Usmonov
2024-10-26,Rinat Fakhretdinov,Carlos Leal,Rinat Fakhretdinov,DEC,
2024-10-26,Ilimbek Akylbek Uulu,Ozodbek Bobokulov,Ilimbek Akylbek Uulu,,EFC Global 50: Turdubekov vs. Yuldashev
2024-10-26,Robert Whittaker,Khamzat Chimaev,Khamzat Chimaev,SUB,
2024-10-26,Geoff Neal,Rafael Dos Anjos,Geoff Neal,KO/TKO,
2024-10-26,Farid Basharat,Victor Hugo,Farid Basharat,DEC,
2024-10-26,Mateusz Rębecki,Myktybek Orolbai,Mateusz Rębecki,DEC,
2024-11-02,Brandon Moreno,Amir Albazi,Brandon Moreno,DEC,
2024-11-02,Chad Anheliger,Cody Gibson,Cody Gibson,DEC,
2024-11-02,Jamey-Lyn Horth,Ivana Petrovic,Jamey-Lyn Horth,DEC,
2024-11-02,Alexandr Romanov,Rodrigo Nascimento,Alexandr Romanov,DEC,
2024-11-02,Jasmine Jasudavicius,Ariane Lipski da Silva,Jasmine Jasudavicius,,
2024-11-02,Jack Shore,Youssef Zalal,Youssef Zalal,SUB,
2024-11-02,Marc-Andre Barriault,Dustin Stoltzfus,Dustin Stoltzfus,KO/TKO,
2024-11-02,Caio Machado,Brendson Ribeiro,Brendson Ribeiro,DEC,
2024-11-02,Serhiy Sidey,Garrett Armfield,Serhiy Sidey,DEC,
2024-11-02,Mike Malott,Trevin Giles,Mike Malott,DEC,
2024-11-02,Charles Jourdain,Victor Henry,Charles Jourdain,SUB,
2024-11-02,Erin Blanchfield,Rose Namajunas,Erin Blanchfield,DEC,
2024-11-02,Aiemann Zahabi,Pedro Munhoz,Aiemann Zahabi,DEC,
2024-11-02,Ariane da Silva,Jasmine Jasudavicius,Jasmine Jasudavicius,SUB,
2024-11-02,Fabia Sintes,Mohamed El Goundeuz,Fabia Sintes,,Llescas I Sobrasadas 2
2024-11-03,Alden Coria,Chris Ocon,Alden Coria,,Fury Fighting Championship 98
2024-11-08,Christian Edwards,Jarome Hatch,Christian Edwards,,Fierce FC 34
2024-11-09,Melissa Mullins,Klaudia Syguła,Melissa Mullins,KO/TKO,
2024-11-09,Tresean Gore,Antonio Trocoli,Tresean Gore,SUB,
2024-11-09,Karolina Kowalkiewicz,Denise Gomes,Denise Gomes,DEC,
2024-11-09,Gerald Meerschaert,Reinier de Ridder,Reinier de Ridder,SUB,
2024-11-09,Elizeu Zaleski dos Santos,Zachary Scroggin,Elizeu Zaleski dos Santos,KO/TKO,
2024-11-09,Matthew Semelsberger,Charles Radtke,Charles Radtke,KO/TKO,
2024-11-09,Luana Pinheiro,Gillian Robertson,Gillian Robertson,DEC,
2024-11-09,Gaston Bolanos,Cortavious Romious,Gaston Bolanos,DEC,
2024-11-09,Cody Stamann,Da'Mon Blackshear,Da'Mon Blackshear,SUB,
2024-11-09,Neil Magny,Carlos Prates,Carlos Prates,KO/TKO,
2024-11-09,Mansur Abdul-Malik,Duško Todorović,Mansur Abdul-Malik,KO/TKO,
2024-11-16,Jim Miller,Damon Jackson,Jim Miller,SUB,
2024-11-16,Stan Dorsainvil,Johnny Smith,Stan Dorsainvil,,
2024-11-16,Mauricio Ruffy,James Llontop,Mauricio Ruffy,DEC,
2024-11-16,Viviane Araujo,Karine Silva,Viviane Araujo,DEC,
2024-11-16,Charles Oliveira,Michael Chandler,Charles Oliveira,DEC,
2024-11-16,Marcin Tybura,Jhonata Diniz,Marcin Tybura,KO/TKO,
2024-11-16,Mickey Gall,Ramiz Brahimaj,Ramiz Brahimaj,KO/TKO,
2024-11-16,David Onama,Roberto Romero,David Onama,DEC,
2024-11-16,Veronica Hardy,Eduarda Moura,Eduarda Moura,DEC,
2024-11-16,Bassil Hafez,Oban Elliott,Oban Elliott,KO/TKO,
2024-11-16,Bo Nickal,Paul Craig,Bo Nickal,DEC,
2024-11-16,Jon Jones,Stipe Miocic,Jon Jones,KO/TKO,
2024-11-16,Jonathan Martinez,Marcus McGhee,Marcus McGhee,DEC,
2024-11-22,Ryan Gandra,Vladimir Calvo Marrero,Ryan Gandra,,LFA 197: Kuziutina vs Guimarães
2024-11-22,Iwo Baraniewski,Sylwester Borys,Iwo Baraniewski,,Babilon MMA 49: Polityło vs. Majdan
2024-11-22,Marcio Barbosa,Felipe Oliveira,Marcio Barbosa,,
2024-11-23,Carol Foro,Dayane Mestrinha,Carol Foro,,
2024-11-23,Kiru Sahota,DongHun Choi,DongHun Choi,KO/TKO,
2024-11-23,Yan Xiaonan,Tabatha Ricci,Yan Xiaonan,DEC,
2024-11-23,Song Kenan,Muslim Salikhov,Muslim Salikhov,KO/TKO,
2024-11-23,Nyamjargal Tumendemberel,Carlos Hernandez,Carlos Hernandez,DEC,
2024-11-23,Maheshate,Nikolas Motta,Nikolas Motta,DEC,
2024-11-23,Cong Wang,Gabriella Fernandes,Gabriella Fernandes,SUB,
2024-11-23,Zhang Mingyang,Ozzy Diaz,Zhang Mingyang,KO/TKO,
2024-11-23,Petr Yan,Deiveson Figueiredo,Petr Yan,DEC,
2024-11-23,Lone'er Kavanagh,Jose Ochoa,Lone'er Kavanagh,DEC,
2024-11-23,Xiao Long,Quang Le,Xiao Long,KO/TKO,
2024-11-23,Volkan Oezdemir,Carlos Ulberg,Carlos Ulberg,DEC,
2024-11-23,Baergeng Jieleyisi,SuYoung You,SuYoung You,DEC,
2024-11-23,Shi Ming,Feng Xiaocan,Shi Ming,KO/TKO,
2024-11-23,Daniil Donchenko,Rustem Kudaybergenov,Daniil Donchenko,,Naiza Fighting Championship 69: Donchenko vs. Kudaibergenov
2024-11-23,Michael Aljarouj,Pedro Nobre,Michael Aljarouj,KO/TKO,Hexagone MMA
2024-11-30,Gianni Vazquez,Victor Rosas,Gianni Vazquez,,Up Next Fighting 21
2024-11-30,Cam Rowston,Blair Bretag,Cam Rowston,,Eternal MMA 91
2024-11-30,Kurtis Campbell,Daniel Matusic,Kurtis Campbell,,FCC 40: Full Contact Contender 40
2024-11-30,Tommy Gantt,Josh Henry,Tommy Gantt,,NIF MMA: North Iowa Fights 20
2024-12-06,Gauge Young,Eric Grant,Gauge Young,,
2024-12-06,Richie Miranda,Hugo Oyarzún,Richie Miranda,,
2024-12-07,Kennedy Nzechukwu,Lukasz Brzeski,Kennedy Nzechukwu,KO/TKO,
2024-12-07,Dominick Reyes,Anthony Smith,Dominick Reyes,KO/TKO,
2024-12-07,Shavkat Rakhmonov,Ian Machado Garry,Shavkat Rakhmonov,DEC,
2024-12-07,Vicente Luque,Themba Gorimbo,Vicente Luque,SUB,
2024-12-07,Chris Weidman,Eryk Anders,Eryk Anders,KO/TKO,
2024-12-07,Randy Brown,Bryan Battle,Bryan Battle,DEC,
2024-12-07,Clay Guida,Chase Hooper,Chase Hooper,SUB,
2024-12-07,Cody Durden,Joshua Van,Joshua Van,DEC,
2024-12-07,Nate Landwehr,Dooho Choi,Dooho Choi,KO/TKO,
2024-12-07,Alexandre Pantoja,Kai Asakura,Alexandre Pantoja,SUB,
2024-12-07,Michael Chiesa,Max Griffin,Michael Chiesa,SUB,
2024-12-07,Bryce Mitchell,Kron Gracie,Bryce Mitchell,KO/TKO,
2024-12-07,Movsar Evloev,Aljamain Sterling,Movsar Evloev,DEC,
2024-12-07,Ciryl Gane,Alexander Volkov,Ciryl Gane,DEC,
2024-12-08,Louie Sutherland,Renato Rangel,Louie Sutherland,,Levels Fight League 15
2024-12-13,Damian Pinas,Wesley da Silva Marques,Damian Pinas,,Shooto Brazil 127: Magon vs. Santos
2024-12-13,Eric Nolan,Trevor Gudde,Eric Nolan,,CFFC 138: Fernandez vs. Ellis
2024-12-14,Miles Johns,Felipe Lima,Felipe Lima,DEC,
2024-12-14,Naizi Cantanhede,Delphine Benouaich,Naizi Cantanhede,,King of Fighters 12
2024-12-14,Navajo Stirling,Tuco Tokkos,Navajo Stirling,DEC,
2024-12-14,Josefine Knutsson,Piera Rodriguez,Piera Rodriguez,DEC,
2024-12-14,Colby Covington,Joaquin Buckley,Joaquin Buckley,KO/TKO,
2024-12-14,Valesca Machado,Yasmin Castanho,Valesca Machado,,Invicta FC 59: Bernardo vs. Maia
2024-12-14,Manel Kape,Bruno Silva,Manel Kape,KO/TKO,
2024-12-14,Michael Johnson,Ottman Azaitar,Michael Johnson,KO/TKO,
2024-12-14,Adrian Yanez,Daniel Marcos,Daniel Marcos,DEC,
2024-12-14,Sean Woodson,Fernando Padilla,Sean Woodson,KO/TKO,
2024-12-14,Joe Kropschot,Mauricio Alonso,Joe Kropschot,,Fight Night San Jose 2
2024-12-14,Joel Álvarez,Drakkar Klose,Joel Álvarez,KO/TKO,
2024-12-14,Cub Swanson,Billy Quarantillo,Cub Swanson,KO/TKO,
2024-12-14,JooSang Yoo,Masuto Kawana,JooSang Yoo,,Z-Fight Night 2
2024-12-14,Davey Grant,Ramon Taveras,Davey Grant,DEC,
2024-12-14,Tommy McMillen,Genier Penagos,Tommy McMillen,,Fusion Fight League: Season's Beatings
2024-12-14,Miranda Maverick,Jamey-Lyn Horth,Miranda Maverick,DEC,
2024-12-14,Vitor Petrino,Dustin Jacoby,Dustin Jacoby,KO/TKO,
2024-12-15,Michael Aswell,Dorian Ramos,Michael Aswell,,Fury Fighting Championship 99
2024-12-20,Salahdine Parnasse,Wilson Varela,Salahdine Parnasse,,KSW 101 Le Classique: Parnasse vs. Varela
2024-12-29,Losene Keita,Ronald Paradeiser,Losene Keita,,OKTAGON 65: Paradeiser vs. Keita 2
2025-01-04,Tommy Gantt,Anthony Benevides,Tommy Gantt,,Reality Fighting
2025-01-10,Matthieu Letho Duclos,Daichi Mikami,Matthieu Letho Duclos,,Hexagone MMA 23
2025-01-11,Thiago Moises,Trey Ogden,Thiago Moises,DEC,
2025-01-11,Cesar Almeida,Abdul Razak Alhassan,Cesar Almeida,KO/TKO,
2025-01-11,Preston Parsons,Jacobe Smith,Jacobe Smith,KO/TKO,
2025-01-11,Christian Rodriguez,Austin Bashi,Christian Rodriguez,DEC,
2025-01-11,Nurullo Aliev,Joe Solecki,Nurullo Aliev,DEC,
2025-01-11,Santiago Ponzinibbio,Carlston Harris,Santiago Ponzinibbio,KO/TKO,
2025-01-11,Chris Curtis,Roman Kopylov,Roman Kopylov,KO/TKO,
2025-01-11,Punahele Soriano,Uroš Medić,Punahele Soriano,KO/TKO,
2025-01-11,Jose Johnson,Felipe Bunes,Felipe Bunes,SUB,
2025-01-11,Marco Tulio,Ihor Potieria,Marco Tulio,KO/TKO,
2025-01-11,Ernesta Kareckaite,Nicolle Caliari,Ernesta Kareckaite,DEC,
2025-01-11,Magomed Gadzhiyasulov,Bruno Lopes,Bruno Lopes,DEC,
2025-01-11,Fatima Kline,Viktoriia Dudakova,Fatima Kline,KO/TKO,
2025-01-11,Mackenzie Dern,Amanda Ribas,Mackenzie Dern,SUB,
2025-01-12,Alden Coria,Paris Moran,,Draw,Fury Fighting Championship 100
2025-01-17,Carol Foro,Zulfiya Kurbashova,Carol Foro,,
2025-01-18,Jiri Prochazka,Jamahal Hill,Jiri Prochazka,KO/TKO,
2025-01-18,Karol Rosa,Ailin Perez,Ailin Perez,DEC,
2025-01-18,Payton Talbott,Raoni Barcelos,Raoni Barcelos,DEC,
2025-01-18,Tagir Ulanbekov,Clayton Carpenter,Tagir Ulanbekov,DEC,
2025-01-18,Christian Edwards,Jake Collier,Christian Edwards,,Shamrock FC 360: St. Charles
2025-01-18,Bogdan Guskov,Billy Elekana,Bogdan Guskov,SUB,
2025-01-18,Islam Makhachev,Renato Moicano,Islam Makhachev,SUB,
2025-01-18,Grant Dawson,Diego Ferreira,Grant Dawson,DEC,
2025-01-18,Zach Reese,Azamat Bekoev,Azamat Bekoev,KO/TKO,
2025-01-18,Ricky Turcios,Benardo Sopaj,Benardo Sopaj,DEC,
2025-01-18,Jailton Almeida,Serghei Spivac,Jailton Almeida,KO/TKO,
2025-01-18,Rinya Nakamura,Muin Gafurov,Muin Gafurov,DEC,
2025-01-18,Axel Sola,Lucas Caio,Axel Sola,,Ares FC 28: Sola vs. Caio
2025-01-18,Merab Dvalishvili,Umar Nurmagomedov,Merab Dvalishvili,DEC,
2025-01-18,Kevin Holland,Reinier de Ridder,Reinier de Ridder,SUB,
2025-01-26,Steven Asplund,Hammer Morton,Steven Asplund,,LFA 200: Johns vs. Douglas
2025-01-26,Lerryan Douglas,Elijah Johns,Lerryan Douglas,,
2025-02-01,Israel Adesanya,Nassourdine Imavov,Nassourdine Imavov,KO/TKO,
2025-02-01,Muhammad Naimov,Kaan Ofli,Muhammad Naimov,DEC,
2025-02-01,Cameron Nelson,Manuel Garcia,Cameron Nelson,,
2025-02-01,Terrance McKinney,Damir Hadzovic,Terrance McKinney,KO/TKO,
2025-02-01,Hamdy Abdelwahab,Jamal Pogues,Hamdy Abdelwahab,DEC,
2025-02-01,Jasmine Jasudavicius,Mayra Bueno Silva,Jasmine Jasudavicius,DEC,
2025-02-01,Said Nurmagomedov,Vinicius Oliveira,Vinicius Oliveira,DEC,
2025-02-01,Shara Magomedov,Michael Page,Michael Page,DEC,
2025-02-01,Cam Nelson,Manuel Garcia,Cam Nelson,,
2025-02-01,Bilal Hasan,Brian Hauser,Bilal Hasan,,
2025-02-01,Sergei Pavlovich,Jairzinho Rozenstruik,Sergei Pavlovich,DEC,
2025-02-01,Farés Ziam,Mike Davis,Farés Ziam,DEC,
2025-02-01,Bogdan Grad,Lucas Alexander,Bogdan Grad,KO/TKO,
2025-02-01,Shamil Gaziev,Thomas Petersen,Shamil Gaziev,KO/TKO,
2025-02-08,Justin Tafa,Tallison Teixeira,Tallison Teixeira,KO/TKO,
2025-02-08,Jack Jenkins,Gabriel Santos,Gabriel Santos,SUB,
2025-02-08,Dricus Du Plessis,Sean Strickland,Dricus Du Plessis,DEC,
2025-02-08,Jonathan Micallef,Kevin Jousset,Jonathan Micallef,DEC,
2025-02-08,Jake Matthews,Francisco Prado,Jake Matthews,DEC,
2025-02-08,Quillan Salkilld,Anshul Jubli,Quillan Salkilld,KO/TKO,
2025-02-08,Rongzhu,Kody Steele,Rongzhu,DEC,
2025-02-08,Cam Rowston,Alfred Stoddart,Cam Rowston,,Eternal MMA 92
2025-02-08,Colby Thicknesse,Aleksandre Topuria,Aleksandre Topuria,DEC,
2025-02-08,Zhang Weili,Tatiana Suarez,Zhang Weili,DEC,
2025-02-08,Rodolfo Bellato,Jimmy Crute,,Draw,
2025-02-08,Cong Wang,Bruna Brasil,Cong Wang,DEC,
2025-02-08,Tom Nolan,Viacheslav Borshchev,Tom Nolan,DEC,
2025-02-08,Tommy Gantt,Deven Paulsen,Tommy Gantt,,Fight For It 24
2025-02-15,Angela Hill,Ketlen Souza,Angela Hill,DEC,
2025-02-15,Connor Matthews,Jose Delgado,Jose Delgado,KO/TKO,
2025-02-15,Jared Cannonier,Gregory Rodrigues,Jared Cannonier,KO/TKO,
2025-02-15,Rafael Estevam,Jesus Aguilar,Rafael Estevam,DEC,
2025-02-15,Ismael Bonfim,Nazim Sadykhov,Nazim Sadykhov,KO/TKO,
2025-02-15,Fabia Sintes,Cherif Larossi,Fabia Sintes,,WOW 16: Bilbao
2025-02-15,Gabriel Bonfim,Khaos Williams,Gabriel Bonfim,SUB,
2025-02-15,Vince Morales,Elijah Smith,Elijah Smith,DEC,
2025-02-15,Edmen Shahbazyan,Dylan Budka,Edmen Shahbazyan,KO/TKO,
2025-02-15,Julia Avila,Jacqueline Cavalcanti,Jacqueline Cavalcanti,DEC,
2025-02-15,Rodolfo Vieira,Andre Petroski,Andre Petroski,DEC,
2025-02-15,Calvin Kattar,Youssef Zalal,Youssef Zalal,DEC,
2025-02-15,Don'Tale Mayes,Valter Walker,Valter Walker,SUB,
2025-02-16,Louie Sutherland,Luis Carlos de Brito,Louie Sutherland,,Levels Fight League 16
2025-02-21,Terrance Chatman,Erick Prieto,Terrance Chatman,,
2025-02-22,Ion Cutelaba,Ibo Aslan,Ion Cutelaba,SUB,
2025-02-22,Mansur Abdul-Malik,Nick Klein,Mansur Abdul-Malik,KO/TKO,
2025-02-22,Andre Fili,Melquizael Costa,Melquizael Costa,SUB,
2025-02-22,Ricky Simon,Javid Basharat,Ricky Simon,KO/TKO,
2025-02-22,Rob Font,Jean Matsumoto,Rob Font,DEC,
2025-02-22,Nursulton Ruziboev,Eric McConico,Nursulton Ruziboev,KO/TKO,
2025-02-22,Brendan Allen,Anthony Hernandez,Anthony Hernandez,DEC,
2025-02-22,Henry Cejudo,Song Yadong,Song Yadong,DEC,
2025-02-22,Nikolay Veretennikov,Austin Vanderford,Austin Vanderford,KO/TKO,
2025-02-22,Modestas Bukauskas,Rafael Cerqueira,Modestas Bukauskas,KO/TKO,
2025-02-22,Alonzo Menifield,Julius Walker,Alonzo Menifield,DEC,
2025-02-22,Jean Silva,Melsik Baghdasaryan,Jean Silva,KO/TKO,
2025-02-22,Pavel Andrusca,Eriquis Camilo Soares,Pavel Andrusca,,Vendetta Fight Nights 43
2025-03-01,Hyder Amil,William Gomis,Hyder Amil,DEC,
2025-03-01,Marwan Rahiki,Michael Barber,Marwan Rahiki,,Hex Fight Series 34
2025-03-01,Danny Barlow,Sam Patterson,Sam Patterson,KO/TKO,
2025-03-01,Austen Lane,Mario Pinto,Mario Pinto,KO/TKO,
2025-03-01,Kurtis Campbell,Mark Gregory Valerio,Kurtis Campbell,,FCC 41: Full Contact Contender 41
2025-03-01,Danny Silva,Lucas Almeida,Danny Silva,DEC,
2025-03-01,Manel Kape,Asu Almabayev,Manel Kape,KO/TKO,
2025-03-01,Gianni Vazquez,Austin Russell,Gianni Vazquez,,Up Next Fighting 23
2025-03-01,Nasrat Haqparast,Esteban Ribovics,Nasrat Haqparast,DEC,
2025-03-01,Josiah Harrell,Quinton Parks Jr.,Josiah Harrell,,Ohio Combat League 36
2025-03-01,Cody Brundage,Julian Marquez,Cody Brundage,KO/TKO,
2025-03-01,Andrea Lee,JJ Aldrich,JJ Aldrich,DEC,
2025-03-01,Ricardo Ramos,Chepe Mariscal,Chepe Mariscal,DEC,
2025-03-01,Charles Johnson,Ramazan Temirov,Ramazan Temirov,DEC,
2025-03-07,Julien LeBlanc,Darian Weeks,Julien LeBlanc,,Samourai MMA 13
2025-03-08,Djorden Santos,Ozzy Diaz,Ozzy Diaz,DEC,
2025-03-08,Mairon Santos,Francis Marshall,Mairon Santos,DEC,
2025-03-08,Amanda Lemos,Iasmin Lucindo,Amanda Lemos,DEC,
2025-03-08,Joshua Van,Rei Tsuruya,Joshua Van,DEC,
2025-03-08,Justin Gaethje,Rafael Fiziev,Justin Gaethje,DEC,
2025-03-08,Alex Morono,Carlos Leal,Carlos Leal,KO/TKO,
2025-03-08,King Green,Mauricio Ruffy,Mauricio Ruffy,KO/TKO,
2025-03-08,Alex Pereira,Magomed Ankalaev,Magomed Ankalaev,DEC,
2025-03-08,Brunno Ferreira,Armen Petrosyan,Brunno Ferreira,SUB,
2025-03-08,Jalin Turner,Ignacio Bahamondes,Ignacio Bahamondes,SUB,
2025-03-14,Iwo Baraniewski,Kamil Stachura,Iwo Baraniewski,,Babilon MMA 51: Kołecki vs. Mysiala
2025-03-14,Jingnan Xiong,Meng Bo,Jingnan Xiong,,
2025-03-15,Josiane Nunes,Priscila Cachoeira,Priscila Cachoeira,KO/TKO,
2025-03-15,Waldo Cortes Acosta,Ryan Spann,Waldo Cortes Acosta,KO/TKO,
2025-03-15,Carlos Vera,Josias Musasa,Carlos Vera,SUB,
2025-03-15,Alexander Hernandez,Kurt Holobaugh,Alexander Hernandez,DEC,
2025-03-15,Da'Mon Blackshear,Cody Gibson,Da'Mon Blackshear,SUB,
2025-03-15,Marvin Vettori,Roman Dolidze,Roman Dolidze,DEC,
2025-03-15,Yuneisy Duben,Carli Judice,Carli Judice,KO/TKO,
2025-03-15,Chidi Njokuani,Elizeu Zaleski dos Santos,Chidi Njokuani,KO/TKO,
2025-03-15,Diyar Nurgozhay,Brendson Ribeiro,Brendson Ribeiro,SUB,
2025-03-15,SeungWoo Choi,Kevin Vallejos,Kevin Vallejos,KO/TKO,
2025-03-15,Daniel Barez,Andre Lima,Andre Lima,SUB,
2025-03-15,Stephanie Luciano,Sam Hughes,Sam Hughes,DEC,
2025-03-15,SuYoung You,AJ Cunningham,SuYoung You,DEC,
2025-03-22,Carol Foro,Sofia Esquer,Carol Foro,,
2025-03-22,Shauna Bannon,Puja Tomar,Shauna Bannon,SUB,
2025-03-22,Christian Leroy Duncan,Andrey Pulyaev,Christian Leroy Duncan,DEC,
2025-03-22,Jan Blachowicz,Carlos Ulberg,Carlos Ulberg,DEC,
2025-03-22,Nathan Fletcher,Caolan Loughran,Caolan Loughran,DEC,
2025-03-22,Nathaniel Wood,Morgan Charrière,Nathaniel Wood,DEC,
2025-03-22,Jordan Vucenic,Chris Duncan,Chris Duncan,SUB,
2025-03-22,Leon Edwards,Sean Brady,Sean Brady,SUB,
2025-03-22,Molly McCann,Alexia Thainara,Alexia Thainara,SUB,
2025-03-22,Gunnar Nelson,Kevin Holland,Kevin Holland,DEC,
2025-03-22,Lone'er Kavanagh,Felipe dos Santos,Lone'er Kavanagh,DEC,
2025-03-22,Jai Herbert,Chris Padilla,Chris Padilla,DEC,
2025-03-22,Guram Kutateladze,Kauê Fernandes,Kauê Fernandes,DEC,
2025-03-22,Marcin Tybura,Mick Parkin,Marcin Tybura,DEC,
2025-03-23,Donte Johnson,Deontre Butts,Donte Johnson,,
2025-03-23,Anthony Wint,Omar El-Sahlah,Anthony Wint,,
2025-03-28,Manoel Sousa,Lucas Barros Oliveira,Manoel Sousa,,LFA 205: Pires vs. Abojer
2025-03-29,Loopy Godinez,Julia Polastri,Loopy Godinez,DEC,
2025-03-29,Jose Daniel Medina,Ateba Gautier,Ateba Gautier,KO/TKO,
2025-03-29,MarQuel Mederos,Austin Hubbard,MarQuel Mederos,DEC,
2025-03-29,Ronaldo Rodriguez,Kevin Borjas,Kevin Borjas,DEC,
2025-03-29,Édgar Cháirez,CJ Vergara,Édgar Cháirez,SUB,
2025-03-29,Raul Rosas Jr.,Vince Morales,Raul Rosas Jr.,DEC,
2025-03-29,Rafa Garcia,Vinc Pichel,Rafa Garcia,DEC,
2025-03-29,Jamall Emmers,Gabriel Miranda,Jamall Emmers,KO/TKO,
2025-03-29,Christian Rodriguez,Melquizael Costa,Melquizael Costa,DEC,
2025-03-29,Brandon Moreno,Steve Erceg,Brandon Moreno,DEC,
2025-03-29,Manuel Torres,Drew Dober,Manuel Torres,KO/TKO,
2025-03-29,David Martinez,Saimon Oliveira,David Martinez,KO/TKO,
2025-04-05,Vanessa Demopoulos,Talita Alencar,Talita Alencar,DEC,
2025-04-05,Torrez Finney,Robert Valentin,Torrez Finney,DEC,
2025-04-05,Cortavious Romious,ChangHo Lee,ChangHo Lee,KO/TKO,
2025-04-05,Martin Buday,Uran Satybaldiev,Martin Buday,DEC,
2025-04-05,Josh Emmett,Lerone Murphy,Lerone Murphy,DEC,
2025-04-05,Brad Tavares,Gerald Meerschaert,Brad Tavares,DEC,
2025-04-05,Victor Henry,Pedro Falcao,Victor Henry,DEC,
2025-04-05,Pat Sabatini,Joanderson Brito,Pat Sabatini,DEC,
2025-04-05,Loma Lookboonmee,Istela Nunes,Loma Lookboonmee,DEC,
2025-04-05,Ode Osbourne,Luis Gurule,Ode Osbourne,KO/TKO,
2025-04-05,Rhys McKee,Daniel Frunza,Rhys McKee,KO/TKO,
2025-04-05,Diana Belbita,Dione Barbosa,Dione Barbosa,SUB,
2025-04-06,Jeisla Chaves,Rebeca Maria Sousa,Jeisla Chaves,,Demo Fight 21
2025-04-11,Steven Asplund,Raiden Kovacs,Steven Asplund,,LFA 206: Gennrich vs. Lebosnoyani
2025-04-12,Darren Elkins,Julian Erosa,Julian Erosa,KO/TKO,
2025-04-12,Nikita Krylov,Dominick Reyes,Dominick Reyes,KO/TKO,
2025-04-12,Jim Miller,Chase Hooper,Chase Hooper,DEC,
2025-04-12,Sedriques Dumas,Michal Oleksiejczuk,Michal Oleksiejczuk,KO/TKO,
2025-04-12,Alexander Volkanovski,Diego Lopes,Alexander Volkanovski,DEC,
2025-04-12,Bryce Mitchell,Jean Silva,Jean Silva,SUB,
2025-04-12,Wes Schultz,Dustin Pape,Wes Schultz,,Michiana Fight League 56: Big Bang
2025-04-12,Tresean Gore,Marco Tulio,Marco Tulio,KO/TKO,
2025-04-12,Yan Xiaonan,Virna Jandiroba,Virna Jandiroba,DEC,
2025-04-12,Michael Chandler,Paddy Pimblett,Paddy Pimblett,KO/TKO,
2025-04-12,Dan Ige,Sean Woodson,Dan Ige,KO/TKO,
2025-04-12,Yair Rodriguez,Patricio Pitbull,Yair Rodriguez,DEC,
2025-04-12,Sumudaerji,Mitch Raposo,Sumudaerji,DEC,
2025-04-12,Rafael Tobias,Wellington Silva Lopes,Rafael Tobias,,
2025-04-12,Mando Gutierrez,Francesco Nuzzi,Mando Gutierrez,,2025 PFL First Round: Bantamweights & Women's Flyweights
2025-04-12,Nora Cornolle,Hailey Cowan,Nora Cornolle,SUB,
2025-04-12,Michael Aljarouj,Romero dos Reis,,NC,Hexagone MMA
2025-04-13,Louie Sutherland,Matusalem dos Santos Domingos,Louie Sutherland,,Levels Fight League 17
2025-04-18,Richie Miranda,Richie Lewis,Richie Miranda,,
2025-04-19,Donte Johnson,Jordan Seufzer,Donte Johnson,,
2025-04-25,Matthieu Letho Duclos,Thiago Hayne,Matthieu Letho Duclos,,Hexagone MMA 27
2025-04-26,Evan Elder,Gauge Young,Evan Elder,DEC,
2025-04-26,Chelsea Chandler,Joselyne Edwards,Joselyne Edwards,KO/TKO,
2025-04-26,Jaqueline Amorim,Polyana Viana,Jaqueline Amorim,SUB,
2025-04-26,Ikram Aliskerov,Andre Muniz,Ikram Aliskerov,KO/TKO,
2025-04-26,Ian Machado Garry,Carlos Prates,Ian Machado Garry,DEC,
2025-04-26,Randy Brown,Nicolas Dalby,Randy Brown,KO/TKO,
2025-04-26,Levi Rodrigues Jr.,Jhonny Pereira,Levi Rodrigues Jr.,,
2025-04-26,Michel Pereira,Abus Magomedov,Abus Magomedov,DEC,
2025-04-26,Malcolm Wellmaker,Cameron Saaiman,Malcolm Wellmaker,KO/TKO,
2025-04-26,Timmy Cuamba,Roberto Romero,Timmy Cuamba,KO/TKO,
2025-04-26,Tommy McMillen,Dumar Roa,Tommy McMillen,,RUF 62: McMillen vs. Roa
2025-04-26,Giga Chikadze,David Onama,David Onama,DEC,
2025-04-26,Da'Mon Blackshear,Alatengheili,Da'Mon Blackshear,DEC,
2025-04-26,Matt Schnell,Jimmy Flick,Matt Schnell,DEC,
2025-04-26,Chris Gutierrez,John Castaneda,Chris Gutierrez,DEC,
2025-04-26,Anthony Smith,Zhang Mingyang,Zhang Mingyang,KO/TKO,
2025-05-03,Gaston Bolanos,Quang Le,Quang Le,SUB,
2025-05-03,Thomas Petersen,Don'Tale Mayes,Thomas Petersen,DEC,
2025-05-03,Ryan Loder,Azamat Bekoev,Azamat Bekoev,KO/TKO,
2025-05-03,Reinier de Ridder,Bo Nickal,Reinier de Ridder,KO/TKO,
2025-05-03,Marina Rodriguez,Gillian Robertson,Gillian Robertson,KO/TKO,
2025-05-03,Montel Jackson,Daniel Marcos,Montel Jackson,DEC,
2025-05-03,Cameron Smotherman,Serhiy Sidey,Serhiy Sidey,DEC,
2025-05-03,Juliana Miller,Ivana Petrovic,Juliana Miller,DEC,
2025-05-03,Santiago Ponzinibbio,Daniel Rodriguez,Daniel Rodriguez,KO/TKO,
2025-05-03,Jeremy Stephens,Mason Jones,Mason Jones,DEC,
2025-05-03,Yana Santos,Miesha Tate,Yana Santos,DEC,
2025-05-03,Cory Sandhagen,Deiveson Figueiredo,Cory Sandhagen,KO/TKO,
2025-05-09,Louis Jourdain,Danilo Adreani,Louis Jourdain,,Samourai MMA 14
2025-05-09,Joe Kropschot,Adland Benson,Joe Kropschot,,LFA 208: Mecate vs Reyes
2025-05-10,Jose Aldo,Aiemann Zahabi,Aiemann Zahabi,DEC,
2025-05-10,Marc-Andre Barriault,Bruno Silva,Marc-Andre Barriault,KO/TKO,
2025-05-10,Jessica Andrade,Jasmine Jasudavicius,Jasmine Jasudavicius,SUB,
2025-05-10,Alexa Grasso,Natalia Silva,Natalia Silva,DEC,
2025-05-10,Benoit Saint-Denis,Kyle Prepolec,Benoit Saint-Denis,SUB,
2025-05-10,Modestas Bukauskas,Ion Cutelaba,Modestas Bukauskas,DEC,
2025-05-10,Mike Malott,Charles Radtke,Mike Malott,KO/TKO,
2025-05-10,Daniel Santos,JeongYeong Lee,Daniel Santos,DEC,
2025-05-10,Brad Katona,Bekzat Almakhan,Bekzat Almakhan,KO/TKO,
2025-05-10,Valentina Shevchenko,Manon Fiorot,Valentina Shevchenko,DEC,
2025-05-10,Salahdine Parnasse,Marian Ziółkowski,Salahdine Parnasse,,KSW 106: Parnasse vs. Ziolkowski
2025-05-10,Navajo Stirling,Ivan Erslan,Navajo Stirling,DEC,
2025-05-10,Belal Muhammad,Jack Della Maddalena,Jack Della Maddalena,DEC,
2025-05-10,Pavel Andrusca,Thyago Silva,Pavel Andrusca,,Vendetta Fight Nights 45
2025-05-16,Delphine Benouaich,Mileide Simplicio,Delphine Benouaich,,Ares FC 30: Chamsoudinov vs. Lima
2025-05-17,Dustin Stoltzfus,Nursulton Ruziboev,Nursulton Ruziboev,DEC,
2025-05-17,Elise Reed,Denise Gomes,Denise Gomes,KO/TKO,
2025-05-17,Yadier del Valle,Connor Matthews,Yadier del Valle,SUB,
2025-05-17,Gilbert Burns,Michael Morales,Michael Morales,KO/TKO,
2025-05-17,Jared Gordon,Thiago Moises,Jared Gordon,KO/TKO,
2025-05-17,Julian Erosa,Melquizael Costa,Melquizael Costa,DEC,
2025-05-17,Josiah Harrell,Melvin Guillard,Josiah Harrell,,Ohio Combat League 38
2025-05-17,Gabe Green,Matheus Camilo,Gabe Green,SUB,
2025-05-17,HyunSung Park,Carlos Hernandez,HyunSung Park,SUB,
2025-05-17,Tecia Pennington,Luana Pinheiro,Tecia Pennington,DEC,
2025-05-17,Luana Santos,Tainara Lisboa,Luana Santos,SUB,
2025-05-17,Sodiq Yusuff,Mairon Santos,Mairon Santos,DEC,
2025-05-23,Namsrai Batbayar,Wataru Yamauchi,Namsrai Batbayar,,
2025-05-23,Lawrence Lui,Qinghe Zhang,Lawrence Lui,,
2025-05-24,Rodrigo Vera,Jonathan Caetano,Rodrigo Vera,,LFA 209: De Lara vs. Henrique
2025-05-24,Luke Fernandez,Christian Edwards,Luke Fernandez,,CFFC 142: Fernandez vs. Edwards
2025-05-24,José Montanha,Jhon Ribeiro,José Montanha,,
2025-05-24,Eric Nolan,Blayne Richards,Eric Nolan,,CFFC 142: Fernandez vs. Edwards
2025-05-25,Alden Coria,German Orpineda Ponce,Alden Coria,,Fury Fighting Championship 104
2025-05-31,Zach Reese,Duško Todorović,Zach Reese,DEC,
2025-05-31,Billy Ray Goff,Ramiz Brahimaj,Ramiz Brahimaj,SUB,
2025-05-31,Rayanne dos Santos,Alice Ardelean,Alice Ardelean,DEC,
2025-05-31,Ketlen Vieira,Macy Chiasson,Ketlen Vieira,DEC,
2025-05-31,Marwan Rahiki,Semakadde Kakembo,Marwan Rahiki,,Hex Fight Series 35
2025-05-31,Dustin Jacoby,Bruno Lopes,Dustin Jacoby,KO/TKO,
2025-05-31,Kurt Holobaugh,Jordan Leavitt,Jordan Leavitt,SUB,
2025-05-31,Mateusz Gamrot,Ludovit Klein,Mateusz Gamrot,DEC,
2025-05-31,Bolaji Oki,Michael Aswell,Bolaji Oki,DEC,
2025-05-31,Jafel Filho,Allan Nascimento,Allan Nascimento,DEC,
2025-06-06,Bilal Hasan,Jason Eastman,Bilal Hasan,,
2025-06-07,Kelvin Gastelum,Joe Pyfer,Joe Pyfer,DEC,
2025-06-07,Jeka Saragih,JooSang Yoo,JooSang Yoo,KO/TKO,
2025-06-07,Fabia Sintes,Davi Santos,Fabia Sintes,,WOW 20: La Noche de los Campeones
2025-06-07,Merab Dvalishvili,Sean O'Malley,Merab Dvalishvili,SUB,
2025-06-07,Ariane da Silva,Cong Wang,Cong Wang,DEC,
2025-06-07,Khaos Williams,Andreas Gustafsson,Andreas Gustafsson,DEC,
2025-06-07,Azamat Murzakanov,Brendson Ribeiro,Azamat Murzakanov,KO/TKO,
2025-06-07,MarQuel Mederos,Mark Choinski,MarQuel Mederos,DEC,
2025-06-07,Mario Bautista,Patchy Mix,Mario Bautista,DEC,
2025-06-07,Serghei Spivac,Waldo Cortes Acosta,Waldo Cortes Acosta,DEC,
2025-06-07,Quillan Salkilld,Yanal Ashmouz,Quillan Salkilld,DEC,
2025-06-07,Vicente Luque,Kevin Holland,Kevin Holland,SUB,
2025-06-07,Bruno Silva,Joshua Van,Joshua Van,KO/TKO,
2025-06-07,Julianna Pena,Kayla Harrison,Kayla Harrison,SUB,
2025-06-13,Jackson McVey,Mataeo Garner,Jackson McVey,,LFA 210: Lawrence vs. Reyes
2025-06-13,Tanner Boser,Vinicius Moreira,Tanner Boser,,UAE Warriors 60
2025-06-14,Cody Garbrandt,Raoni Barcelos,Raoni Barcelos,DEC,
2025-06-14,Kamaru Usman,Joaquin Buckley,Kamaru Usman,DEC,
2025-06-14,Axel Sola,Ghiles Oudelha,Axel Sola,,Ares FC 31: Sola vs. Oudelha
2025-06-14,Edmen Shahbazyan,Andre Petroski,Edmen Shahbazyan,DEC,
2025-06-14,Jamey-Lyn Horth,Vanessa Demopoulos,Jamey-Lyn Horth,DEC,
2025-06-14,Cody Durden,Jose Ochoa,Jose Ochoa,KO/TKO,
2025-06-14,Donte Johnson,Ryan Parker,Donte Johnson,,
2025-06-14,Alonzo Menifield,Oumar Sy,Alonzo Menifield,DEC,
2025-06-14,Phil Rowe,Ange Loosa,Phil Rowe,KO/TKO,
2025-06-14,Michael Chiesa,Court McGee,Michael Chiesa,DEC,
2025-06-14,Malcolm Wellmaker,Kris Moutinho,Malcolm Wellmaker,KO/TKO,
2025-06-14,Ricky Simon,Cameron Smotherman,Ricky Simon,DEC,
2025-06-14,Rodolfo Bellato,Paul Craig,,Draw,
2025-06-14,Rose Namajunas,Miranda Maverick,Rose Namajunas,DEC,
2025-06-15,Louie Sutherland,Luke Newland,Louie Sutherland,,Levels Fight League 18
2025-06-19,Melissa Amaya,Megumi Sugimoto,Melissa Amaya,,Combate Global: Combate Female 2
2025-06-19,Regina Tarin,Kaytlin Neil,Regina Tarin,,Combate Global: Combate Female 2
2025-06-20,Gigi Canuto,Flor Hernandez,Gigi Canuto,,
2025-06-21,Nazim Sadykhov,Nikolas Motta,Nazim Sadykhov,KO/TKO,
2025-06-21,Ismail Naurdiev,JunYong Park,JunYong Park,DEC,
2025-06-21,Tofiq Musayev,Myktybek Orolbai,Myktybek Orolbai,SUB,
2025-06-21,Hamdy Abdelwahab,Mohammed Usman,Mohammed Usman,DEC,
2025-06-21,Seokhyeon Ko,Oban Elliott,Seokhyeon Ko,DEC,
2025-06-21,Jamahal Hill,Khalil Rountree Jr.,Khalil Rountree Jr.,DEC,
2025-06-21,Tagir Ulanbekov,Azat Maksum,Tagir Ulanbekov,DEC,
2025-06-21,Curtis Blaydes,Rizvan Kuniev,Curtis Blaydes,DEC,
2025-06-21,Rafael Fiziev,Ignacio Bahamondes,Rafael Fiziev,DEC,
2025-06-21,Sofia Montenegro,Damara Vargas,Sofia Montenegro,,MMA Mexico 5: Gallito vs. Prendido
2025-06-21,Klaudia Syguła,Irina Alekseeva,Klaudia Syguła,DEC,
2025-06-21,Daria Zhelezniakova,Melissa Mullins,Daria Zhelezniakova,DEC,
2025-06-21,Muhammad Naimov,Bogdan Grad,Muhammad Naimov,DEC,
2025-06-22,Terrance Chatman,Steve Gurrola,Terrance Chatman,,
2025-06-25,Anthony Wint,Emmanuel Verdier,Anthony Wint,,
2025-06-28,Brandon Royval,Joshua Van,Joshua Van,DEC,
2025-06-28,Hyder Amil,Jose Delgado,Jose Delgado,KO/TKO,
2025-06-28,Ilia Topuria,Charles Oliveira,Ilia Topuria,KO/TKO,
2025-06-28,Alexandre Pantoja,Kai Kara-France,Alexandre Pantoja,SUB,
2025-06-28,Viviane Araujo,Tracy Cortez,Tracy Cortez,DEC,
2025-06-28,Terrance McKinney,Viacheslav Borshchev,Terrance McKinney,SUB,
2025-06-28,Jack Hermansson,Gregory Rodrigues,Gregory Rodrigues,KO/TKO,
2025-06-28,Jhonata Diniz,Alvin Hines,Jhonata Diniz,DEC,
2025-06-28,Beneil Dariush,Renato Moicano,Beneil Dariush,DEC,
2025-06-28,Payton Talbott,Felipe Lima,Payton Talbott,DEC,
2025-06-28,Niko Price,Jacobe Smith,Jacobe Smith,SUB,
2025-07-05,Marwan Rahiki,Gabriel Schlupp,Marwan Rahiki,,Beatdown Promotions 11: Rahiki vs. Schlupp
2025-07-12,Nate Landwehr,Morgan Charrière,Morgan Charrière,KO/TKO,
2025-07-12,Max Griffin,Chris Curtis,Chris Curtis,DEC,
2025-07-12,Junior Tafa,Tuco Tokkos,Tuco Tokkos,SUB,
2025-07-12,Kennedy Nzechukwu,Valter Walker,Valter Walker,SUB,
2025-07-12,Vitor Petrino,Austen Lane,Vitor Petrino,SUB,
2025-07-12,Lauren Murphy,Eduarda Moura,Eduarda Moura,DEC,
2025-07-12,Stephen Thompson,Gabriel Bonfim,Gabriel Bonfim,DEC,
2025-07-12,Calvin Kattar,Steve Garcia,Steve Garcia,DEC,
2025-07-12,Derrick Lewis,Tallison Teixeira,Derrick Lewis,KO/TKO,
2025-07-12,Jake Matthews,Chidi Njokuani,Jake Matthews,SUB,
2025-07-12,Mitch Ramirez,Mike Davis,Mike Davis,KO/TKO,
2025-07-12,Fatima Kline,Melissa Martinez,Fatima Kline,KO/TKO,
2025-07-12,Hector Santiago,Thiago Santos,Hector Santiago,,
2025-07-19,Ryan Spann,Lukasz Brzeski,Ryan Spann,SUB,
2025-07-19,Kyler Phillips,Vinicius Oliveira,Vinicius Oliveira,DEC,
2025-07-19,Jimmy Crute,Marcin Prachnio,Jimmy Crute,SUB,
2025-07-19,Max Holloway,Dustin Poirier,Max Holloway,DEC,
2025-07-19,Francisco Prado,Nikolay Veretennikov,Nikolay Veretennikov,DEC,
2025-07-19,Michael Johnson,Daniel Zellhuber,Michael Johnson,DEC,
2025-07-19,Adam Fugitt,Islam Dulatov,Islam Dulatov,KO/TKO,
2025-07-19,Ateba Gautier,Robert Valentin,Ateba Gautier,KO/TKO,
2025-07-19,Kevin Holland,Daniel Rodriguez,Daniel Rodriguez,DEC,
2025-07-19,Patricio Pitbull,Dan Ige,Patricio Pitbull,DEC,
2025-07-19,Carli Judice,Nicolle Caliari,Carli Judice,KO/TKO,
2025-07-19,Paulo Costa,Roman Kopylov,Paulo Costa,DEC,
2025-07-19,Brunno Ferreira,Jackson McVey,Brunno Ferreira,SUB,
2025-07-19,Marvin Vettori,Brendan Allen,Brendan Allen,DEC,
2025-07-24,Mehemmedeli Osmanli,Faeez Jacobs,Mehemmedeli Osmanli,,UAE Warriors 62
2025-07-26,Amanda Ribas,Tabatha Ricci,Tabatha Ricci,KO/TKO,
2025-07-26,Martin Buday,Marcus Buchecha,Martin Buday,DEC,
2025-07-26,Nikita Krylov,Bogdan Guskov,Bogdan Guskov,KO/TKO,
2025-07-26,Shara Magomedov,Marc-Andre Barriault,Shara Magomedov,DEC,
2025-07-26,Muslim Salikhov,Carlos Leal,Muslim Salikhov,KO/TKO,
2025-07-26,Ibo Aslan,Billy Elekana,Billy Elekana,DEC,
2025-07-26,Mohammad Yahya,Steven Nguyen,Steven Nguyen,KO/TKO,
2025-07-26,Davey Grant,Da'Mon Blackshear,Davey Grant,DEC,
2025-07-26,Petr Yan,Marcus McGhee,Petr Yan,DEC,
2025-07-26,Robert Whittaker,Reinier de Ridder,Reinier de Ridder,DEC,
2025-07-26,Asu Almabayev,Jose Ochoa,Asu Almabayev,DEC,
2025-07-26,Bryce Mitchell,Said Nurmagomedov,Bryce Mitchell,DEC,
2025-07-27,Donte Johnson,James Ford,Donte Johnson,,
2025-08-01,Rodrigo Vera,João Oliveira,Rodrigo Vera,,Shooto Brazil 131: Farias vs. Reis
2025-08-02,Mateusz Rębecki,Chris Duncan,Chris Duncan,DEC,
2025-08-02,Neil Magny,Elizeu Zaleski dos Santos,Neil Magny,KO/TKO,
2025-08-02,Elves Brener,Esteban Ribovics,Esteban Ribovics,DEC,
2025-08-02,Joseph Morales,Imanol Rodriguez,Joseph Morales,,The Ultimate Fighter 33 Semifinal: Cormier vs. Sonnen
2025-08-02,Tatsuro Taira,HyunSung Park,Tatsuro Taira,SUB,
2025-08-02,Rodolfo Vieira,Tresean Gore,Rodolfo Vieira,DEC,
2025-08-02,Rinya Nakamura,Nathan Fletcher,Rinya Nakamura,KO/TKO,
2025-08-02,Josiah Harrell,Kegan Gennrich,Josiah Harrell,,Ohio Combat League 39
2025-08-02,Rafael Estevam,Felipe Bunes,Rafael Estevam,DEC,
2025-08-02,Austin Bashi,John Yannis,Austin Bashi,SUB,
2025-08-02,Nick Klein,Andrey Pulyaev,Andrey Pulyaev,KO/TKO,
2025-08-02,Danny Silva,Kevin Vallejos,Kevin Vallejos,DEC,
2025-08-02,Karol Rosa,Nora Cornolle,Karol Rosa,DEC,
2025-08-02,Piera Rodriguez,Ketlen Souza,Piera Rodriguez,DEC,
2025-08-09,Andre Fili,Christian Rodriguez,Andre Fili,DEC,
2025-08-09,Joselyne Edwards,Priscila Cachoeira,Joselyne Edwards,KO/TKO,
2025-08-09,Eryk Anders,Christian Leroy Duncan,Christian Leroy Duncan,KO/TKO,
2025-08-09,Miles Johns,Jean Matsumoto,Jean Matsumoto,DEC,
2025-08-09,Gabriella Fernandes,Julija Stoliarenko,Gabriella Fernandes,DEC,
2025-08-09,Uroš Medić,Gilbert Urbina,Uroš Medić,KO/TKO,
2025-08-09,Steve Erceg,Ode Osbourne,Steve Erceg,DEC,
2025-08-09,Elijah Smith,Toshiomi Kazama,Elijah Smith,KO/TKO,
2025-08-09,Iasmin Lucindo,Angela Hill,Iasmin Lucindo,DEC,
2025-08-09,Julius Walker,Rafael Cerqueira,Julius Walker,DEC,
2025-08-09,Roman Dolidze,Anthony Hernandez,Anthony Hernandez,SUB,
2025-08-09,Cody Brundage,Eric McConico,Eric McConico,DEC,
2025-08-12,Daniil Donchenko,Matt Dixon,Daniil Donchenko,,The Ultimate Fighter 33 Semifinal: Cormier vs. Sonnen
2025-08-12,Ty Miller,Jimmy Drago,Ty Miller,,
2025-08-15,Lucas Fernando,Phil Latu,Lucas Fernando,,
2025-08-16,Lerone Murphy,Aaron Pico,Lerone Murphy,KO/TKO,
2025-08-16,Gerald Meerschaert,Michal Oleksiejczuk,Michal Oleksiejczuk,KO/TKO,
2025-08-16,Baisangur Susurkaev,Eric Nolan,Baisangur Susurkaev,SUB,
2025-08-16,Jessica Andrade,Loopy Godinez,Loopy Godinez,DEC,
2025-08-16,Karine Silva,Dione Barbosa,Karine Silva,DEC,
2025-08-16,Chase Hooper,Alexander Hernandez,Alexander Hernandez,KO/TKO,
2025-08-16,Jared Cannonier,Michael Page,Michael Page,DEC,
2025-08-16,Edson Barboza,Drakkar Klose,Drakkar Klose,DEC,
2025-08-16,Tim Elliott,Kai Asakura,Tim Elliott,SUB,
2025-08-16,Alibi Idiris,Joseph Morales,Joseph Morales,SUB,
2025-08-16,Dricus Du Plessis,Khamzat Chimaev,Khamzat Chimaev,DEC,
2025-08-16,Geoff Neal,Carlos Prates,Carlos Prates,KO/TKO,
2025-08-20,Cam Rowston,Brandon Holmes,Cam Rowston,,
2025-08-20,Ramiro Jimenez,Tommy Cuozzi,Ramiro Jimenez,,
2025-08-22,Nyamjargal Tumendemberel,Terrance Saeteurn,Nyamjargal Tumendemberel,SUB,
2025-08-22,Shi Ming,Bruna Brasil,Bruna Brasil,DEC,
2025-08-22,Namsrai Batbayar,Agulali,Namsrai Batbayar,,
2025-08-22,Lawrence Lui,Van Y Nghiem,Lawrence Lui,,
2025-08-22,Eduardo Chapolin,Devon Lozej,Eduardo Chapolin,,
2025-08-22,Richie Miranda,Ilay Barzilay,Richie Miranda,,
2025-08-22,Nilson Rojas,Wallafy Fernandes,Nilson Rojas,,
2025-08-23,Johnny Walker,Zhang Mingyang,Johnny Walker,KO/TKO,
2025-08-23,Xiao Long,SuYoung You,SuYoung You,DEC,
2025-08-23,Maheshate,Gauge Young,Gauge Young,DEC,
2025-08-23,Sergei Pavlovich,Waldo Cortes Acosta,Sergei Pavlovich,DEC,
2025-08-23,Brian Ortega,Aljamain Sterling,Aljamain Sterling,DEC,
2025-08-23,Uran Satybaldiev,Diyar Nurgozhay,Uran Satybaldiev,SUB,
2025-08-23,Taiyilake Nueraji,Kiefer Crosbie,Taiyilake Nueraji,KO/TKO,
2025-08-23,Rongzhu,Austin Hubbard,Rongzhu,DEC,
2025-08-23,Charles Johnson,Lone'er Kavanagh,Charles Johnson,KO/TKO,
2025-08-23,Sumudaerji,Kevin Borjas,Sumudaerji,DEC,
2025-08-23,Yizha,Westin Wilson,Yizha,KO/TKO,
2025-08-23,Michel Pereira,Kyle Daukaus,Kyle Daukaus,KO/TKO,
2025-08-27,Manoel Sousa,Cristian Perez,Manoel Sousa,,
2025-08-27,Ryan Gandra,Trent Miller,Ryan Gandra,,
2025-08-27,Marcio Barbosa,Damon Wilson,Marcio Barbosa,,
2025-08-27,Donte Johnson,Darion Abbey,Donte Johnson,,
2025-08-27,Abdul-Rakhman Yakhyaev,Alik Lorenz,Abdul-Rakhman Yakhyaev,,
2025-08-30,José Montanha,Bruno de Jesus,José Montanha,,
2025-09-03,Tommy McMillen,David Mgoyan,Tommy McMillen,,
2025-09-03,Mandel Nallo,Samuel Silva,Mandel Nallo,,
2025-09-03,Eduardo Chapolin,An Tuan Ho,Eduardo Chapolin,,
2025-09-05,Levi Rodrigues Jr.,Alan Ribeiro,Levi Rodrigues Jr.,,
2025-09-06,Bolaji Oki,Mason Jones,Mason Jones,KO/TKO,
2025-09-06,Shauna Bannon,Sam Hughes,Sam Hughes,SUB,
2025-09-06,Nassourdine Imavov,Caio Borralho,Nassourdine Imavov,DEC,
2025-09-06,Benoit Saint-Denis,Mauricio Ruffy,Benoit Saint-Denis,SUB,
2025-09-06,Marcin Tybura,Ante Delija,Ante Delija,KO/TKO,
2025-09-06,Andreas Gustafsson,Rinat Fakhretdinov,Rinat Fakhretdinov,KO/TKO,
2025-09-06,Sam Patterson,Trey Waters,Sam Patterson,KO/TKO,
2025-09-06,Brad Tavares,Robert Bryczek,Robert Bryczek,KO/TKO,
2025-09-06,Harry Hardwick,Kauê Fernandes,Kauê Fernandes,KO/TKO,
2025-09-06,Oumar Sy,Brendson Ribeiro,Oumar Sy,KO/TKO,
2025-09-06,Modestas Bukauskas,Paul Craig,Modestas Bukauskas,KO/TKO,
2025-09-06,William Gomis,Robert Ruchala,William Gomis,DEC,
2025-09-06,Axel Sola,Rhys McKee,Axel Sola,KO/TKO,
2025-09-07,Terrance Chatman,Dwight Maters,Terrance Chatman,,
2025-09-10,Steven Asplund,Anthony Guarascio,Steven Asplund,,
2025-09-10,Carol Foro,Shanelle Dyer,Carol Foro,,
2025-09-10,Lerryan Douglas,Cam Teague,Lerryan Douglas,,
2025-09-13,Alexander Hernandez,Diego Ferreira,Alexander Hernandez,KO/TKO,
2025-09-13,Jose Daniel Medina,Duško Todorović,Duško Todorović,SUB,
2025-09-13,Gable Steveson,Braden Peterson,Gable Steveson,,LFA 217: McKee vs. Nobre
2025-09-13,Rafa Garcia,Jared Gordon,Rafa Garcia,KO/TKO,
2025-09-13,Tatiana Suarez,Amanda Lemos,Tatiana Suarez,DEC,
2025-09-13,Diego Lopes,Jean Silva,Diego Lopes,KO/TKO,
2025-09-13,Ingrid Silva,Delphine Benouaich,Ingrid Silva,,Ares FC 34: Begai vs. Diakhate
2025-09-13,Mehemmedeli Osmanli,Ali Yousefi,Mehemmedeli Osmanli,,New Generation Fighting 5
2025-09-13,Jesus Aguilar,Luis Gurule,Jesus Aguilar,DEC,
2025-09-13,Alessandro Costa,Alden Coria,Alden Coria,KO/TKO,
2025-09-13,Rob Font,David Martinez,David Martinez,DEC,
2025-09-13,Kelvin Gastelum,Dustin Stoltzfus,Kelvin Gastelum,DEC,
2025-09-13,Rodrigo Sezinando,Daniil Donchenko,Daniil Donchenko,KO/TKO,
2025-09-13,Claudio Puelles,Joaquim Silva,Joaquim Silva,DEC,
2025-09-13,Montse Rendon,Alice Pereira,Montse Rendon,DEC,
2025-09-13,Santiago Luna,Quang Le,Santiago Luna,KO/TKO,
2025-09-17,Iwo Baraniewski,Mahamed Aly,Iwo Baraniewski,,
2025-09-17,Tommy Gantt,Adam Livingston,Tommy Gantt,,
2025-09-20,Cameron Nelson,Kenyon Moore,Cameron Nelson,,
2025-09-20,Cam Nelson,Kenyon Moore,Cam Nelson,,
2025-09-24,Rafael Tobias,Jair de Oliveira,Rafael Tobias,,
2025-09-24,Jeisla Chaves,Sofia Montenegro,Jeisla Chaves,,
2025-09-27,Jack Jenkins,Ramon Taveras,Jack Jenkins,DEC,
2025-09-27,Navajo Stirling,Rodolfo Bellato,Navajo Stirling,DEC,
2025-09-27,Tom Nolan,Charlie Campbell,Tom Nolan,SUB,
2025-09-27,Brando Pericic,Elisha Ellison,Brando Pericic,KO/TKO,
2025-09-27,Michelle Montague,Luana Carolina,Michelle Montague,DEC,
2025-09-27,Carlos Ulberg,Dominick Reyes,Carlos Ulberg,KO/TKO,
2025-09-27,Jimmy Crute,Ivan Erslan,Jimmy Crute,SUB,
2025-09-27,Cam Rowston,Andre Petroski,Cam Rowston,KO/TKO,
2025-09-27,Jamie Mullarkey,Rolando Bedoya,Jamie Mullarkey,DEC,
2025-09-27,Loma Lookboonmee,Alexia Thainara,Alexia Thainara,DEC,
2025-09-27,Jake Matthews,Neil Magny,Neil Magny,SUB,
2025-09-27,Colby Thicknesse,Josias Musasa,Colby Thicknesse,DEC,
2025-09-28,Hector Santiago,Mateus Sales,Hector Santiago,,
2025-10-01,Damian Pinas,Vitor Costa,Damian Pinas,,
2025-10-01,Louis Jourdain,Magno Dias,Louis Jourdain,,
2025-10-01,Kurtis Campbell,Demba Seck,Kurtis Campbell,,
2025-10-04,Merab Dvalishvili,Cory Sandhagen,Merab Dvalishvili,DEC,
2025-10-04,Ramiz Brahimaj,Austin Vanderford,Ramiz Brahimaj,SUB,
2025-10-04,Edmen Shahbazyan,Andre Muniz,Edmen Shahbazyan,KO/TKO,
2025-10-04,Abus Magomedov,Joe Pyfer,Joe Pyfer,SUB,
2025-10-04,Chris Gutierrez,Farid Basharat,Farid Basharat,DEC,
2025-10-04,Ateba Gautier,Tre'ston Vines,Ateba Gautier,KO/TKO,
2025-10-04,Patchy Mix,Jakub Wiklacz,Jakub Wiklacz,DEC,
2025-10-04,Francesco Nuzzi,Lucas Rodrigues,Francesco Nuzzi,,
2025-10-04,Punahele Soriano,Nikolay Veretennikov,Punahele Soriano,DEC,
2025-10-04,Macy Chiasson,Yana Santos,Yana Santos,DEC,
2025-10-04,Veronica Hardy,Brogan Walker,Veronica Hardy,DEC,
2025-10-04,Daniel Santos,JooSang Yoo,Daniel Santos,KO/TKO,
2025-10-04,Josh Emmett,Youssef Zalal,Youssef Zalal,SUB,
2025-10-04,Jiri Prochazka,Khalil Rountree Jr.,Jiri Prochazka,KO/TKO,
2025-10-04,Magomed Ankalaev,Alex Pereira,Alex Pereira,KO/TKO,
2025-10-04,Ding Meng,Mirali Huseynov,Ding Meng,,
2025-10-08,Luis Felipe Dias,Donavon Hedrick,Luis Felipe Dias,,
2025-10-08,Imanol Rodriguez,Roque Conceição,Imanol Rodriguez,,
2025-10-11,Julia Polastri,Karolina Kowalkiewicz,Julia Polastri,KO/TKO,
2025-10-11,Gianni Vazquez,Narek Avagyan,Gianni Vazquez,,Up Next Fighting 28
2025-10-11,Lucas Rocha,Stewart Nicoll,Lucas Rocha,DEC,
2025-10-11,Charles Oliveira,Mateusz Gamrot,Charles Oliveira,SUB,
2025-10-11,Jafel Filho,Clayton Carpenter,Jafel Filho,SUB,
2025-10-11,Deiveson Figueiredo,Montel Jackson,Deiveson Figueiredo,DEC,
2025-10-11,Luan Lacerda,Saimon Oliveira,Luan Lacerda,SUB,
2025-10-11,Ricardo Ramos,Kaan Ofli,Kaan Ofli,SUB,
2025-10-11,Michael Aswell,Lucas Almeida,Michael Aswell,KO/TKO,
2025-10-11,Jhonata Diniz,Mario Pinto,Mario Pinto,KO/TKO,
2025-10-11,Bia Mesquita,Irina Alekseeva,Bia Mesquita,SUB,
2025-10-11,Vicente Luque,Joel Álvarez,Joel Álvarez,DEC,
2025-10-11,Vitor Petrino,Thomas Petersen,Vitor Petrino,KO/TKO,
2025-10-15,Wes Schultz,Mario Mingaj,Wes Schultz,,
2025-10-15,Marwan Rahiki,Ananias Mulumba,Marwan Rahiki,,
2025-10-15,Levi Rodrigues Jr.,Freddy Vidal,,Draw,
2025-10-18,Kyle Prepolec,Drew Dober,Drew Dober,KO/TKO,
2025-10-18,Azamat Bekoev,Yousri Belgaroui,Yousri Belgaroui,KO/TKO,
2025-10-18,Bruno Silva,HyunSung Park,Bruno Silva,SUB,
2025-10-18,Melissa Croden,Tainara Lisboa,Melissa Croden,KO/TKO,
2025-10-18,Reinier de Ridder,Brendan Allen,Brendan Allen,KO/TKO,
2025-10-18,Marlon Vera,Aiemann Zahabi,Aiemann Zahabi,DEC,
2025-10-18,Cody Gibson,Aoriqileng,Aoriqileng,KO/TKO,
2025-10-18,Kyle Nelson,Matt Frevola,Kyle Nelson,DEC,
2025-10-18,Charles Jourdain,Davey Grant,Charles Jourdain,SUB,
2025-10-18,Stephanie Luciano,Ravena Oliveira,Stephanie Luciano,SUB,
2025-10-18,Kevin Holland,Mike Malott,Mike Malott,DEC,
2025-10-18,Manon Fiorot,Jasmine Jasudavicius,Manon Fiorot,KO/TKO,
2025-10-18,Danny Barlow,Djorden Santos,Djorden Santos,DEC,
2025-10-19,Jessie Rosas,Luciano Ramos,Jessie Rosas,,559 Fights 118
2025-10-25,Jaqueline Amorim,Mizuki,Mizuki,DEC,
2025-10-25,Ludovit Klein,Mateusz Rębecki,Ludovit Klein,DEC,
2025-10-25,Alexander Volkov,Jailton Almeida,Alexander Volkov,DEC,
2025-10-25,Valter Walker,Louie Sutherland,Valter Walker,SUB,
2025-10-25,Virna Jandiroba,Mackenzie Dern,Mackenzie Dern,DEC,
2025-10-25,Umar Nurmagomedov,Mario Bautista,Umar Nurmagomedov,DEC,
2025-10-25,Nathaniel Wood,Jose Delgado,Nathaniel Wood,DEC,
2025-10-25,Ikram Aliskerov,JunYong Park,Ikram Aliskerov,DEC,
2025-10-25,Ryan Kuse,Kevin Natividad,Ryan Kuse,,
2025-10-25,Hamdy Abdelwahab,Chris Barnett,Hamdy Abdelwahab,DEC,
2025-10-25,Aleksandar Rakic,Azamat Murzakanov,Azamat Murzakanov,KO/TKO,
2025-10-25,Nasrat Haqparast,Quillan Salkilld,Quillan Salkilld,KO/TKO,
2025-10-25,Azat Maksum,Mitch Raposo,Mitch Raposo,DEC,
2025-11-01,Phil Rowe,Seokhyeon Ko,Seokhyeon Ko,DEC,
2025-11-01,Steve Garcia,David Onama,Steve Garcia,KO/TKO,
2025-11-01,Billy Elekana,Kevin Christian,Billy Elekana,SUB,
2025-11-01,Jeremiah Wells,Themba Gorimbo,Jeremiah Wells,DEC,
2025-11-01,Ketlen Vieira,Norma Dumont,Norma Dumont,DEC,
2025-11-01,Charles Radtke,Daniel Frunza,Charles Radtke,SUB,
2025-11-01,Isaac Dulgarian,Yadier del Valle,Yadier del Valle,SUB,
2025-11-01,Waldo Cortes Acosta,Ante Delija,Waldo Cortes Acosta,KO/TKO,
2025-11-01,Timmy Cuamba,ChangHo Lee,Timmy Cuamba,DEC,
2025-11-01,Talita Alencar,Ariane Carnelossi,Talita Alencar,SUB,
2025-11-01,Donte Johnson,Sedriques Dumas,Donte Johnson,SUB,
2025-11-01,Allan Nascimento,Cody Durden,Allan Nascimento,SUB,
2025-11-01,Alice Ardelean,Montserrat Conejo Ruiz,Alice Ardelean,DEC,
2025-11-07,Matthieu Letho Duclos,Moacir Rocha,Matthieu Letho Duclos,,Hexagone MMA 36
2025-11-08,Gabriel Bonfim,Randy Brown,Gabriel Bonfim,KO/TKO,
2025-11-08,Tecia Pennington,Denise Gomes,Denise Gomes,DEC,
2025-11-08,Muslim Salikhov,Uroš Medić,Uroš Medić,KO/TKO,
2025-11-08,Chris Padilla,Ismael Bonfim,Chris Padilla,KO/TKO,
2025-11-08,Miles Johns,Daniel Marcos,Daniel Marcos,SUB,
2025-11-08,Zach Reese,Jackson McVey,Zach Reese,SUB,
2025-11-08,Hyder Amil,Jamall Emmers,Jamall Emmers,DEC,
2025-11-08,Ricky Simon,Raoni Barcelos,Raoni Barcelos,DEC,
2025-11-08,Mayra Bueno Silva,Jacqueline Cavalcanti,Jacqueline Cavalcanti,DEC,
2025-11-08,Josh Hokit,Max Gimenis,Josh Hokit,KO/TKO,
2025-11-08,Christian Leroy Duncan,Marco Tulio,Christian Leroy Duncan,KO/TKO,
2025-11-08,Matt Schnell,Joseph Morales,Joseph Morales,SUB,
2025-11-15,Pat Sabatini,Chepe Mariscal,Pat Sabatini,DEC,
2025-11-15,Jack Della Maddalena,Islam Makhachev,Islam Makhachev,DEC,
2025-11-15,Mehemmedeli Osmanli,Bakhtovar Yunusov,Mehemmedeli Osmanli,,UAE Warriors 65
2025-11-15,Erin Blanchfield,Tracy Cortez,Erin Blanchfield,SUB,
2025-11-15,Valentina Shevchenko,Zhang Weili,Valentina Shevchenko,DEC,
2025-11-15,Malcolm Wellmaker,Ethyn Ewing,Ethyn Ewing,DEC,
2025-11-15,Angela Hill,Fatima Kline,Fatima Kline,DEC,
2025-11-15,Viacheslav Borshchev,Matheus Camilo,Matheus Camilo,DEC,
2025-11-15,Leon Edwards,Carlos Prates,Carlos Prates,KO/TKO,
2025-11-15,Roman Kopylov,Gregory Rodrigues,Gregory Rodrigues,DEC,
2025-11-15,Kyle Daukaus,Gerald Meerschaert,Kyle Daukaus,SUB,
2025-11-15,Beneil Dariush,Benoit Saint-Denis,Benoit Saint-Denis,KO/TKO,
2025-11-15,Baisangur Susurkaev,Eric McConico,Baisangur Susurkaev,KO/TKO,
2025-11-15,Bo Nickal,Rodolfo Vieira,Bo Nickal,KO/TKO,
2025-11-15,Sean Brady,Michael Morales,Michael Morales,KO/TKO,
2025-11-15,Pavel Andrusca,Daermisi Zhawupasi,Pavel Andrusca,,UAE Warriors 65
2025-11-21,Anthony Wint,Miles Banks,Anthony Wint,,Fury Challenger Series 15
2025-11-21,Julien LeBlanc,Ryan Rohovich,Julien LeBlanc,,Samourai MMA 17
2025-11-22,Belal Muhammad,Ian Machado Garry,Ian Machado Garry,DEC,
2025-11-22,Bekzat Almakhan,Aleksandre Topuria,Aleksandre Topuria,DEC,
2025-11-22,Tagir Ulanbekov,Kyoji Horiguchi,Kyoji Horiguchi,SUB,
2025-11-22,Waldo Cortes Acosta,Shamil Gaziev,Waldo Cortes Acosta,KO/TKO,
2025-11-22,Nicolas Dalby,Saygid Izagakhmaev,Nicolas Dalby,DEC,
2025-11-22,Marek Bujlo,Denzel Freeman,Denzel Freeman,DEC,
2025-11-22,Bogdan Grad,Luke Riley,Luke Riley,KO/TKO,
2025-11-22,Abdul-Rakhman Yakhyaev,Rafael Cerqueira,Abdul-Rakhman Yakhyaev,SUB,
2025-11-22,Ismail Naurdiev,Ryan Loder,Ismail Naurdiev,KO/TKO,
2025-11-22,Jack Hermansson,Myktybek Orolbai,Myktybek Orolbai,KO/TKO,
2025-11-22,Nurullo Aliev,Shem Rock,Nurullo Aliev,DEC,
2025-11-22,Volkan Oezdemir,Alonzo Menifield,Volkan Oezdemir,KO/TKO,
2025-11-22,Alex Perez,Asu Almabayev,Asu Almabayev,SUB,
2025-11-22,Arman Tsarukyan,Dan Hooker,Arman Tsarukyan,SUB,
2025-11-23,Gable Steveson,Kevin Hein,Gable Steveson,,Anthony Pettis FC 21: New Mexico Fight Night 2
2025-11-28,Fabia Sintes,Amir Malekpour,Fabia Sintes,,WOW 24: Vitoria
2025-11-29,Regina Tarin,Yurivia Jimenez,Regina Tarin,,Tough N Xtreme 1125
2025-12-06,Henry Cejudo,Payton Talbott,Payton Talbott,DEC,
2025-12-06,Grant Dawson,Manuel Torres,Manuel Torres,KO/TKO,
2025-12-06,Merab Dvalishvili,Petr Yan,Petr Yan,DEC,
2025-12-06,Marvin Vettori,Brunno Ferreira,Brunno Ferreira,DEC,
2025-12-06,Edson Barboza,Jalin Turner,Jalin Turner,KO/TKO,
2025-12-06,Nazim Sadykhov,Farés Ziam,Farés Ziam,KO/TKO,
2025-12-06,Muhammad Naimov,Mairon Santos,Mairon Santos,KO/TKO,
2025-12-06,Mansur Abdul-Malik,Antonio Trocoli,Mansur Abdul-Malik,SUB,
2025-12-06,Alexandre Pantoja,Joshua Van,Joshua Van,KO/TKO,
2025-12-06,Terrance McKinney,Chris Duncan,Chris Duncan,SUB,
2025-12-06,Ilimbek Akylbek Uulu,Mo Miller,Ilimbek Akylbek Uulu,,American Fight Promotions 104
2025-12-06,Iwo Baraniewski,Ibo Aslan,Iwo Baraniewski,KO/TKO,
2025-12-06,Maycee Barber,Karine Silva,Maycee Barber,DEC,
2025-12-06,Brandon Moreno,Tatsuro Taira,Tatsuro Taira,KO/TKO,
2025-12-13,Giga Chikadze,Kevin Vallejos,Kevin Vallejos,KO/TKO,
2025-12-13,Cesar Almeida,Cezary Oleksiejczuk,Cezary Oleksiejczuk,DEC,
2025-12-13,Neil Magny,Yaroslav Amosov,Yaroslav Amosov,SUB,
2025-12-13,Allen Frye Jr.,Guilherme Pat,Guilherme Pat,DEC,
2025-12-13,Brandon Royval,Manel Kape,Manel Kape,KO/TKO,
2025-12-13,Delphine Benouaich,Lindsey Payne,Delphine Benouaich,,Ares FC 36: Jbalia vs. Sabira
2025-12-13,Jamey-Lyn Horth,Tereza Bleda,Jamey-Lyn Horth,KO/TKO,
2025-12-13,Melissa Croden,Luana Santos,Luana Santos,DEC,
2025-12-13,Melquizael Costa,Morgan Charrière,Melquizael Costa,KO/TKO,
2025-12-13,Sean Sharaf,Steven Asplund,Steven Asplund,KO/TKO,
2025-12-13,King Green,Lance Gibson Jr.,King Green,DEC,
2025-12-13,Joanderson Brito,Isaac Thomson,Joanderson Brito,DEC,
2025-12-20,Bilal Hasan,Renaldy Manse,Bilal Hasan,,
2025-12-21,Maycon Alcino,Hector Santiago,Maycon Alcino,,
2026-01-16,Josiah Harrell,Bekmyrza Dosmatov,Josiah Harrell,,LFA 224: Adams vs. Bilalov
2026-01-16,Gigi Canuto,Janaina Silva,Gigi Canuto,,LFA 224: Adams vs. Bilalov
2026-01-17,Salahdine Parnasse,Marcin Held,Salahdine Parnasse,,KSW 114: Parnasse vs. Held
2026-01-18,Terrance Chatman,Omar El-Sahlah,Terrance Chatman,,
2026-01-24,Ateba Gautier,Andrey Pulyaev,Ateba Gautier,DEC,
2026-01-24,Umar Nurmagomedov,Deiveson Figueiredo,Umar Nurmagomedov,DEC,
2026-01-24,Adam Fugitt,Ty Miller,Ty Miller,KO/TKO,
2026-01-24,Josh Hokit,Denzel Freeman,Josh Hokit,KO/TKO,
2026-01-24,Waldo Cortes Acosta,Derrick Lewis,Waldo Cortes Acosta,KO/TKO,
2026-01-24,Alex Perez,Charles Johnson,Alex Perez,KO/TKO,
2026-01-24,Nikita Krylov,Modestas Bukauskas,Nikita Krylov,KO/TKO,
2026-01-24,Sean O'Malley,Song Yadong,Sean O'Malley,DEC,
2026-01-24,Natalia Silva,Rose Namajunas,Natalia Silva,DEC,
2026-01-24,Arnold Allen,Jean Silva,Jean Silva,DEC,
2026-01-24,Justin Gaethje,Paddy Pimblett,Justin Gaethje,DEC,
2026-01-31,Rafael Fiziev,Mauricio Ruffy,Mauricio Ruffy,KO/TKO,
2026-01-31,Tai Tuivasa,Tallison Teixeira,Tallison Teixeira,DEC,
2026-01-31,Sulangrangbo,Lawrence Lui,Lawrence Lui,DEC,
2026-01-31,Junior Tafa,Billy Elekana,Billy Elekana,SUB,
2026-01-31,Kaan Ofli,Yizha,Kaan Ofli,DEC,
2026-01-31,Jacob Malkoun,Torrez Finney,Jacob Malkoun,DEC,
2026-01-31,Jonathan Micallef,Oban Elliott,Jonathan Micallef,SUB,
2026-01-31,Cam Rowston,Cody Brundage,Cam Rowston,KO/TKO,
2026-01-31,Quillan Salkilld,Jamie Mullarkey,Quillan Salkilld,SUB,
2026-01-31,Sangwook Kim,Dom Mar Fan,Dom Mar Fan,DEC,
2026-01-31,Dan Hooker,Benoit Saint-Denis,Benoit Saint-Denis,KO/TKO,
2026-01-31,Alexander Volkanovski,Diego Lopes,Alexander Volkanovski,DEC,
2026-01-31,Keiichiro Nakamura,Sebastian Szalay,Keiichiro Nakamura,KO/TKO,
2026-02-06,Joe Kropschot,David Allakhverdiev,Joe Kropschot,,LFA 226: Allakhverdiev vs. Kropschot
2026-02-07,Cam Nelson,João Machado,Cam Nelson,,
2026-02-07,Javid Basharat,Gianni Vazquez,Javid Basharat,DEC,
2026-02-07,Muin Gafurov,Jakub Wiklacz,Jakub Wiklacz,SUB,
2026-02-07,Cong Wang,Eduarda Moura,Cong Wang,DEC,
2026-02-07,Mario Bautista,Vinicius Oliveira,Mario Bautista,SUB,
2026-02-07,Michal Oleksiejczuk,Marc-Andre Barriault,Michal Oleksiejczuk,DEC,
2026-02-07,Alex Morono,Daniil Donchenko,Daniil Donchenko,DEC,
2026-02-07,Wang Cong,Eduarda Moura,Wang Cong,,
2026-02-07,Nikolay Veretennikov,Niko Price,Nikolay Veretennikov,KO/TKO,
2026-02-07,Dustin Jacoby,Julius Walker,Dustin Jacoby,KO/TKO,
2026-02-07,Amir Albazi,Kyoji Horiguchi,Kyoji Horiguchi,DEC,
2026-02-07,Klaudia Syguła,Priscila Cachoeira,Klaudia Syguła,DEC,
2026-02-07,Bruna Brasil,Ketlen Souza,Ketlen Souza,DEC,
2026-02-07,Jailton Almeida,Rizvan Kuniev,Rizvan Kuniev,DEC,
2026-02-07,Cameron Nelson,João Machado,Cameron Nelson,,
2026-02-07,Jean Matsumoto,Farid Basharat,Farid Basharat,DEC,
2026-02-20,Gable Steveson,Hugo Lezama,Gable Steveson,,MFL 3
2026-02-21,Chidi Njokuani,Carlos Leal,Carlos Leal,DEC,
2026-02-21,Christian Edwards,Glendal Whitney,Christian Edwards,,Shamrock FC 373: Kansas City
2026-02-21,Ode Osbourne,Alibi Idiris,Alibi Idiris,DEC,
2026-02-21,Phil Rowe,Jean-Paul Lebosnoyani,Jean-Paul Lebosnoyani,DEC,
2026-02-21,Sean Strickland,Anthony Hernandez,Sean Strickland,KO/TKO,
2026-02-21,Geoff Neal,Uroš Medić,Uroš Medić,KO/TKO,
2026-02-21,Dan Ige,Melquizael Costa,Melquizael Costa,KO/TKO,
2026-02-21,Nora Cornolle,Joselyne Edwards,Joselyne Edwards,SUB,
2026-02-21,Jacobe Smith,Josiah Harrell,Jacobe Smith,KO/TKO,
2026-02-21,Jordan Leavitt,Yadier del Valle,Jordan Leavitt,DEC,
2026-02-21,Alden Coria,Luis Gurule,Alden Coria,DEC,
2026-02-21,Serghei Spivac,Ante Delija,Serghei Spivac,DEC,
2026-02-21,Juliana Miller,Carli Judice,Carli Judice,DEC,
2026-02-21,Ramiz Brahimaj,Punahele Soriano,Punahele Soriano,DEC,
2026-02-21,Zach Reese,Michel Pereira,Michel Pereira,DEC,
2026-02-28,Regina Tarin,Ernesta Kareckaite,Regina Tarin,DEC,
2026-02-28,Santiago Luna,Angel Pacheco,Santiago Luna,DEC,
2026-02-28,Erik Silva,Francis Marshall,Francis Marshall,SUB,
2026-02-28,Édgar Cháirez,Felipe Bunes,Édgar Cháirez,DEC,
2026-02-28,Douglas Silva de Andrade,Javier Reyes,Javier Reyes,KO/TKO,
2026-02-28,Ryan Gandra,Jose Daniel Medina,Ryan Gandra,KO/TKO,
2026-02-28,Imanol Rodriguez,Kevin Borjas,Imanol Rodriguez,KO/TKO,
2026-02-28,Marlon Vera,David Martinez,David Martinez,DEC,
2026-02-28,Damian Pinas,Wes Schultz,Damian Pinas,KO/TKO,
2026-02-28,Brandon Moreno,Lone'er Kavanagh,Lone'er Kavanagh,DEC,
2026-02-28,Ailin Perez,Macy Chiasson,Ailin Perez,DEC,
2026-02-28,Cristian Quinonez,Kris Moutinho,Cristian Quinonez,DEC,
2026-02-28,Daniel Zellhuber,King Green,King Green,KO/TKO,
2026-03-07,Caio Borralho,Reinier de Ridder,Caio Borralho,DEC,
2026-03-07,Cody Durden,Nyamjargal Tumendemberel,Nyamjargal Tumendemberel,DEC,
2026-03-07,Rob Font,Raul Rosas Jr.,Raul Rosas Jr.,DEC,
2026-03-07,Max Holloway,Charles Oliveira,Charles Oliveira,DEC,
2026-03-07,Gregory Rodrigues,Brunno Ferreira,Gregory Rodrigues,KO/TKO,
2026-03-07,Donte Johnson,Cody Brundage,Donte Johnson,DEC,
2026-03-07,Sumudaerji,Jesus Aguilar,Sumudaerji,DEC,
2026-03-07,Luke Fernandez,Rodolfo Bellato,Rodolfo Bellato,KO/TKO,
2026-03-07,Rafael Tobias,Diyar Nurgozhay,Diyar Nurgozhay,DEC,
2026-03-07,Drew Dober,Michael Johnson,Drew Dober,KO/TKO,
2026-03-07,Ricky Turcios,Alberto Montes,Alberto Montes,SUB,
2026-03-07,Cody Garbrandt,Xiao Long,Cody Garbrandt,DEC,
2026-03-14,Jose Delgado,Andre Fili,Jose Delgado,,
2026-03-14,Myktybek Orolbai,Chris Curtis,Myktybek Orolbai,,
2026-03-14,Marwan Rahiki,Harry Hardwick,Marwan Rahiki,,
2026-03-14,Charles Johnson,Bruno Silva,Charles Johnson,,
2026-03-14,Manoel Sousa,Bolaji Oki,Manoel Sousa,,
2026-03-14,Vitor Petrino,Steven Asplund,Vitor Petrino,,
2026-03-14,Gillian Robertson,Amanda Lemos,Gillian Robertson,,
2026-03-14,Ion Cutelaba,Oumar Sy,Ion Cutelaba,,
2026-03-15,Anthony Wint,Jamahl Tatum,Anthony Wint,,
2026-03-15,Hector Santiago,Fernando Henrique,Hector Santiago,,
2026-03-21,Movsar Evloev,Lerone Murphy,Movsar Evloev,,
2026-03-21,Brando Pericic,Louie Sutherland,Brando Pericic,,
2026-03-21,Mason Jones,Axel Sola,Mason Jones,,
2026-03-21,Nathaniel Wood,Losene Keita,Nathaniel Wood,,
2026-03-21,Iwo Baraniewski,Austen Lane,Iwo Baraniewski,,
2026-03-21,Danny Silva,Kurtis Campbell,Danny Silva,,
2026-03-21,Mario Pinto,Felipe Franco,Mario Pinto,,
2026-03-21,Christian Leroy Duncan,Roman Dolidze,Christian Leroy Duncan,,
2026-03-21,Luke Riley,Michael Aswell,Luke Riley,,
2026-03-21,Shanelle Dyer,Ravena Oliveira,Shanelle Dyer,,
2026-03-21,Michael Page,Sam Patterson,Michael Page,,
2026-03-28,Fabia Sintes,Abdul Karim Badakhshi,Fabia Sintes,,WOW 28: Barcelona
2026-03-28,Tofiq Musayev,Ignacio Bahamondes,Tofiq Musayev,,
2026-03-28,Alexia Thainara,Bruna Brasil,Alexia Thainara,,
2026-03-28,Navajo Stirling,Bruno Lopes,Navajo Stirling,,
2026-03-28,Lerryan Douglas,Julian Erosa,Lerryan Douglas,,
2026-03-28,Alexa Grasso,Maycee Barber,Alexa Grasso,,
2026-03-28,Casey O'Neill,Gabriella Fernandes,Casey O'Neill,,
2026-03-28,Yousri Belgaroui,Mansur Abdul-Malik,Yousri Belgaroui,,
2026-03-28,Ricky Simon,Adrian Yañez,,Draw,
2026-04-04,Abdul-Rakhman Yakhyaev,Brendson Ribeiro,Abdul-Rakhman Yakhyaev,,
2026-04-04,Thomas Petersen,Guilherme Pat,Thomas Petersen,,
2026-04-04,Tresean Gore,Azamat Bekoev,Tresean Gore,,
2026-04-04,Renato Moicano,Chris Duncan,Renato Moicano,,
2026-04-04,Tommy McMillen,Manolo Zecchini,Tommy McMillen,,
2026-04-05,Ryan Kuse,Leandro Camargo,Ryan Kuse,,
2026-04-11,Dominick Reyes,Johnny Walker,Dominick Reyes,,
2026-04-11,Francesco Nuzzi,Manoel Silva,,Draw,
2026-04-11,Cub Swanson,Nate Landwehr,Cub Swanson,,
2026-04-11,Paulo Costa,Azamat Murzakanov,Paulo Costa,,
2026-04-11,Aaron Pico,Patricio Pitbull,Aaron Pico,,
2026-04-11,Matthieu Letho Duclos,Ilian Bouafia,Matthieu Letho Duclos,,Hexagone MMA 43
2026-04-11,Josh Hokit,Curtis Blaydes,Josh Hokit,,
2026-04-11,Mateusz Gamrot,Esteban Ribovics,Mateusz Gamrot,,
2026-04-11,Vicente Luque,Kelvin Gastelum,Vicente Luque,,
2026-04-12,Myron Dennis,Terrance Chatman,Myron Dennis,,Fury Fighting Championship 118
2026-04-18,Mike Malott,Gilbert Burns,Mike Malott,,
2026-04-18,Jai Herbert,Mandel Nallo,Jai Herbert,,
2026-04-18,Jasmine Jasudavicius,Karine Silva,Jasmine Jasudavicius,,
2026-04-18,Robert Valentin,Julien LeBlanc,Robert Valentin,,
2026-04-18,Gauge Young,Thiago Moises,Gauge Young,,
2026-04-18,Gokhan Saricam,Tanner Boser,Gokhan Saricam,,
2026-04-18,Melissa Croden,Daria Zhelezniakova,Melissa Croden,,
2026-04-18,Charles Jourdain,Kyler Phillips,Charles Jourdain,,
2026-04-18,JJ Aldrich,Jamey-Lyn Horth,JJ Aldrich,,
2026-04-18,Marcio Barbosa,Dennis Buzukja,Marcio Barbosa,,
2026-04-18,John Castaneda,Mark Vologdin,,Draw,
2026-04-25,Ryan Spann,Marcus Buchecha,Ryan Spann,,
2026-04-25,Rafa Garcia,Alexander Hernandez,Rafa Garcia,,
2026-04-25,Eric McConico,Rodolfo Vieira,Eric McConico,,
2026-04-25,Talita Alencar,Julia Polastri,Talita Alencar,,
2026-04-25,Raoni Barcelos,Montel Jackson,Raoni Barcelos,,
2026-04-25,Jackson McVey,Sedriques Dumas,Jackson McVey,,
2026-04-25,Joselyne Edwards,Norma Dumont,Joselyne Edwards,,
2026-05-02,Brando Pericic,Shamil Gaziev,Brando Pericic,,
2026-05-02,Cam Rowston,Robert Bryczek,Cam Rowston,,
2026-05-02,Steve Erceg,Tim Elliott,Steve Erceg,,
2026-05-02,Wes Schultz,Ben Johnston,Wes Schultz,,
2026-05-02,Quillan Salkilld,Beneil Dariush,Quillan Salkilld,,
2026-05-02,Kody Steele,Dom Mar Fan,Kody Steele,,
2026-05-02,Louie Sutherland,Tai Tuivasa,Louie Sutherland,,
2026-05-02,Marwan Rahiki,Ollie Schmid,Marwan Rahiki,,
2026-05-02,Junior Tafa,Kevin Christian,Junior Tafa,,
2026-05-09,Baisangur Susurkaev,Djorden Santos,Baisangur Susurkaev,,
2026-05-09,Yaroslav Amosov,Joel Álvarez,Yaroslav Amosov,,
2026-05-09,Sean Brady,Joaquin Buckley,Sean Brady,,
2026-05-09,Alexander Volkov,Waldo Cortes Acosta,Alexander Volkov,,
2026-05-09,Roman Kopylov,Marco Tulio,Roman Kopylov,,
2026-05-09,Joshua Van,Tatsuro Taira,Joshua Van,,
2026-05-09,Ateba Gautier,Ozzy Diaz,Ateba Gautier,,
2026-05-09,Grant Dawson,Mateusz Rębecki,Grant Dawson,,
2026-05-09,Gianni Vazquez,Kamron Ortikov,Gianni Vazquez,,Combate Global: Mexico vs USA Parte 2
2026-05-09,Jose Ochoa,Clayton Carpenter,Jose Ochoa,,
2026-05-16,Salahdine Parnasse,Kenneth Cross,Salahdine Parnasse,,MVP MMA: Rousey vs. Carano
2026-05-16,Bernardo Sopaj,Timmy Cuamba,Bernardo Sopaj,,
2026-05-16,Dooho Choi,Daniel Santos,Dooho Choi,,
2026-05-16,Robelis Despaigne,Junior Dos Santos,Robelis Despaigne,,MVP MMA: Rousey vs. Carano
2026-05-16,Modestas Bukauskas,Christian Edwards,Modestas Bukauskas,,
2026-05-16,Arnold Allen,Melquizael Costa,Arnold Allen,,
2026-05-16,Tommy Gantt,Artur Minev,Tommy Gantt,,
2026-05-22,Stan Dorsainvil,Dan Holt,Stan Dorsainvil,,
2026-05-22,Richie Miranda,Robert Varricchio,Richie Miranda,,
2026-05-23,Liu Ce,Igor Barabanov,Liu Ce,,
2026-05-23,Hector Santiago,Paulo Nogueira,Hector Santiago,,
2026-05-29,Namsrai Batbayar,Shuai Yin,Namsrai Batbayar,,
2026-05-29,Lucas Fernando,Leon Soares,Lucas Fernando,,
2026-05-30,Alonzo Menifield,Zhang Mingyang,Alonzo Menifield,,
2026-05-30,Alex Perez,Sumudaerji,,Draw,
2026-05-30,Rodrigo Vera,Zhu Kangjie,Rodrigo Vera,,
2026-05-30,Song Yadong,Deiveson Figueiredo,Song Yadong,,
2026-05-30,Angela Hill,Jingnan Xiong,Angela Hill,,
2026-05-30,Luis Felipe Dias,Yi Sak Lee,Luis Felipe Dias,,
2026-05-30,Rei Tsuruya,Luis Gurule,Rei Tsuruya,,
2026-05-30,Kai Asakura,Cameron Smotherman,Kai Asakura,,
2026-05-30,Cody Haddon,Aoriqileng,Cody Haddon,,
2026-05-30,Jose Henrique,Ding Meng,Jose Henrique,,
2026-06-06,Gabriel Bonfim,Belal Muhammad,Gabriel Bonfim,,
2026-06-06,Cam Nelson,Luis Guerrero,Cam Nelson,,
2026-06-06,Édgar Cháirez,Bruno Silva,Édgar Cháirez,,
2026-06-06,Joanderson Brito,Jordan Leavitt,Joanderson Brito,,
2026-06-06,Cameron Nelson,Luis Guerrero,Cameron Nelson,,
2026-06-06,Tom Nolan,Farés Ziam,Tom Nolan,,
2026-06-06,Brendan Allen,Edmen Shahbazyan,Brendan Allen,,
2026-06-06,Jeisla Chaves,Yuneisy Duben,Jeisla Chaves,,
2026-06-06,Chelsea Chandler,Priscila Cachoeira,Chelsea Chandler,,
2026-06-06,Iwo Baraniewski,Junior Tafa,Iwo Baraniewski,,
2026-06-07,Jessie Rosas,Erick Ruano,Jessie Rosas,,
2026-06-15,Mauricio Ruffy,Michael Chandler,Mauricio Ruffy,,
2026-06-15,Bo Nickal,Kyle Daukaus,Bo Nickal,,
2026-06-20,Kevin Borjas,Andre Lima,Kevin Borjas,,
2026-06-20,Gaston Bolanos,Michael Aswell,Gaston Bolanos,,
2026-06-27,Abus Magomedov,Michal Oleksiejczuk,Abus Magomedov,,
2026-06-27,Abdul-Rakhman Yakhyaev,Julius Walker,Abdul-Rakhman Yakhyaev,,
2026-06-27,Ikram Aliskerov,Brunno Ferreira,Ikram Aliskerov,,
2026-06-27,Farman Hasanov,Eric Nolan,Farman Hasanov,,
2026-06-27,Daniil Donchenko,Theodor Berggren,Daniil Donchenko,,
2026-06-27,Asu Almabayev,Charles Johnson,Asu Almabayev,,
2026-06-27,Nursulton Ruziboev,Andrey Pulyaev,Nursulton Ruziboev,,
2026-07-11,Tracy Cortez,Cong Wang,Cong Wang,DEC,
2026-07-11,Ryan Gandra,Zach Reese,Ryan Gandra,KO/TKO,
2026-07-11,Nikita Krylov,Robert Whittaker,Robert Whittaker,KO/TKO,
2026-07-11,Terrance McKinney,King Green,King Green,KO/TKO,
2026-07-11,Gable Steveson,Elisha Ellison,Gable Steveson,KO/TKO,
2026-07-11,Farid Basharat,John Garza,Farid Basharat,DEC,
2026-07-11,Cesar Almeida,Damian Pinas,Damian Pinas,KO/TKO,
2026-07-11,Alessandro Costa,Cody Durden,Alessandro Costa,SUB,
2026-07-11,Cody Garbrandt,Adrian Yanez,Adrian Yanez,KO/TKO,
2026-07-11,Luke Riley,Kai Kamaka III,Luke Riley,KO/TKO,
2026-07-12,Cory Sandhagen,Mario Bautista,Mario Bautista,DEC,
2026-07-12,Benoit Saint-Denis,Paddy Pimblett,Paddy Pimblett,SUB,
2026-07-12,Brandon Royval,Lone'er Kavanagh,Brandon Royval,SUB,
2026-07-12,Conor McGregor,Max Holloway,Max Holloway,KO/TKO,
2026-07-18,Jean-Paul Lebosnoyani,Seokhyeon Ko,Jean-Paul Lebosnoyani,DEC,
2026-07-18,Dione Barbosa,Anna Melisano,Dione Barbosa,SUB,
2026-07-18,Ezra Elliott,Damien Anderson,Ezra Elliott,DEC,
2026-07-18,Alden Coria,Stewart Nicoll,Alden Coria,DEC,
2026-07-18,RJ Harris,Alvin Hines,RJ Harris,KO/TKO,
2026-07-18,Jared Cannonier,Christian Leroy Duncan,Christian Leroy Duncan,DEC,
2026-07-18,Tabatha Ricci,Fatima Kline,Fatima Kline,DEC,
2026-07-18,Chase Hooper,Mitch Ramirez,Chase Hooper,SUB,
2026-07-18,Felipe Franco,Levi Rodrigues Jr.,Felipe Franco,KO/TKO,
2026-07-18,Tommy McMillen,Alberto Montes,Tommy McMillen,KO/TKO,
2026-07-18,Dricus Du Plessis,Kamaru Usman,Dricus Du Plessis,DEC,
2026-07-18,Austin Bashi,Jose Delgado,Jose Delgado,DEC,
2026-07-19,Terrance Chatman,Juan Torres,Terrance Chatman,,
2026-07-22,Nilson Rojas,Gonzalo Hanampa,Nilson Rojas,,
2026-07-23,Pavel Andrusca,Gexipengchu,Pavel Andrusca,,UAE Warriors 72
2026-07-25,Abubakar Vagaev,Saygid Izagakhmaev,Abubakar Vagaev,DEC,
2026-07-25,Muhammad Said,Dustin Jacoby,Muhammad Said,KO/TKO,
2026-07-25,Sam Patterson,Santiago Ponzinibbio,Sam Patterson,KO/TKO,
2026-07-25,Abdul Hussein,Cody Gibson,Abdul Hussein,SUB,
2026-07-25,Nurullo Aliev,Mike Davis,Nurullo Aliev,DEC,
2026-07-25,Magomed Zaynukov,Damian Rzepecki,Magomed Zaynukov,DEC,
2026-07-25,Magomed Ankalaev,Bogdan Guskov,Magomed Ankalaev,KO/TKO,
2026-07-25,Magomed Tuchalov,Brendson Ribeiro,Magomed Tuchalov,DEC,
2026-07-25,Ramazan Temirov,Steve Erceg,Ramazan Temirov,KO/TKO,
2026-07-25,Valter Walker,Thomas Petersen,Valter Walker,SUB,
2026-07-25,Axel Sola,Ismael Bonfim,Axel Sola,SUB,
2026-07-25,Rizvan Kuniev,Tyrell Fortune,Rizvan Kuniev,KO/TKO,
2026-08-01,Navajo Stirling,Jan Blachowicz,Navajo Stirling,KO/TKO,
2026-08-01,Gilbert Urbina,Vlasto Čepo,Gilbert Urbina,KO/TKO,
2026-08-01,Aleksandar Rakic,Marcin Tybura,Aleksandar Rakic,DEC,
2026-08-01,Stephanie Luciano,Marina Spasić,Stephanie Luciano,SUB,
2026-08-01,Bogdan Grad,Dennis Buzukja,Bogdan Grad,SUB,
2026-08-01,Tofiq Musayev,Ludovit Klein,Tofiq Musayev,KO/TKO,
2026-08-01,Michael Oliveira,Oban Elliott,Michael Oliveira,KO/TKO,
2026-08-01,Robert Valentin,Duško Todorović,Robert Valentin,SUB,
2026-08-01,Uroš Medić,Daniel Rodriguez,Uroš Medić,KO/TKO,
2026-08-01,Nina Milošević,Hailey Cowan,Nina Milošević,KO/TKO,
2026-08-01,Mateusz Rębecki,Kyle Prepolec,Mateusz Rębecki,KO/TKO,
2026-08-01,Borislav Nikolic,Mark Vologdin,Borislav Nikolic,DEC,
2026-08-01,Noah Gugnon,Milos Janicic,Noah Gugnon,SUB,
2026-08-01,Jovan Leka,Alexander Poppeck,Jovan Leka,KO/TKO,
2026-08-08,Juliana Miller,Ravena Oliveira,Juliana Miller,SUB,
2026-08-08,Quillan Salkilld,Mateusz Gamrot,Quillan Salkilld,SUB,
2026-08-08,Miles Johns,Gianni Vazquez,Miles Johns,KO/TKO,
2026-08-08,Steven Asplund,Guilherme Pat,Steven Asplund,DEC,
2026-08-08,Alexia Thainara,Amanda Lemos,Alexia Thainara,DEC,
2026-08-08,Manoel Sousa,Richie Miranda,Manoel Sousa,DEC,
2026-08-08,Diyar Nurgozhay,Bruno Lopes,Diyar Nurgozhay,KO/TKO,
2026-08-08,Yadier del Valle,Darren Elkins,Yadier del Valle,KO/TKO,
2026-08-08,Diego Ferreira,Billy Quarantillo,Diego Ferreira,DEC,
2026-08-08,Ty Miller,Billy Ray Goff,Ty Miller,KO/TKO,
2026-08-08,Carol Foro,Gigi Canuto,Carol Foro,DEC,
2026-08-08,José Montanha,Louie Sutherland,José Montanha,SUB,
2026-08-11,Bilal Hasan,Mridul Saikia,Bilal Hasan,,
2026-08-11,Anthony Wint,Matt Adams,Anthony Wint,,
2026-08-11,Joe Kropschot,Jon Kunneman,Joe Kropschot,,
2026-08-15,Donte Johnson,Eric McConico,Donte Johnson,KO/TKO,
2026-08-15,Lucas Fernando,Rafael Tobias,Lucas Fernando,KO/TKO,
2026-08-15,Jeremiah Wells,Myktybek Orolbai,Jeremiah Wells,SUB,
2026-08-15,Neil Magny,Ramiz Brahimaj,Neil Magny,KO/TKO,
2026-08-15,Tresean Gore,Vicente Luque,Tresean Gore,DEC,
2026-08-16,Mackenzie Dern,Gillian Robertson,Mackenzie Dern,DEC,
2026-08-16,Islam Makhachev,Ian Machado Garry,Islam Makhachev,DEC,
2026-08-16,Jalin Turner,Kauê Fernandes,Jalin Turner,KO/TKO,
2026-08-16,Charles Johnson,Eduardo Chapolin,Charles Johnson,SUB,
2026-08-16,Esteban Ribovics,Edson Barboza,Esteban Ribovics,KO/TKO,
2026-08-16,Dustin Stoltzfus,Mansur Abdul-Malik,Dustin Stoltzfus,SUB,
2026-08-16,Chidi Njokuani,Joel Álvarez,Chidi Njokuani,DEC,
2026-08-22,Marcio Barbosa,Ryan Kuse,Marcio Barbosa,KO/TKO,
2026-08-22,Jamall Emmers,Lerryan Douglas,Jamall Emmers,KO/TKO,
2026-08-22,Chris Padilla,Nasrat Haqparast,Chris Padilla,SUB,
2026-08-22,Shanelle Dyer,Elise Reed,Shanelle Dyer,KO/TKO,
2026-08-22,Shamil Gaziev,Kennedy Nzechukwu,Shamil Gaziev,KO/TKO,
2026-08-22,Stan Dorsainvil,Gauge Young,Stan Dorsainvil,DEC,
2026-08-22,Jackson McVey,Wes Schultz,Jackson McVey,KO/TKO,
2026-08-23,Gregory Rodrigues,Anthony Hernandez,Gregory Rodrigues,DEC,
2026-08-23,Anthony Wint,Terrance Chatman,Anthony Wint,SUB,
2026-08-23,Reinier de Ridder,Roman Dolidze,Reinier de Ridder,KO/TKO,
2026-08-23,MarQuel Mederos,Mason Jones,MarQuel Mederos,KO/TKO,
2026-08-23,Vitor Petrino,Serghei Spivac,Vitor Petrino,DEC,
2026-08-23,Carli Judice,Jeisla Chaves,Carli Judice,KO/TKO,
2026-08-29,Kai Asakura,Aoriqileng,Kai Asakura,KO/TKO,
2026-08-29,Bilal Hasan,Nilson Rojas,Bilal Hasan,KO/TKO,
2026-08-29,Sumudaerji,Alex Perez,Sumudaerji,DEC,
2026-08-29,Hector Santiago,Lawrence Lui,Hector Santiago,KO/TKO,
2026-08-29,Liu Ce,Levi Rodrigues Jr.,Liu Ce,KO/TKO,
2026-08-29,Cam Nelson,Ding Meng,Cam Nelson,DEC,
2026-08-29,Denise Gomes,Yan Xiaonan,Denise Gomes,KO/TKO,
2026-08-29,Andre Lima,Namsrai Batbayar,Andre Lima,SUB,
2026-08-29,Sean Woodson,Jack Jenkins,Sean Woodson,DEC,
2026-08-29,Julia Polastri,Jingnan Xiong,Julia Polastri,KO/TKO,
2026-08-29,Francesco Nuzzi,Xiao Long,Francesco Nuzzi,KO/TKO,
2026-08-29,Song Yadong,Umar Nurmagomedov,Song Yadong,KO/TKO,
2026-08-29,Rei Tsuruya,Kevin Borjas,Rei Tsuruya,SUB,
2026-09-05,Delphine Benouaich,Sofia Montenegro,Delphine Benouaich,SUB,
2026-09-05,Matthieu Letho Duclos,Luis Felipe Dias,Matthieu Letho Duclos,KO/TKO,
2026-09-05,Nora Cornolle,Klaudia Syguła,Nora Cornolle,DEC,
2026-09-05,Fabia Sintes,Michael Aljarouj,Fabia Sintes,DEC,
2026-09-05,Pavel Andrusca,Nathaniel Wood,Pavel Andrusca,DEC,
2026-09-05,Modestas Bukauskas,Oumar Sy,Modestas Bukauskas,KO/TKO,
2026-09-05,Mario Pinto,Ryan Spann,Mario Pinto,KO/TKO,
2026-09-05,Morgan Charrière,Felipe Lima,,Draw,
2026-09-05,Losene Keita,Muhammad Naimov,Losene Keita,KO/TKO,
2026-09-05,Kurtis Campbell,Trevor Peek,Kurtis Campbell,SUB,
2026-09-05,Daniil Donchenko,Punahele Soriano,Daniil Donchenko,DEC,
2026-09-05,Michael Page,Nursulton Ruziboev,Michael Page,DEC,
